suite,scenario,budget,initialization,algorithm,theta,objective_mean,objective_std,violation_rate_mean,violation_rate_std,jain_mean,jain_std,r_hat_mean,r_hat_std,initial_objective_mean,initial_objective_std,initial_to_final_gain_pct_mean,initial_to_final_gain_pct_std,scout_count_mean,scout_count_std,accepted_neighbors_mean,accepted_neighbors_std,runtime_s_mean,runtime_s_std
controlled,S2,320,greedy,DE-RK,0.8,0.20988005848837074,0.03317566284893183,0.059,0.047892423310230574,0.9917725349641021,0.0085871915325531,0.001318336340175165,0.0006279359903296636,0.20988005848837074,0.03317566284893183,3.835954601979064e-15,1.0559306656933062e-14,-1.0,0.0,-1.0,0.0,0.5048411600004329,0.07274934682083861
controlled,S2,320,greedy,LSHADE-lite,0.8,0.2068499993350271,0.03125794328467019,0.05500000000000001,0.03831998241951031,0.992433713587964,0.007734544404978249,0.00137305696138225,0.000702762852541659,0.20988005848837074,0.03317566284893183,1.3223216732041942,2.7857292359476333,-1.0,0.0,-1.0,0.0,0.5114163999998709,0.06863291976367386
controlled,S2,320,greedy,No-fair-selection,0.8,0.19700736841766114,0.028963443107447542,0.05,0.04129483209670112,0.9937168282371085,0.006836563777448894,0.0014569602682215099,0.0006499585809955115,0.20988005848837074,0.03317566284893183,5.841841294235417,5.611750193935138,0.1,0.30779350562554625,82.15,14.124540048403254,0.5082922450001206,0.08682241493426494
controlled,S2,320,greedy,No-risk-sampling,0.8,0.2021627828085571,0.03154339139609307,0.06,0.05271572221283753,0.9925072106489342,0.007853536486401538,0.001382383421691655,0.0006588657594797826,0.20988005848837074,0.03317566284893183,3.591093943588151,3.341367666390756,0.1,0.3077935056255462,70.55,7.472581460526918,0.5146362600004067,0.08427732128707978
controlled,S2,320,greedy,Plain-ABC,0.8,0.2027708563894334,0.031111005526862964,0.05500000000000001,0.041485571366186434,0.9919078793964056,0.008121707200096142,0.00130540084721929,0.0006606075515650048,0.20988005848837074,0.03317566284893183,3.270675344446102,3.047803677747164,0.0,0.0,62.7,6.890878792020344,0.4557755000001634,0.08047964165308748
controlled,S2,320,greedy,RFOTO-ABC,0.8,0.19740153433753407,0.029323053378795115,0.051000000000000004,0.0422897275071805,0.9936147083473916,0.0069031485194770035,0.00143191909885281,0.00067778976048885,0.20988005848837074,0.03317566284893183,5.688665128291324,5.4496644166165655,0.0,0.0,83.35,12.478507839270561,0.5124326500001188,0.0895667187127205
controlled,S2,320,greedy,Random-scout,0.8,0.19740153433753407,0.029323053378795115,0.051000000000000004,0.0422897275071805,0.9936147083473916,0.0069031485194770035,0.00143191909885281,0.00067778976048885,0.20988005848837074,0.03317566284893183,5.688665128291324,5.4496644166165655,0.0,0.0,83.35,12.478507839270561,0.5110515700005636,0.08777661882391574
controlled,S2,320,greedy,Uniform-allocation,0.8,0.17545739646335917,0.0285547796156142,0.033,0.027739388677664227,0.9944880761587893,0.006488258633164708,0.0018935624585853547,0.0011383022723636144,0.17907418978354658,0.02856800761590853,1.9712060544108845,3.7335655092829247,0.3,0.5712405705774795,63.35,8.343134587002783,0.34800909000041425,0.051609587461827804
controlled,S2,320,random,DE-RK,0.8,0.556925604714961,0.04767257851523869,0.527,0.046009152407571675,0.9094799738270284,0.014320239797018226,0.0028812452244994036,0.0013960271561008835,0.6004136141304357,0.0729697170156679,6.677416059582425,7.02048201737008,-1.0,0.0,-1.0,0.0,0.5479519500000606,0.07091747619510531
controlled,S2,320,random,LSHADE-lite,0.8,0.43746914147918936,0.05004731355662102,0.40499999999999997,0.07619227754762774,0.938979265279214,0.011749939886339694,0.003138562839657035,0.0016660664898450043,0.6004136141304357,0.0729697170156679,26.609217749756464,8.786144099874484,-1.0,0.0,-1.0,0.0,0.5908620949994656,0.07181334956020329
controlled,S2,320,random,Plain-ABC,0.8,0.5208210475961134,0.04760431679362623,0.454,0.06125013426408485,0.920324773315936,0.01518938113925126,0.003295796956350115,0.0016038409960795672,0.6004136141304357,0.0729697170156679,12.770650702136802,6.658160782247369,0.0,0.0,79.3,8.676040814249687,0.5328749949996563,0.06645827035069952
controlled,S2,320,random,RFOTO-ABC,0.8,0.4557363859518128,0.05845595340789309,0.417,0.05242538557446743,0.9430899694748046,0.016235166557731346,0.003291534316524785,0.0016053685782793966,0.6004136141304357,0.0729697170156679,24.031609439461512,5.495893232169434,0.0,0.0,101.9,13.210442440496996,0.5890662300003896,0.06494104812648523
controlled,S2,1000,greedy,DE-RK,0.8,0.20988005848837074,0.03317566284893183,0.059,0.047892423310230574,0.9917725349641021,0.0085871915325531,0.001318336340175165,0.0006279359903296636,0.20988005848837074,0.03317566284893183,3.835954601979064e-15,1.0559306656933062e-14,-1.0,0.0,-1.0,0.0,1.5103881349994481,0.2042866784313666
controlled,S2,1000,greedy,LSHADE-lite,0.8,0.19445735304249004,0.025970078275236338,0.052000000000000005,0.03693522067506555,0.9938070576939158,0.006317727123989924,0.0015520808647130602,0.0007370618286128681,0.20988005848837074,0.03317566284893183,6.88798026730281,5.610619304820239,-1.0,0.0,-1.0,0.0,1.4902328600004693,0.19576170738489626
controlled,S2,1000,greedy,No-fair-selection,0.8,0.18798525732199142,0.02849423372329045,0.048,0.03636076543690871,0.9943365996038036,0.006359625490343659,0.0014574501869752,0.0007059358466331622,0.20988005848837074,0.03317566284893183,9.994185356473912,7.967806243647036,0.35,0.5871429486123999,217.4,25.313611898905712,1.5974508950002928,0.20479182904027235
controlled,S2,1000,greedy,No-risk-sampling,0.8,0.19226839561173678,0.02844943188380269,0.048,0.032702808506465106,0.9933322257527077,0.006942355469475458,0.001496929940768215,0.0007510527457171683,0.20988005848837074,0.03317566284893183,8.080724513856172,5.856216487135867,0.35,0.5871429486123998,215.85,15.825612152457168,1.6394084200004726,0.20518931609058425
controlled,S2,1000,greedy,Plain-ABC,0.8,0.19347427648312335,0.030502820069067065,0.05500000000000001,0.03886549003665686,0.9919179604472367,0.0074232956833431745,0.001505995467802475,0.0008282258827068977,0.20988005848837074,0.03317566284893183,7.685534072878896,5.073372179464147,0.2,0.5231483637805969,190.3,12.519878929967838,1.4692586649998702,0.19893159420420792
controlled,S2,1000,greedy,RFOTO-ABC,0.8,0.18808162474781848,0.02856884366106695,0.047,0.03510885328442626,0.994342039481413,0.006328277021134704,0.0014574383310831701,0.0008433796387754235,0.20988005848837074,0.03317566284893183,10.006080107903799,7.5038138137770005,0.35,0.5871429486123998,218.3,26.386001073136846,1.5839823950005667,0.21184259801450575
controlled,S2,1000,greedy,Random-scout,0.8,0.18800040333889056,0.028806819176897595,0.049,0.0358211933739908,0.9943413430025391,0.006329527061450985,0.00145931038619385,0.0008419556578920486,0.20988005848837074,0.03317566284893183,10.059426096280422,7.480324372143212,0.3,0.47016234598162726,218.8,26.08205674808883,1.5855015950000961,0.21346211215592337
controlled,S2,1000,greedy,Uniform-allocation,0.8,0.17429103486471204,0.028044957217931266,0.033,0.02696976865033572,0.9941716650434878,0.006290708029862749,0.001873698951847725,0.0010616763767492688,0.17907418978354658,0.02856800761590853,2.5873240554114774,4.006973064183412,3.1,0.8522416262267903,185.55,19.489470841564955,1.1037933699997666,0.12567493888383297
controlled,S2,1000,random,DE-RK,0.8,0.5325632528378136,0.047331143061124833,0.532,0.0675589411278462,0.9200357434691288,0.011650475586892065,0.003155707949724975,0.0015747859056484768,0.6004136141304357,0.0729697170156679,10.733529428767259,7.424378542136908,-1.0,0.0,-1.0,0.0,1.7266646449999825,0.2141917925173489
controlled,S2,1000,random,LSHADE-lite,0.8,0.3425508418096851,0.042243428478412046,0.3,0.0739843511191814,0.9632178544239688,0.010645919521798969,0.00266344284762462,0.0013940448971231137,0.6004136141304357,0.0729697170156679,42.47733255504381,7.719666304846468,-1.0,0.0,-1.0,0.0,1.8167306749986891,0.22804702889687722
controlled,S2,1000,random,Plain-ABC,0.8,0.44052854921749074,0.04880225081268661,0.398,0.06614179345999972,0.9362024897448423,0.017724469108982795,0.0032888199123469603,0.0013726238976296394,0.6004136141304357,0.0729697170156679,26.376500262027797,5.5323845358053,0.0,0.0,228.5,13.82408272392402,1.6809796699995787,0.22020047567785878
controlled,S2,1000,random,RFOTO-ABC,0.8,0.34693259551309946,0.038749191124379134,0.31,0.061729460679561046,0.9755122315309143,0.010877942991873966,0.00287161801707452,0.0013572714171653953,0.6004136141304357,0.0729697170156679,41.93859497232304,5.4628654989485295,0.0,0.0,260.15,28.06060171167134,1.807682690000729,0.2237407717141336
controlled,S4,320,greedy,DE-RK,0.8,0.3058836628644911,0.03961093208128374,0.144,0.02980639281482379,0.9789917196449144,0.007098778923644797,0.00176311904555515,0.00071876976175437,0.3058836628644911,0.03961093208128373,-7.822680329582937e-16,7.582263981066067e-15,-1.0,0.0,-1.0,0.0,0.8297777100000531,0.03133485654674058
controlled,S4,320,greedy,LSHADE-lite,0.8,0.3042532126512888,0.037597095035887755,0.14650000000000002,0.03703128122916738,0.9792845980770517,0.006825996649282737,0.0018111409887916652,0.000756367828444592,0.3058836628644911,0.03961093208128373,0.46518325572572705,1.3241329002854239,-1.0,0.0,-1.0,0.0,0.820230530000481,0.03265858512229419
controlled,S4,320,greedy,No-fair-selection,0.8,0.29721119064501617,0.03793225897214544,0.14350000000000002,0.03587624929055286,0.9802994140633305,0.007829110323888899,0.001718183344843765,0.0007821352915064374,0.3058836628644911,0.03961093208128373,2.732392109351566,3.775006191010881,0.05,0.22360679774997894,66.35,8.493186123376539,0.8369449049994728,0.046170029912966384
controlled,S4,320,greedy,No-risk-sampling,0.8,0.29954974253037714,0.034129111955525815,0.142,0.02566997016790344,0.9795555646352844,0.006435402771748792,0.001811918256240605,0.0006448237208264259,0.3058836628644911,0.03961093208128373,1.8896418313547811,2.4571191606398033,0.0,0.0,57.55,7.38045070653405,0.8388490099991032,0.04775229931842744
controlled,S4,320,greedy,Plain-ABC,0.8,0.300852805754512,0.039509214978903376,0.14450000000000002,0.029464519251751625,0.9787160752652746,0.007199606918428903,0.0017271462277158901,0.0007766335522456743,0.3058836628644911,0.03961093208128373,1.6423284329083163,1.6541247688471168,0.05,0.22360679774997894,43.85,6.132527597723642,0.7704282949995104,0.0447507052737447
controlled,S4,320,greedy,RFOTO-ABC,0.8,0.29552478305321794,0.03482379683911458,0.14250000000000002,0.03242400020777332,0.9810396917097222,0.006289119722977548,0.00183155503472723,0.0007810570724955706,0.3058836628644911,0.03961093208128373,3.1880507426045277,3.7651818553494665,0.0,0.0,66.35,7.22768799023661,0.8393809750006767,0.04994772506322984
controlled,S4,320,greedy,Random-scout,0.8,0.29552478305321794,0.03482379683911458,0.14250000000000002,0.03242400020777332,0.9810396917097222,0.006289119722977548,0.00183155503472723,0.0007810570724955706,0.3058836628644911,0.03961093208128373,3.1880507426045277,3.7651818553494665,0.0,0.0,66.35,7.22768799023661,0.8343145700000605,0.04887983283387338
controlled,S4,320,greedy,Uniform-allocation,0.8,0.2749103136583462,0.03126555111642616,0.11950000000000001,0.02584875035155166,0.980816500210819,0.0063980748159119805,0.001917159689273405,0.0008153627650544187,0.27642801854946286,0.031246798685515456,0.5530328154417654,0.7110400252493668,0.2,0.41039134083406165,60.0,9.915431885383724,0.5577758749990608,0.03770676793203598
controlled,S4,320,random,DE-RK,0.8,0.6981766149321463,0.03992965923831044,0.646,0.037190830788473156,0.884516817418573,0.008235114486556807,0.001869062564185435,0.0007779935814674894,0.7116581675936662,0.04988188469303591,1.8003651306611477,1.947881113224691,-1.0,0.0,-1.0,0.0,0.8651841349994356,0.028284445617374396
controlled,S4,320,random,LSHADE-lite,0.8,0.6196758839332163,0.025919320842029154,0.5934999999999999,0.032811262507992885,0.8980559928415804,0.00860891346656009,0.00232184401309739,0.000978749070046524,0.7116581675936662,0.04988188469303591,12.694711654856953,4.2008389725441075,-1.0,0.0,-1.0,0.0,0.9247507500007487,0.030578527634947027
controlled,S4,320,random,Plain-ABC,0.8,0.6834956347697122,0.05449310698656163,0.6214999999999999,0.041329866860865205,0.8871163290182036,0.010366931130318911,0.001883053247386485,0.0009916220300262128,0.7116581675936662,0.04988188469303591,3.9963458879794893,2.5317562876899724,0.0,0.0,47.75,7.1515548548623515,0.8566031300004397,0.04347146435749889
controlled,S4,320,random,RFOTO-ABC,0.8,0.6203851417906331,0.04383260410274879,0.5820000000000001,0.033497839678968744,0.9034268658069875,0.01208049083463105,0.002212773556451425,0.0009890230807643658,0.7116581675936662,0.04988188469303591,12.721319136552145,4.383187775782577,0.0,0.0,79.15,10.080074143419887,0.9466636200002541,0.038506214326990626
controlled,S4,1000,greedy,DE-RK,0.8,0.3058836628644911,0.03961093208128374,0.144,0.02980639281482379,0.9789917196449144,0.007098778923644797,0.00176311904555515,0.00071876976175437,0.3058836628644911,0.03961093208128373,-7.822680329582937e-16,7.582263981066067e-15,-1.0,0.0,-1.0,0.0,2.4166196650006895,0.1467183827010858
controlled,S4,1000,greedy,LSHADE-lite,0.8,0.2997610407616765,0.03325429070801525,0.149,0.04506136167260676,0.9793958117174923,0.007436186514965717,0.00188005645030619,0.0007794062159587464,0.3058836628644911,0.03961093208128373,1.773223777416027,2.8441394070104087,-1.0,0.0,-1.0,0.0,2.3975052950001556,0.10368901348128538
controlled,S4,1000,greedy,No-fair-selection,0.8,0.29166360520627727,0.03369592914153637,0.138,0.035481648332920675,0.9811943825663227,0.006482852970495144,0.001731855852208945,0.000764004433120979,0.3058836628644911,0.03961093208128373,4.363081295546927,5.188446231252837,1.1,0.7181848464596078,193.25,17.53755369125592,2.6211104199996043,0.10927204479778654
controlled,S4,1000,greedy,No-risk-sampling,0.8,0.2940875003004913,0.03542766007160109,0.1385,0.025807995497111887,0.9794833185372713,0.00636412935550452,0.00187827364292469,0.0007215648003227359,0.3058836628644911,0.03961093208128373,3.7377304670935834,2.6420543255760216,0.25,0.44426165831931924,182.65,15.62479473549384,2.6164353550011583,0.11425472694477057
controlled,S4,1000,greedy,Plain-ABC,0.8,0.29323426021513443,0.03391664959072634,0.142,0.027260922485067198,0.9793820801744971,0.005870285084933813,0.0018169580292639702,0.0007981521321028939,0.3058836628644911,0.03961093208128373,3.949981326833047,3.0294476647576265,0.65,0.6708203932499369,136.9,10.078115947568353,2.420081970000683,0.11315361256927368
controlled,S4,1000,greedy,RFOTO-ABC,0.8,0.29336955910622764,0.0347198051465547,0.144,0.037472797150943905,0.9808163050826542,0.006990455950669437,0.00168861316994217,0.0007337128093624605,0.3058836628644911,0.03961093208128373,3.877239963277251,4.265585963804478,1.25,0.7863975156570493,189.95,13.820179753572404,2.5980017949998,0.09090386646883845
controlled,S4,1000,greedy,Random-scout,0.8,0.2931837395755999,0.034092548958218005,0.14150000000000001,0.032811262507992905,0.9805586331479121,0.007557394145386766,0.00166770921107966,0.0007521622657210628,0.3058836628644911,0.03961093208128373,3.9189593320836087,4.317575720644523,1.35,0.9880869341680844,189.1,16.51761420264343,2.6194110999993425,0.10705385033779641
controlled,S4,1000,greedy,Uniform-allocation,0.8,0.2728229407182039,0.030641014166790576,0.1165,0.02601113122046831,0.9815343776281363,0.005566842482230512,0.00197079997013328,0.0007651084877523725,0.27642801854946286,0.031246798685515456,1.2825476423427682,1.517350237560241,2.65,1.0894228312566054,189.0,16.638572813290143,1.730955840000388,0.062303398738858325
controlled,S4,1000,random,DE-RK,0.8,0.6817720591487761,0.04018121140564478,0.6395000000000001,0.03363503812207866,0.8869328815317268,0.012033057683052201,0.00218285100889273,0.000813289369063688,0.7116581675936662,0.04988188469303591,4.0855374165497285,3.1767614146123453,-1.0,0.0,-1.0,0.0,2.716994530000375,0.09584404348918556
controlled,S4,1000,random,LSHADE-lite,0.8,0.5559019872578708,0.0251203996568087,0.5585,0.024338619949632108,0.9100858841332002,0.0073022503403895765,0.00187160826260283,0.0009241511740350138,0.7116581675936662,0.04988188469303591,21.632336182957445,4.868024453292947,-1.0,0.0,-1.0,0.0,2.868301875000543,0.11225860926987684
controlled,S4,1000,random,Plain-ABC,0.8,0.6366734498197196,0.04489444164786268,0.575,0.04501461750891241,0.8966856175444619,0.008338036283337477,0.00198336834694061,0.0008070221632334711,0.7116581675936662,0.04988188469303591,10.506149590443545,2.629843576001173,0.4,0.5026246899500346,143.9,17.19210345049818,2.6744591949995082,0.11542437758769761
controlled,S4,1000,random,RFOTO-ABC,0.8,0.5270935581721795,0.039494098305321405,0.512,0.04007886961322243,0.9301510557443089,0.012387081861936902,0.002292418864322635,0.000793758399111266,0.7116581675936662,0.04988188469303591,25.853494580524178,4.050606837102712,0.0,0.0,226.2,17.984203595026628,2.9430777850015146,0.09437804206392689
controlled,S6,320,greedy,DE-RK,0.8,0.379926578273359,0.02659745854230295,0.313,0.049375041638889845,0.9674491889824758,0.005451550961257634,0.001275497244684585,0.0005417280006070539,0.379926578273359,0.02659745854230295,-3.13328708224888e-17,4.422768296499295e-15,-1.0,0.0,-1.0,0.0,1.2653455000006943,0.07320032649954279
controlled,S6,320,greedy,LSHADE-lite,0.8,0.3797475747697775,0.02641320507738311,0.31275,0.049642803050762976,0.9675183187676988,0.005367750529684371,0.001287276517053255,0.0005291079001492017,0.379926578273359,0.02659745854230295,0.04394674520931928,0.18327059840970447,-1.0,0.0,-1.0,0.0,1.2424073099999078,0.07477242948118606
controlled,S6,320,greedy,No-fair-selection,0.8,0.37497192419231856,0.025535955441173864,0.3095,0.049627560254782876,0.9688117275461361,0.005197366534889524,0.001273517072070935,0.0004259966407415171,0.379926578273359,0.02659745854230295,1.2802725918680085,1.4898464163090122,0.1,0.3077935056255462,64.8,6.802476329288204,1.2770947950008122,0.08683082252567384
controlled,S6,320,greedy,No-risk-sampling,0.8,0.3776779171507171,0.02638179123821492,0.31,0.051427004988675584,0.9675519358954409,0.00553932809872306,0.0012789956959526351,0.00048553764007317396,0.379926578273359,0.02659745854230295,0.5885203550632027,0.6237049853789173,0.0,0.0,50.5,6.320393059063069,1.2904255699999339,0.09453121106586579
controlled,S6,320,greedy,Plain-ABC,0.8,0.3777450569204267,0.025674721345802544,0.3115,0.05016026945281441,0.9674323199587687,0.005390049333925234,0.00128706654213954,0.0005387286578612605,0.379926578273359,0.02659745854230295,0.5589588149212494,0.755467654612193,0.15,0.36634754853252327,37.5,7.796760460871587,1.169977994999499,0.09639520897509728
controlled,S6,320,greedy,RFOTO-ABC,0.8,0.3750757127408975,0.026720057155784703,0.30874999999999997,0.04898643743559619,0.9688415890490554,0.0054946524438902935,0.0012775344306885299,0.0004060065063155767,0.379926578273359,0.02659745854230295,1.2753900074154074,1.4466643117078901,0.05,0.22360679774997896,65.95,8.375873874282892,1.2853960249998635,0.09781252432536927
controlled,S6,320,greedy,Random-scout,0.8,0.3750757127408975,0.026720057155784703,0.30874999999999997,0.04898643743559619,0.9688415890490554,0.0054946524438902935,0.0012775344306885299,0.0004060065063155767,0.379926578273359,0.02659745854230295,1.2753900074154074,1.4466643117078901,0.05,0.22360679774997896,65.8,8.192422686463644,1.2744630649987811,0.08767520412390561
controlled,S6,320,greedy,Uniform-allocation,0.8,0.3482864893436144,0.024053665505852046,0.231,0.038477607979050275,0.9715685893906324,0.004617316677050991,0.00145243179700208,0.0005052420895187105,0.3507397546089289,0.02347953047453313,0.7089271190343521,0.9091416958442544,0.1,0.3077935056255462,58.8,6.126731763776113,0.825687759998982,0.07062644646332321
controlled,S6,320,random,DE-RK,0.8,0.776146337647978,0.03413179424397414,0.7175,0.030413812651491106,0.8762124331317495,0.008866927838635307,0.002001952992906545,0.0006637163087400615,0.79016810572443,0.035589322349082846,1.7497529502742188,2.040027173485055,-1.0,0.0,-1.0,0.0,1.3425802700010536,0.07019325495064237
controlled,S6,320,random,LSHADE-lite,0.8,0.7244980476135311,0.03457811968224556,0.69175,0.03087645159596376,0.8825464468545722,0.0074331081391234965,0.001790797132185325,0.0006828815963210882,0.79016810572443,0.035589322349082846,8.275836060841128,2.958106244217109,-1.0,0.0,-1.0,0.0,1.415879199999472,0.08919485398713776
controlled,S6,320,random,Plain-ABC,0.8,0.7751483764852247,0.03716241631747406,0.7072499999999999,0.03130810387776705,0.8783724438775419,0.009062964954036638,0.00216710954880296,0.0006013164264163604,0.79016810572443,0.035589322349082846,1.8966945990107948,1.7470951548081268,0.0,0.0,39.55,5.539095499029459,1.346606095000243,0.09634406933574279
controlled,S6,320,random,RFOTO-ABC,0.8,0.7408106041356444,0.028886931708947714,0.6895,0.02869531412324282,0.8860488706798207,0.007879419205740245,0.002121573785845345,0.0006871755091696552,0.79016810572443,0.035589322349082846,6.202847269091243,2.0451520614286482,0.0,0.0,77.4,7.170113410245999,1.4617942650002078,0.1030306457122
controlled,S6,1000,greedy,DE-RK,0.8,0.379926578273359,0.02659745854230295,0.313,0.049375041638889845,0.9674491889824758,0.005451550961257634,0.001275497244684585,0.0005417280006070539,0.379926578273359,0.02659745854230295,-3.13328708224888e-17,4.422768296499295e-15,-1.0,0.0,-1.0,0.0,3.851292185001512,0.25987087037465556
controlled,S6,1000,greedy,LSHADE-lite,0.8,0.37918575541931593,0.026146228201806072,0.31275,0.0531005748804246,0.9673862524445216,0.005544756401572849,0.00127375310685578,0.0005111918490885602,0.379926578273359,0.02659745854230295,0.18767928681191867,0.33280390210964894,-1.0,0.0,-1.0,0.0,3.7169230099996637,0.29779888065547494
controlled,S6,1000,greedy,No-fair-selection,0.8,0.37060306307596147,0.024949234756791325,0.3085,0.04979167125449587,0.9699827038714843,0.005449198160728291,0.001318745457687175,0.0004009536263696338,0.379926578273359,0.02659745854230295,2.41137361602743,2.278852551439059,0.7,0.8013147091860319,191.95,12.894205144784594,4.010205089999727,0.28629654317454095
controlled,S6,1000,greedy,No-risk-sampling,0.8,0.37441651552169997,0.02610779440172263,0.30674999999999997,0.051305970720559875,0.9677543888802568,0.0053112498492952345,0.001327270781396825,0.0005030849817900763,0.379926578273359,0.02659745854230295,1.4399996983264343,1.1817247380614087,0.55,0.7591546545162482,158.65,13.6662280631374,4.057297330001165,0.3205597029179767
controlled,S6,1000,greedy,Plain-ABC,0.8,0.3753244183894874,0.0267015603028512,0.30825,0.05249749367451044,0.9674067051385176,0.005389198161082798,0.0012956637009741451,0.0005497225209893994,0.379926578273359,0.02659745854230295,1.2146492522822554,1.0599104374689843,1.05,0.9445132413883327,115.7,11.272229499736813,3.6839926399989054,0.26658904399786154
controlled,S6,1000,greedy,RFOTO-ABC,0.8,0.37125474107446677,0.025644817261012174,0.30575,0.049849114440743234,0.9701227604400321,0.00595171389657271,0.0013296361051283148,0.000422576258252727,0.379926578273359,0.02659745854230295,2.25740440855228,1.9991939860517298,0.65,0.7451598203705946,188.35,15.135441154699405,3.9832016650001605,0.26637384429703975
controlled,S6,1000,greedy,Random-scout,0.8,0.3711948794256846,0.02553403420852673,0.305,0.04923092737828849,0.9702267865167087,0.005877570106364807,0.001341048516559945,0.00041329448356921573,0.379926578273359,0.02659745854230295,2.272091101158761,1.9703440153608331,0.6,0.6805570473787206,187.35,15.190977238929822,4.027541905000544,0.2813720805570989
controlled,S6,1000,greedy,Uniform-allocation,0.8,0.3463983652002335,0.023830856415945997,0.2265,0.037420090297789727,0.9728144571192004,0.004791454365135086,0.00150913795217427,0.0005711391956081203,0.3507397546089289,0.02347953047453313,1.2431902062891305,1.0649662655671615,1.15,0.9880869341680844,184.4,11.24558392858,2.5909053999996106,0.2249904957039482
controlled,S6,1000,random,DE-RK,0.8,0.7666573427168595,0.03412852470102007,0.71775,0.033968832463706605,0.8773088061719163,0.008516045984057847,0.00170236281365194,0.0006918075991292669,0.79016810572443,0.035589322349082846,2.9343687110557353,2.7945262712779018,-1.0,0.0,-1.0,0.0,4.227110254999934,0.2739010174330491
controlled,S6,1000,random,LSHADE-lite,0.8,0.6762605505159724,0.037243358816877195,0.66625,0.03486345545576041,0.8903341698704574,0.00966730181434088,0.001637024238561765,0.0005100737482057784,0.79016810572443,0.035589322349082846,14.4273739288814,2.2771816361920454,-1.0,0.0,-1.0,0.0,4.494930474999637,0.3662798412108669
controlled,S6,1000,random,Plain-ABC,0.8,0.7442101898096668,0.03728141447211541,0.6885,0.026660635282832433,0.881468929545874,0.009141143413765856,0.0020866928694901104,0.0006369750128091955,0.79016810572443,0.035589322349082846,5.812900829202692,2.1611146804137182,0.7,0.7326950970650465,125.45,13.550975882511969,4.261799604999032,0.2754271531985873
controlled,S6,1000,random,RFOTO-ABC,0.8,0.6764557757459013,0.029653732712059355,0.6535,0.033642861133725804,0.8986000931530717,0.008075335546861916,0.002162445211149305,0.0005852284953838712,0.79016810572443,0.035589322349082846,14.354680997179546,2.4112106878218578,0.0,0.0,221.4,11.47720853646364,4.617647894999391,0.3110750066755137
frozen_test,S1,320,greedy,LSHADE-lite,0.8,0.15029598569760036,0.03655948201302815,0.04,0.06198471798078858,0.9956947660080802,0.008764564159857713,0.0013727732201973455,0.001597879411787005,0.1737512663792286,0.06309055710581717,10.76457216358284,10.895023550667048,-1.0,0.0,-1.0,0.0,0.3280733900006453,0.024387892190799294
frozen_test,S1,320,greedy,Offload-then-Allocate,0.8,0.14902356922131643,0.04682625181481437,0.04,0.04757265910937544,0.9935782016542607,0.009148136893468505,0.001386876096979397,0.0016885628226790254,0.1737512663792286,0.06309055710581717,12.043667384209638,15.052362729690392,-1.0,0.0,-1.0,0.0,0.001236290001179395,0.00014329086661282162
frozen_test,S1,320,greedy,Plain-ABC,0.8,0.1544975769629951,0.042348674602368644,0.034999999999999996,0.04616902584383193,0.9944266953804958,0.008906348945283972,0.0011308799180596353,0.0018396382161074139,0.1737512663792286,0.06309055710581717,8.897009981383079,12.275141556694074,0.0,0.0,61.15,7.889199812668615,0.2874625150008796,0.02408542980171387
frozen_test,S1,320,greedy,RFOTO-ABC,0.8,0.1530843674739069,0.04335665507500007,0.045,0.07236602866858978,0.9935547647315766,0.009593289955610287,0.0012401513522321693,0.0024749612742011396,0.1737512663792286,0.06309055710581717,9.684556666759205,13.199329075143796,0.05,0.22360679774997896,68.7,9.257145177758924,0.33417952500094544,0.025810264891318973
frozen_test,S1,320,greedy,RFOTO-ABC-T16,1.6,0.13819852101483326,0.036957690587588916,0.0325,0.04063638504436245,0.9944301412102595,0.008168075102281026,0.0010024654392855753,0.0015210184448479183,0.15819032022652743,0.06423860647208521,9.085007697457062,14.799621991064507,0.05,0.22360679774997896,72.45,10.08111835901261,0.3307981399997516,0.023004073489858813
frozen_test,S2,320,greedy,LSHADE-lite,0.8,0.20208517056457023,0.03368906681549249,0.037,0.02273416163537063,0.9935279626312866,0.007106365054709185,0.001270515378624955,0.0008107219982927442,0.20534384673159606,0.03630205192401255,1.3694317079371123,3.2679905151169613,-1.0,0.0,-1.0,0.0,0.509863220000625,0.024719029316861627
frozen_test,S2,320,greedy,Offload-then-Allocate,0.8,0.18845446365811172,0.031594361616250566,0.03,0.021026299321513873,0.9946036614123497,0.005562173860067652,0.0015418507199061449,0.0010415087534574935,0.20534384673159606,0.03630205192401255,7.733465842326306,8.168386879194614,-1.0,0.0,-1.0,0.0,0.00206754000100768,0.00017494854942155488
frozen_test,S2,320,greedy,Plain-ABC,0.8,0.19694670520722685,0.03286543048603566,0.037,0.020799797569865153,0.9939320373800695,0.006198721397401942,0.001308417356507805,0.0008501170551397132,0.20534384673159606,0.03630205192401255,3.759822495158617,5.537689173168965,0.0,0.0,64.5,10.570564890546919,0.4778988949998165,0.030245263223433013
frozen_test,S2,320,greedy,RFOTO-ABC,0.8,0.1944266297194196,0.03276427295399526,0.028999999999999998,0.02381949665825522,0.994973401596748,0.005778478774009951,0.0012952234865670751,0.0009431397722362767,0.20534384673159606,0.03630205192401255,4.9025228832688015,6.5203627628241,0.1,0.3077935056255462,82.5,10.625193496690086,0.5295629050000571,0.02456517490636098
frozen_test,S2,320,greedy,RFOTO-ABC-T16,1.6,0.17615810160649586,0.029609223923622766,0.023,0.020799797569865153,0.9956517993072271,0.005910388597228876,0.00166652394018026,0.001177530160858943,0.17936889376090082,0.030519913072154844,1.707136552892348,2.5874032720922706,0.0,0.0,80.9,11.880545796429244,0.5058296600000176,0.022688673685535586
frozen_test,S3,320,greedy,LSHADE-lite,0.8,0.352750053722639,0.03427481627540237,0.284,0.05133994033580688,0.9719356952307179,0.008047977746660266,0.00121339043399964,0.0006191784706932353,0.353328220914755,0.0349544830518906,0.14847011793429096,0.34031589526568745,-1.0,0.0,-1.0,0.0,0.6166403049996007,0.02767264534416509
frozen_test,S3,320,greedy,Offload-then-Allocate,0.8,0.36446124519894607,0.043778286139005224,0.20550000000000002,0.04370655737866729,0.97865806878313,0.006586205160873902,0.002309752728442925,0.0009306449316376947,0.353328220914755,0.0349544830518906,-3.054046075411873,4.989634307357246,-1.0,0.0,-1.0,0.0,0.0037588900009722648,0.0003816755728557009
frozen_test,S3,320,greedy,Plain-ABC,0.8,0.3507498385758451,0.033582347058751176,0.2855,0.05826211190997565,0.9719222551052976,0.008122919532348161,0.00115505803548685,0.0005279498031812355,0.353328220914755,0.0349544830518906,0.6992319010010353,0.9105729584686925,0.0,0.0,55.35,6.5395557550711505,0.5700132050013054,0.032871139677998686
frozen_test,S3,320,greedy,RFOTO-ABC,0.8,0.346512527167918,0.03373540750223001,0.2855,0.06073887162530918,0.9735762204038968,0.007160302076053025,0.001177123664445555,0.000583016380794695,0.353328220914755,0.0349544830518906,1.8979668159565968,1.9219876946727292,0.0,0.0,73.9,7.880021373201045,0.63493575999928,0.03751905260187627
frozen_test,S3,320,greedy,RFOTO-ABC-T16,1.6,0.31681419606818534,0.027234406541186983,0.1975,0.04216196839507577,0.9780727112414958,0.0071844305502815,0.00132589753493974,0.0006740483185839781,0.3261094426193554,0.033200438197926195,2.65459746406259,3.5693150778685205,0.1,0.3077935056255462,72.3,8.77256488929219,0.6363217250000162,0.029198544853231215
frozen_test,S4,320,greedy,LSHADE-lite,0.8,0.2916987322201472,0.032710358629722436,0.1305,0.04273233707134385,0.9788560399138924,0.006693774007488411,0.001631655563961425,0.0006620904938316041,0.2921679400632756,0.03267304914246326,0.1616872855525262,0.3650903060486421,-1.0,0.0,-1.0,0.0,0.8353035899988754,0.025263799170414224
frozen_test,S4,320,greedy,Offload-then-Allocate,0.8,0.272567273139831,0.03235655217113611,0.11000000000000001,0.03524351377428043,0.982617972069584,0.007363566590603466,0.00231435369874083,0.0009173367185774554,0.2921679400632756,0.03267304914246326,6.4425954268197305,8.465189551886546,-1.0,0.0,-1.0,0.0,0.0039990649998798795,0.00032562339342182353
frozen_test,S4,320,greedy,Plain-ABC,0.8,0.2879792098626638,0.03215612205162465,0.136,0.04210263149670539,0.9789450468584004,0.007306328777640007,0.001659290041509335,0.000688885259106542,0.2921679400632756,0.03267304914246326,1.4141721078013378,1.3256103730624764,0.0,0.0,45.0,7.0037583895325355,0.774034920000122,0.03666932946731223
frozen_test,S4,320,greedy,RFOTO-ABC,0.8,0.2754372340155098,0.03031907101578089,0.12250000000000001,0.03891623933797466,0.9824513243636446,0.006927506189522972,0.001661844320478985,0.0007163757191643028,0.2921679400632756,0.03267304914246326,5.566984309075724,5.509601434011978,0.1,0.3077935056255462,68.35,7.842361352229788,0.846414925001227,0.035547870429510485
frozen_test,S4,320,greedy,RFOTO-ABC-T16,1.6,0.252222987529771,0.027728454689546694,0.1025,0.036831765466352834,0.983552565028109,0.00708129679164474,0.001910100364731885,0.000680531107040266,0.26039164261626885,0.02780588847025979,3.100005843607627,3.919977979128755,0.0,0.0,66.1,8.34707638700679,0.850550044999909,0.029325655208329266
frozen_test,S5,320,greedy,LSHADE-lite,0.8,0.34449564825508633,0.026155267230201604,0.26066666666666666,0.051317153977960044,0.9731485721243074,0.006930640090494311,0.001322347042278215,0.0004066395800576785,0.34449564825508633,0.026155267230201604,-1.4683129924283693e-15,7.65032645743406e-15,-1.0,0.0,-1.0,0.0,0.9550103599995055,0.03595802905071672
frozen_test,S5,320,greedy,Offload-then-Allocate,0.8,0.3618526383419654,0.03800704932853769,0.1983333333333333,0.06371996483150831,0.9779536969496725,0.006617155133756633,0.0026336091260807802,0.000775365468384459,0.34449564825508633,0.026155267230201604,-4.906910512639331,5.143115504151096,-1.0,0.0,-1.0,0.0,0.0056504299991501795,0.0006723485898308584
frozen_test,S5,320,greedy,Plain-ABC,0.8,0.3427180084081787,0.025057329638209707,0.26066666666666666,0.05275564325014759,0.973177397721623,0.006923639288045249,0.00128590163484125,0.0003822502229840613,0.34449564825508633,0.026155267230201604,0.49612959920223,0.6254759514890682,0.0,0.0,42.2,5.827340279822529,0.885848205000002,0.039918340542361874
frozen_test,S5,320,greedy,RFOTO-ABC,0.8,0.3394521806038483,0.025416302398022027,0.25599999999999995,0.05042045440317077,0.9748008654601594,0.00720544036041484,0.0014336756944847199,0.0004472953948461524,0.34449564825508633,0.026155267230201604,1.4444103344428332,1.5048261146631352,0.05,0.22360679774997896,69.75,9.791913957310308,0.9778313799997704,0.055340126815841544
frozen_test,S5,320,greedy,RFOTO-ABC-T16,1.6,0.31354292378499693,0.024912156787688985,0.19599999999999998,0.03685914392966921,0.9769295281347518,0.006584736645253246,0.001558337719593745,0.0004552136401950757,0.31860691373331396,0.024979597001921698,1.5863918028613813,1.7412623500484796,0.05,0.22360679774997896,71.1,7.587385653348035,0.9576752700006181,0.03903693464843603
frozen_test,S6,320,greedy,LSHADE-lite,0.8,0.3847908451870936,0.02716980084542642,0.322,0.04152995114499008,0.9647765391270047,0.007249605992923955,0.001321684945767665,0.0005260219014610645,0.38511572599461624,0.027024684483659727,0.08637106099615993,0.3613052441637766,-1.0,0.0,-1.0,0.0,1.242023755000264,0.06597209036044427
frozen_test,S6,320,greedy,Offload-then-Allocate,0.8,0.4035685701397803,0.035658416251851226,0.24575,0.041175970253483886,0.9718400760324657,0.005697093027301382,0.0028924319166529046,0.0007159724920280183,0.38511572599461624,0.027024684483659727,-4.920651990488922,7.565289521003744,-1.0,0.0,-1.0,0.0,0.007467929999984291,0.0007037799574073551
frozen_test,S6,320,greedy,Plain-ABC,0.8,0.3825911074082095,0.02716191999593477,0.31925,0.03843227125326072,0.964880147892203,0.007347773704650071,0.001351479202078685,0.0005518264924661608,0.38511572599461624,0.027024684483659727,0.6578332578362915,0.7531140316856355,0.1,0.3077935056255462,39.15,5.7516587996306265,1.162234354999964,0.08226251051295158
frozen_test,S6,320,greedy,RFOTO-ABC,0.8,0.3795052109036333,0.026846031091742144,0.31925,0.03937922909619393,0.9659513817398538,0.007046880192906162,0.0013322606956910998,0.00055227345436016,0.38511572599461624,0.027024684483659727,1.4481825346738557,1.4766013653476462,0.1,0.30779350562554625,62.5,5.790191343079578,1.270847615000457,0.08972527761864922
frozen_test,S6,320,greedy,RFOTO-ABC-T16,1.6,0.35358738078144236,0.029711191577065435,0.24525000000000002,0.035890000073323464,0.9692812839640466,0.007475073153478814,0.001630630250453935,0.0006389955912414915,0.35693703162714774,0.029401561083337076,0.9453170240820908,1.0358505285763144,0.0,0.0,63.95,7.90386314605579,1.2731121700006043,0.07576915184120973
