scenario,run,algorithm,objective,delay_mean_s,delay_p95_s,energy_mean_j,success_rate,violation_rate,violation_mean,reliability_mean,link_failure_rate,attempts_mean,jain,utility_p05,utility_min,utility_cv,offload_rate,runtime_s,evaluations,feasible,t_hat,e_hat,r_hat,v_hat,fairness_loss,diagnostic,assigned_tasks,active_server_count,assignment_entropy,task_count_cv,bandwidth_util_cv,cpu_util_cv,bandwidth_share_cv,cpu_share_cv,bandwidth_util_mean,cpu_util_mean
S4,0,RFOTO-ABC,0.24192687393957776,0.5657561224686685,1.0487430523357684,0.07455790512261257,0.92,0.08,0.029159967753786282,0.9987491306607299,0.0012508693392701874,1.0238725785237104,0.9937734163558647,0.8538004389328785,0.5118881176218615,0.0791555235429552,0.84,0.36549360000208253,400,1,0.5661167088285477,0.6133858764352165,0.0012508693392701874,0.028822615410736125,0.006226583644135308,resource_skew,84.0,8.0,0.9880271790421887,0.21821789023599236,1.1102230246251565e-16,1.1102230246251565e-16,0.5301727334081117,0.5426414921722711,1.0,1.0
S4,0,RFOTO-ABC-D,0.2329569926932295,0.5087664668974162,0.9624878080842485,0.06971524940087633,0.9,0.1,0.030971982208728006,0.9985509162372146,0.0014490837627853014,1.0254500308363266,0.993481134254299,0.7495086182659453,0.5118881176218615,0.08100395173828287,0.84,0.2506599999978789,400,1,0.5658140262036898,0.5492401415334153,0.0014490837627853014,0.03139927319153009,0.006518865745701041,resource_skew,84.0,8.0,0.9880271790421887,0.21821789023599236,1.7987668849994313e-16,1.1102230246251565e-16,1.1760092227789967e-16,1.4781951904296876e-16,0.9999999999999999,1.0
S4,1,RFOTO-ABC,0.28973489810634645,0.6864707906604731,2.002665420374903,0.08849322008460088,0.85,0.15,0.11273006678833443,0.9988697803814505,0.0011302196185495562,1.0220647918864947,0.977403632183365,0.5810069813701607,0.20701038786274098,0.1520485711931308,0.81,0.39380769999843324,400,1,0.6102037065960622,0.6999026047686197,0.0011302196185495562,0.11433232658333134,0.022596367816634988,resource_skew,81.0,8.0,0.9904276608855725,0.1940275758703915,1.798766884999431e-16,1.1102230246251565e-16,0.7469874451883454,0.7584088858671894,1.0,1.0
S4,1,RFOTO-ABC-D,0.260351714955115,0.5504034900896037,1.668296728028655,0.06939132497405248,0.9,0.1,0.1029673565984814,0.9980070470167555,0.0019929529832444703,1.0259695300093363,0.978966212103507,0.6200290255805544,0.20701038786274098,0.14658005950434938,0.81,0.24458920000324724,400,1,0.5895634418123503,0.5488713676916848,0.0019929529832444703,0.10830596226860724,0.021033787896493017,resource_skew,81.0,8.0,0.9890812813832797,0.20621349491963045,1.8410966031475738e-16,3.925231146709438e-17,1.129374704282369e-16,6.67572021484375e-17,1.0,1.0
S4,2,RFOTO-ABC,0.3590963322204278,0.7915408364103069,1.9910532496993276,0.08924700636120092,0.79,0.21,0.1769911545831558,0.998244473750947,0.0017555262490529533,1.0314331158188963,0.9635382020034028,0.4423596170914899,0.22707671030226634,0.1945290972210045,0.8,0.4087013000025763,400,1,0.7782398931569064,0.6626383854607973,0.0017555262490529533,0.23728090465112567,0.03646179799659721,resource_skew,80.0,8.0,0.9700800411503849,0.3391164991562634,7.850462293418876e-17,1.415262216750919e-16,0.6228972351760936,0.6321000794953445,1.0,1.0
S4,2,RFOTO-ABC-D,0.32493928280111545,0.6782196889265022,1.7481765382857777,0.07814503016389489,0.84,0.16,0.15426855180846785,0.9974019081528711,0.0025980918471288895,1.034889695205979,0.968259070645602,0.47012405915733907,0.22707671030226634,0.1810564630575806,0.81,0.24839360000623856,400,1,0.7273655982277097,0.584039840148172,0.0025980918471288895,0.20084459779750702,0.031740929354397984,resource_skew,81.0,8.0,0.9691631530517124,0.34368915819938406,1.415262216750919e-16,9.614813431917819e-17,7.580699839778931e-17,7.271766662597657e-17,1.0,1.0
S4,3,RFOTO-ABC,0.24565813782537937,0.582199454556801,1.225872795405207,0.07415770874494304,0.86,0.14,0.05190003571592599,0.9991923916954302,0.0008076083045697724,1.0162358360870813,0.9890300142552454,0.6500838716215394,0.5345070075623551,0.10531695546779656,0.84,0.9471825000000536,400,1,0.5449147019425011,0.6459063185743549,0.0008076083045697724,0.042945980123894806,0.010969985744754607,resource_skew,84.0,8.0,0.9916876096025166,0.18442777839082938,9.614813431917819e-17,1.8824747269678055e-16,0.675355568413279,0.7122143716746474,1.0,1.0
S4,3,RFOTO-ABC-D,0.21188899138444647,0.4764284116641144,0.9082041740352657,0.06129082111823539,0.92,0.08,0.03890455312773344,0.9992481431268284,0.000751856873171547,1.0152424083870586,0.9912164539033587,0.6720333461975185,0.5345070075623551,0.09413490553571337,0.86,0.7064309999987017,400,1,0.5172825966312748,0.4947293271542231,0.000751856873171547,0.02756415945745514,0.008783546096641337,resource_skew,86.0,8.0,0.9899724944174727,0.2014012566940555,1.6653345369377348e-16,9.614813431917819e-17,1.0553479807342926e-16,1.1682510375976564e-16,1.0,1.0
S4,4,RFOTO-ABC,0.2612195667423825,0.6316261637791242,1.3616553100264783,0.06675798012278975,0.94,0.06,0.09673699011733027,0.9986018938185052,0.0013981061814948926,1.0170414597577264,0.9801429904552048,0.9215317860041947,0.2493068645183027,0.14233516301702548,0.87,1.0741810999970767,400,1,0.5434627841354934,0.6641796316608796,0.0013981061814948926,0.08987501316543581,0.01985700954479519,resource_skew,87.0,8.0,0.9875799938678366,0.22728413716419757,1.6184142622847344e-16,1.415262216750919e-16,0.5630212325487172,0.5699910310809304,1.0,1.0
S4,4,RFOTO-ABC-D,0.2404455250558848,0.5721946274265178,1.2000486517730566,0.05858038908802966,0.94,0.06,0.10456398475465259,0.9986163109555268,0.0013836890444732786,1.0167429688669654,0.9781672790421592,0.574443004369055,0.2493068645183027,0.14939888854581493,0.87,0.7250426000027801,400,1,0.5375237841524846,0.5246313195987523,0.0013836890444732786,0.09527294050152017,0.021832720957840834,resource_skew,87.0,8.0,0.9875799938678366,0.22728413716419757,1.3597399555105182e-16,1.1775693440128312e-16,7.63241615791531e-17,1.4662742614746095e-16,1.0,1.0
S4,5,RFOTO-ABC,0.32328542409182104,0.6684307171878414,1.642497899682497,0.08043820716299978,0.86,0.14,0.09868156629103758,0.9969729118495384,0.0030270881504616976,1.0302528616263003,0.9785965965395723,0.5582888280692289,0.27166097769663833,0.14789025867716213,0.83,1.2001460999963456,400,1,0.7164845592262546,0.6764456926200181,0.0030270881504616976,0.1555260089723925,0.021403403460427683,resource_skew,83.0,8.0,0.9926951914892778,0.17334330807154408,1.1775693440128312e-16,1.6653345369377348e-16,0.518508399964445,0.5375553806079312,1.0,1.0
S4,5,RFOTO-ABC-D,0.3070074644443489,0.6157461805797123,1.451627433008682,0.07147148275471317,0.88,0.12,0.09273618227418635,0.996820425000831,0.003179574999169077,1.0316677872787186,0.979556795990176,0.5608245213469679,0.27166097769663833,0.14446401151768132,0.84,0.7362848999982816,400,1,0.7116348712517687,0.587597601018778,0.003179574999169077,0.14902684350913037,0.020443204009824023,resource_skew,84.0,8.0,0.9927501053027901,0.17169291787923757,7.850462293418876e-17,5.551115123125783e-17,4.5420806848982187e-17,8.106231689453127e-17,1.0,1.0
S4,6,RFOTO-ABC,0.23005946648390954,0.5476823751483556,0.9940916453871937,0.07214423426797549,0.94,0.06,0.043826067427600306,0.9989908919313301,0.0010091080686698561,1.0151180993772007,0.9897748081377438,0.8476176778707015,0.45738626412789246,0.1016406736783176,0.84,1.1162080000067363,400,1,0.49410155327075844,0.6340017126343978,0.0010091080686698561,0.03879288351195143,0.010225191862256233,resource_skew,84.0,8.0,0.9950556136794035,0.14285714285714285,5.551115123125783e-17,1.1775693440128312e-16,0.5593122726560161,0.5622895450309886,1.0,1.0
S4,6,RFOTO-ABC-D,0.20775461435796969,0.4873035502267132,0.994825627491032,0.06435561331570402,0.94,0.06,0.037869709232454744,0.9989154651591344,0.0010845348408655509,1.013610031579746,0.9911772367158153,0.9589234265911207,0.45738626412789246,0.09434668687023942,0.84,0.7104926999963936,400,1,0.4801686978922314,0.5350154588734493,0.0010845348408655509,0.023679198372374546,0.008822763284184743,resource_skew,84.0,8.0,0.9950556136794035,0.14285714285714285,1.4686870114880517e-16,3.925231146709438e-17,4.180485275875789e-17,6.675720214843752e-17,1.0,1.0
S4,7,RFOTO-ABC,0.25268867590807986,0.5603654955527684,1.2159043032967465,0.07193687912470603,0.93,0.07,0.024404372203317367,0.9989232838587436,0.001076716141256241,1.024946919242145,0.9950827819890654,0.8568481047086098,0.5735909014696632,0.07029592111205768,0.86,1.167842599999858,400,1,0.5341649033194115,0.7595201700759462,0.001076716141256241,0.017065994547774386,0.0049172180109345875,resource_skew,86.0,8.0,0.9849816840164268,0.25369097941013286,9.614813431917819e-17,1.7109685898544713e-16,0.5727772571740956,0.5959691346254399,1.0,1.0
S4,7,RFOTO-ABC-D,0.23722326744573707,0.5059188382903448,1.2874333944401815,0.06324218112526968,0.93,0.07,0.029509674388688407,0.9989008049451074,0.001099195054892539,1.0254130174140377,0.9938182536816177,0.8078602863580335,0.5735909014696632,0.07886823190928068,0.86,0.7395220999969752,400,1,0.5367665065639713,0.6384613672325754,0.001099195054892539,0.02446133904448848,0.0061817463183823085,resource_skew,86.0,8.0,0.9825891000705088,0.27020814043307556,1.5700924586837752e-16,1.2412670766236366e-16,8.151799261530187e-17,9.298324584960937e-17,1.0,1.0
S4,8,RFOTO-ABC,0.26153942092247456,0.6686465925001841,1.846253543854652,0.06009455168617112,0.88,0.12,0.13134719503236295,0.996883510051035,0.003116489948965121,1.0238954242434821,0.9718585135312178,0.517057066875487,0.2772463053676703,0.17016568844751753,0.84,1.1620262999931583,400,1,0.5865892895982369,0.5422799420129245,0.003116489948965121,0.11482234504346531,0.02814148646878223,resource_skew,84.0,8.0,0.9906566698313833,0.1963383631246505,1.3597399555105182e-16,8.777083671441753e-17,0.6092914508833541,0.6175195249674421,1.0,1.0
S4,8,RFOTO-ABC-D,0.24757884885087217,0.5993863059646837,1.846253543854652,0.05252301735214094,0.89,0.11,0.13012402958710442,0.9956759380401832,0.004324061959816867,1.0273110770799188,0.9718292460968213,0.517057066875487,0.2772463053676703,0.17025671613514998,0.85,0.7618325000003097,400,1,0.5662976541226432,0.4792189030479011,0.004324061959816867,0.11612469754234406,0.02817075390317869,resource_skew,85.0,8.0,0.9924507340691916,0.17568452380080093,1.1102230246251565e-16,3.925231146709438e-17,3.3144643357424464e-17,4.053115844726563e-17,1.0,1.0
S4,9,RFOTO-ABC,0.28705473416287947,0.7466658097975416,1.543197967058897,0.07866947684519675,0.87,0.13,0.10392639972494255,0.9990490014805549,0.0009509985194451953,1.0150911973105894,0.9791517793262956,0.6315968147774161,0.24233548417477346,0.14591820847442627,0.79,1.1224538999958895,400,1,0.621124579434713,0.6683405986159514,0.0009509985194451953,0.11282026682745508,0.0208482206737044,resource_skew,79.0,8.0,0.994057391395721,0.15554690794233555,1.7109685898544713e-16,1.8410966031475738e-16,0.7258405744811972,0.7433401266763435,1.0,1.0
S4,9,RFOTO-ABC-D,0.2668841306967776,0.6574921093290902,1.4496669424580906,0.06826928865061611,0.9,0.1,0.098885796919878,0.9977220448309473,0.002277955169052819,1.0200765506087275,0.9796425117964891,0.6315968147774161,0.24233548417477346,0.14415452663003953,0.8,0.8252109000022756,400,1,0.6156644046194708,0.5465759621817263,0.002277955169052819,0.10988968380125477,0.02035748820351091,resource_skew,80.0,8.0,0.9875475216597168,0.223606797749979,1.8824747269678055e-16,0.0,1.567104637483945e-16,2.6226043701171877e-17,1.0,1.0
S4,10,RFOTO-ABC,0.3499472206830977,0.6975200161660845,1.6203916178332896,0.09263809478134252,0.8,0.2,0.10541143030512763,0.9974967957025831,0.0025032042974168665,1.0290013872754444,0.9783970838741429,0.5918468301737586,0.3029034485930607,0.14859309033031032,0.84,1.0949197999943863,400,1,0.6993285708821227,0.9311552024068287,0.0025032042974168665,0.12680287729272294,0.021602916125857075,resource_skew,84.0,8.0,0.9920437243614547,0.18442777839082938,1.1102230246251565e-16,1.5202354861220294e-16,0.7328602824996573,0.7636154900180374,1.0,1.0
S4,10,RFOTO-ABC-D,0.31246392911966486,0.5726418511692113,1.0613436406501546,0.0772809759008621,0.87,0.13,0.08542587601695922,0.9969929187200265,0.003007081279973507,1.032739672785782,0.9817749472812687,0.6904153308145309,0.3029034485930607,0.13624746286198547,0.84,0.7314148000004934,400,1,0.6734513860093922,0.740147773307706,0.003007081279973507,0.11897496982942593,0.018225052718731316,resource_skew,84.0,8.0,0.9920326074163452,0.1781741612749496,1.6184142622847344e-16,6.798699777552591e-17,9.330378141118856e-17,9.775161743164064e-17,1.0,1.0
S4,11,RFOTO-ABC,0.2790718282224869,0.714652417439779,1.8086351529817533,0.09531000492014878,0.85,0.15,0.08274400473827022,0.9987984895882256,0.0012015104117744113,1.01315101149092,0.9817725710154015,0.5413739354948482,0.3772052451199742,0.13625650975285863,0.85,1.0989671999996062,400,1,0.5829226605881184,0.76536954738805,0.0012015104117744113,0.06224525814882058,0.018227428984598504,resource_skew,85.0,8.0,0.9896212425585231,0.21012436587637354,1.3597399555105182e-16,1.1775693440128312e-16,0.5782702472256236,0.591651128047478,1.0,1.0
S4,11,RFOTO-ABC-D,0.24897416499451802,0.5992927194885732,1.5303753434044898,0.08087863238358974,0.88,0.12,0.05463811290318873,0.9984068283804526,0.001593171619547521,1.0155450264744421,0.9886467745588268,0.8325918937650798,0.3772052451199742,0.10716156660037782,0.86,0.7115506999980425,400,1,0.5675070784612556,0.6256786112587254,0.001593171619547521,0.04489594220123942,0.011353225441173231,resource_skew,86.0,8.0,0.9876846822277189,0.22666963592578984,1.9229626863835638e-16,8.777083671441753e-17,7.371678623454522e-17,8.463859558105469e-17,1.0,1.0
S4,12,RFOTO-ABC,0.24589696712538728,0.5909173255132825,1.3504803854565386,0.07082587983010831,0.91,0.09,0.08660599510791116,0.9984029662160969,0.0015970337839030246,1.0241376263947184,0.9816078238287754,0.6538636221586711,0.24180869732949478,0.13688238180447873,0.81,1.2030379000061657,400,1,0.5433949692765253,0.6145395349274183,0.0015970337839030246,0.05915624553871572,0.018392176171224572,resource_skew,81.0,8.0,0.9868088945001412,0.23391722619131378,1.6653345369377353e-16,1.2412670766236366e-16,0.6716434096222081,0.6908392301057774,0.9999999999999998,1.0
S4,12,RFOTO-ABC-D,0.22082190398117876,0.4803436245833159,1.070929575945149,0.05992684493913511,0.92,0.08,0.05730777333854494,0.9978522793515885,0.0021477206484114943,1.0275454745401593,0.9888311658894154,0.8729647631465028,0.24180869732949478,0.10627787133157467,0.83,0.7692887000011979,400,1,0.5181148730130464,0.520658022310708,0.0021477206484114943,0.04435845254016389,0.011168834110584558,resource_skew,83.0,8.0,0.985493609543577,0.24066246211371298,1.3597399555105182e-16,8.777083671441753e-17,6.234261420444528e-17,7.390975952148437e-17,1.0,1.0
S4,13,RFOTO-ABC,0.2840019258094002,0.5969215679686052,1.3770527481060113,0.0763990071654253,0.85,0.15,0.07734174053683496,0.9988416024850918,0.0011583975149084514,1.0267479460764808,0.9836471234833604,0.6477578792324288,0.33642044923322545,0.1289369567565712,0.83,1.1749710999938543,400,1,0.6260194435173496,0.634585535023029,0.0011583975149084514,0.11849849478452332,0.016352876516639636,resource_skew,83.0,8.0,0.9900286882452762,0.2041093294710532,9.614813431917819e-17,6.798699777552591e-17,0.75630724511042,0.7604852310467747,1.0,1.0
S4,13,RFOTO-ABC-D,0.249800806199685,0.46407617922629724,1.087466852501419,0.05881840764369159,0.89,0.11,0.055103398535878666,0.9979601489695094,0.0020398510304905737,1.0371377535808368,0.9884330634313644,0.762953746871525,0.33642044923322545,0.10817715233588165,0.86,0.8061149999994086,400,1,0.5633464194058843,0.5866458116921038,0.0020398510304905737,0.07529727561201963,0.01156693656863561,resource_skew,86.0,8.0,0.9920172453430326,0.17863129646206063,9.614813431917819e-17,9.614813431917819e-17,6.217597263090355e-17,1.6927719116210938e-16,1.0,1.0
S4,14,RFOTO-ABC,0.257685282985085,0.5259426703995369,1.1320422841199105,0.0614679616188324,0.92,0.08,0.06439068352244937,0.9965596094918077,0.0034403905081922715,1.0205120028187333,0.9857368975039709,0.7646570040387498,0.30686287971947246,0.12028916079084487,0.84,1.0601653999983682,400,1,0.5345511031283492,0.7037819560898626,0.0034403905081922715,0.06261068125390212,0.014263102496029134,resource_skew,84.0,8.0,0.9936159878189448,0.1649572197684645,1.415262216750919e-16,1.415262216750919e-16,0.5591041592193151,0.5642889196282203,1.0,1.0
S4,14,RFOTO-ABC-D,0.2397952900947232,0.475878208193811,0.863452765034922,0.05517208816480673,0.93,0.07,0.06088193777026032,0.9963340917449761,0.003665908255023961,1.0192680347152359,0.9865108557377911,0.825618692768399,0.30686287971947246,0.11693412367909181,0.85,0.2894631000017398,400,1,0.5296182640342912,0.5970073471032418,0.003665908255023961,0.06033227492131183,0.01348914426220893,resource_skew,85.0,8.0,0.9913329178160245,0.19367150156652152,5.551115123125783e-17,8.777083671441753e-17,1.415499164129823e-17,8.463859558105469e-17,1.0,1.0
S4,15,RFOTO-ABC,0.3408692683047667,0.6528909901759654,2.132815437408187,0.08210470762859037,0.85,0.15,0.10880689949402023,0.9992258773749519,0.0007741226250478971,1.01339289442243,0.9765801837291108,0.5714671548909596,0.27246530166291577,0.1548594769519498,0.83,0.37703399999736575,400,1,0.6709493500199039,0.9114984530338637,0.0007741226250478971,0.1309574635162732,0.023419816270889182,resource_skew,83.0,8.0,0.993340295597358,0.16650933688054523,1.3597399555105182e-16,1.3597399555105182e-16,0.7313898450465972,0.7090498302142696,1.0,1.0
S4,15,RFOTO-ABC-D,0.3107783285582662,0.5507324929250799,1.319744916822943,0.07094206284983756,0.87,0.13,0.0897405985601727,0.998921979793774,0.001078020206225998,1.0129321371991051,0.9809561375009386,0.6194131455388074,0.27246530166291577,0.1393325945096969,0.84,0.25725599999714177,400,1,0.6593918824019184,0.7451969309661121,0.001078020206225998,0.12431453958706157,0.019043862499061426,resource_skew,84.0,8.0,0.9888609292119868,0.21295885499998,1.2412670766236368e-16,1.1102230246251565e-16,6.845567816934671e-17,9.298324584960939e-17,0.9999999999999999,1.0
S4,16,RFOTO-ABC,0.25474859203394384,0.6076300084190633,1.3613182725511936,0.07286339066477417,0.88,0.12,0.06625211968262239,0.9985856204830631,0.0014143795169368133,1.0208617948619323,0.9856503491536582,0.6830525532158905,0.39293344601764685,0.12065886256371369,0.79,0.38026089999766555,400,1,0.5424754399387715,0.6979943040805752,0.0014143795169368133,0.0479810516273044,0.014349650846341766,resource_skew,79.0,8.0,0.9928524302530939,0.16358035421924158,5.551115123125783e-17,1.5700924586837752e-16,0.6353489172517868,0.654258729027555,1.0,1.0
S4,16,RFOTO-ABC-D,0.2357377951228198,0.5122480353348725,0.8972465944500675,0.06143134791269196,0.92,0.08,0.05883195144772188,0.9968750924391706,0.003124907560829323,1.027221053040957,0.9863436673949958,0.679084539696637,0.39293344601764685,0.11766652085790043,0.8,0.26352910000423435,400,1,0.5260351630321121,0.6049962638658202,0.003124907560829323,0.0432245335280092,0.013656332605004207,resource_skew,80.0,8.0,0.9920658010471917,0.17320508075688773,1.2412670766236366e-16,3.925231146709438e-17,4.517406533094853e-17,9.298324584960939e-17,1.0,1.0
S4,17,RFOTO-ABC,0.2410745143162221,0.5494637330429143,1.2475564433081199,0.05857666639667152,0.91,0.09,0.041915621581956934,0.997558890474126,0.0024411095258739424,1.0244022016243213,0.9903684745343969,0.832353718306516,0.43041773806224726,0.09861639781743718,0.9,1.1740696000051685,400,1,0.5196585473716845,0.6545986610673861,0.0024411095258739424,0.0441485103527113,0.009631525465603086,resource_skew,90.0,8.0,0.9967627652274981,0.11547005383792516,2.4196749845665633e-16,1.1775693440128312e-16,0.604554497386082,0.6158219167102051,1.0,1.0
S4,17,RFOTO-ABC-D,0.21193681101587822,0.4523117701100674,1.0825803269335361,0.04898342497558722,0.95,0.05,0.022919843451295104,0.9974077893533289,0.002592210646671056,1.02561253062257,0.9946287145369007,0.9497154133348037,0.4751583566846588,0.07348667888039058,0.91,0.7792380000028061,400,1,0.5093719442036644,0.49966181869239645,0.002592210646671056,0.03328166884921426,0.0053712854630992846,resource_skew,91.0,8.0,0.9971941880721131,0.10710763016273586,1.1775693440128312e-16,3.925231146709438e-17,7.667108491529706e-17,1.1920928955078126e-16,1.0,1.0
S4,18,RFOTO-ABC,0.2664028085686305,0.7034342728741314,1.3535878504412453,0.08013642486125189,0.88,0.12,0.10939088266048666,0.9967384130553393,0.003261586944660806,1.0318199722829213,0.9778758881434891,0.6209046970412541,0.21666221744623226,0.15041496740210122,0.87,1.1560326000035275,400,1,0.5829431730976026,0.6460924920083716,0.003261586944660806,0.07912882930226152,0.022124111856510864,resource_skew,87.0,8.0,0.9967446441382427,0.11665392603554275,1.1775693440128312e-16,1.2412670766236366e-16,0.6233136408512535,0.593184039108468,1.0,1.0
S4,18,RFOTO-ABC-D,0.24938221566336802,0.6405870671805985,1.5255317875927987,0.07285699730594318,0.88,0.12,0.1171005877410533,0.996664767491173,0.003335232508826935,1.026288235445011,0.9761050063712914,0.5601100226697968,0.21666221744623226,0.15646067134958602,0.86,0.7863040000011097,400,1,0.5939583551999122,0.5008957978497122,0.003335232508826935,0.08602784655944584,0.023894993628708616,resource_skew,86.0,8.0,0.9959805923314993,0.1294828921588377,1.415262216750919e-16,5.551115123125783e-17,7.044400768946968e-17,5.483627319335938e-17,1.0,1.0
S4,19,RFOTO-ABC,0.26955535224887683,0.6068580033620404,1.2436331070334419,0.07643280114147384,0.93,0.07,0.053991929273478796,0.9984066024948369,0.0015933975051630011,1.0180258136729325,0.9884584012258133,0.8163133310712637,0.30056737274660006,0.10805721941283557,0.84,1.2682310000018333,400,1,0.5835786100504072,0.6764337055186455,0.0015933975051630011,0.08058289836527045,0.011541598774186701,resource_skew,84.0,8.0,0.9945344416654871,0.15058465048420855,2.0396099332657776e-16,1.7554167342883509e-16,0.5873339297086426,0.630721828313253,1.0,0.9999999999999999
S4,19,RFOTO-ABC-D,0.22998999480532623,0.5159508864948672,1.1270173243612311,0.07057174038043718,0.94,0.06,0.032207924329428414,0.9982612105393446,0.0017387894606554011,1.0193987721661584,0.9937864920077565,0.9154449379995828,0.30056737274660006,0.07907184747319099,0.85,0.8516999999992549,400,1,0.5311479389304242,0.5765569653979525,0.0017387894606554011,0.037758724688238765,0.006213507992243517,resource_skew,85.0,8.0,0.9942772939361244,0.15563243006262298,1.2412670766236366e-16,3.925231146709438e-17,9.005517087095952e-17,1.4305114746093753e-17,1.0,1.0
