scenario,run,algorithm,objective,delay_mean_s,delay_p95_s,energy_mean_j,success_rate,violation_rate,violation_mean,reliability_mean,link_failure_rate,attempts_mean,jain,utility_p05,utility_min,utility_cv,offload_rate,runtime_s,evaluations,feasible,t_hat,e_hat,r_hat,v_hat,fairness_loss,reference_objective,reference_type,reference_gap_percent
S0-small,0,RFOTO-ABC,0.051196321206232145,0.1631564669984335,0.2891601357504444,0.013306594063686644,1.0,0.0,0.0,0.9964729850651605,0.003527014934839534,1.0151555927340328,0.9999577697623336,0.9858873399103716,0.9821986017706499,0.006498616861043789,1.0,0.19453759992029518,600,1,0.1381220300494806,0.10636050780829431,0.003527014934839534,0.0,4.2230237666363024e-05,0.0504919176434187,best observed: high-budget DE/RFOTO-ABC plus compared runs,1.395081818417056
S0-small,0,Standard-ABC,0.05611760487302013,0.17069955241863202,0.2434855270429262,0.012969763443585263,1.0,0.0,0.0,0.9962338738128621,0.003766126187137897,1.0123295916057942,0.9999417395357801,0.9840684974485696,0.9792736667394993,0.007633076618970169,1.0,0.16269029991235584,600,1,0.15379861662975303,0.11270657605680874,0.003766126187137897,0.0,5.826046421986142e-05,0.0504919176434187,best observed: high-budget DE/RFOTO-ABC plus compared runs,11.141757913278038
S0-small,0,GA,0.0506882502610617,0.15724098433549336,0.24700217424066995,0.013593986878290297,1.0,0.0,0.0,0.9967261853391344,0.003273814660865589,1.0152248294851371,0.9999648092932462,0.9870358306617608,0.9837299227725023,0.005932279928909594,1.0,0.14696060004644096,600,1,0.13804073704680447,0.1034534964078292,0.003273814660865589,0.0,3.5190706753840395e-05,0.0504919176434187,best observed: high-budget DE/RFOTO-ABC plus compared runs,0.3888396931753104
S0-small,0,PSO,0.14713886223824238,0.3363204131798198,0.9768218521419657,0.048534752725944645,0.8333333333333334,0.16666666666666666,0.13256514505452613,0.9968731749561556,0.003126825043844428,1.0258596646469988,0.9694841777752554,0.6645041103202417,0.5569817784679832,0.1774157515323223,0.8333333333333334,0.14620950003154576,600,1,0.3171004042364413,0.2704455466282029,0.003126825043844428,0.08837676336968409,0.030515822224744582,0.0504919176434187,best observed: high-budget DE/RFOTO-ABC plus compared runs,191.4107229544311
S0-small,0,DE,0.18966099686694662,0.6848961624738662,2.1416854765386755,0.07481096372101152,0.8333333333333334,0.16666666666666666,0.083709170555883,0.9993891636177983,0.0006108363822017367,1.0323245808087487,0.9829375003326114,0.7484878424699499,0.6656659385167545,0.13175235169140628,0.6666666666666666,0.20178430003579706,600,1,0.4535925445487523,0.397531933848196,0.0006108363822017367,0.055806113703922,0.017062499667388598,0.0504919176434187,best observed: high-budget DE/RFOTO-ABC plus compared runs,275.6264481899069
S0-small,0,Delay-Greedy,0.060156244136902536,0.19789096779238224,0.40255820944111886,0.01721158861182566,1.0,0.0,0.0,0.99773064756633,0.002269352433670028,1.020474734806072,0.9999909246043339,0.992887505408202,0.9913086891993329,0.003012553402275991,1.0,0.00042189995292574167,1,1,0.16384692503326972,0.12492854055000796,0.002269352433670028,0.0,9.07539566608051e-06,0.0504919176434187,best observed: high-budget DE/RFOTO-ABC plus compared runs,19.14034353326551
S0-small,1,RFOTO-ABC,0.11233802300698705,0.22977986779486081,0.6857834733020004,0.06458561008498916,0.8333333333333334,0.16666666666666666,0.03640020319224232,0.9915029496763376,0.00849705032366238,1.0014708518981934,0.9955232754738105,0.8558563844805791,0.8207477013974106,0.06705859907878547,0.8333333333333334,0.19885529996827245,600,1,0.22085407654209255,0.32862369765977767,0.00849705032366238,0.02184012191534539,0.004476724526189524,0.08019524548801021,best observed: high-budget DE/RFOTO-ABC plus compared runs,40.08065231720304
S0-small,1,Standard-ABC,0.11228253281411633,0.22843561453796488,0.681433716468289,0.06451380282198389,0.8333333333333334,0.16666666666666666,0.03640020319224232,0.991772219666219,0.008227780333781076,1.0014708518981934,0.9955256387601356,0.856260289465401,0.8207477013974106,0.06704081687479627,0.8333333333333334,0.19407550001051277,600,1,0.22129448284262682,0.3278811424792493,0.008227780333781076,0.02184012191534539,0.004474361239864444,0.08019524548801021,best observed: high-budget DE/RFOTO-ABC plus compared runs,40.01145844849793
S0-small,1,GA,0.11208382981332281,0.22725465603933007,0.6798573663274274,0.06436466740490582,0.8333333333333334,0.16666666666666666,0.03640020319224232,0.9919083168703088,0.008091683129691218,1.0014708518981934,0.9955265371113569,0.8564644352715358,0.8207477013974106,0.06703405614657708,0.8333333333333334,0.18804949999321252,600,1,0.22106852493471943,0.3271154136104792,0.008091683129691218,0.02184012191534539,0.004473462888643143,0.08019524548801021,best observed: high-budget DE/RFOTO-ABC plus compared runs,39.76368440705151
S0-small,1,PSO,0.28458941491637607,0.8856708334792055,3.2675002354172,0.07631325365195488,0.6666666666666666,0.3333333333333333,0.4325289090295142,0.9932270521457601,0.006772947854239875,1.0018329628961185,0.9174319290050914,0.4272925184423826,0.2961407907907066,0.29999854191264685,0.6666666666666666,0.16436059994157404,600,1,0.547934326871633,0.4599113108263761,0.006772947854239875,0.25951734541770854,0.0825680709949086,0.08019524548801021,best observed: high-budget DE/RFOTO-ABC plus compared runs,254.87068240089658
S0-small,1,DE,0.14873859709862725,0.30148108965664355,0.7399900455388153,0.07019947627272953,0.8333333333333334,0.16666666666666666,0.03640020319224232,0.9967294406890007,0.003270559310999288,1.0014708518981934,0.995431468451795,0.8625331134132084,0.8207477013974106,0.06774583985985655,0.8333333333333334,0.20240730000659823,600,1,0.32760333918646634,0.40025560152495804,0.003270559310999288,0.02184012191534539,0.004568531548205024,0.08019524548801021,best observed: high-budget DE/RFOTO-ABC plus compared runs,85.47059266857008
S0-small,1,Delay-Greedy,0.1220190537819405,0.23035898227457186,0.6791590472626343,0.06692261541008004,0.8333333333333334,0.16666666666666666,0.03640020319224232,0.991367955772415,0.008632044227585048,1.001294657423525,0.9955216251101214,0.8556508482030567,0.8207477013974106,0.06707101425449633,0.8333333333333334,0.00042830000165849924,1,1,0.22783375263847616,0.38134946709657536,0.008632044227585048,0.02184012191534539,0.004478374889878567,0.08019524548801021,best observed: high-budget DE/RFOTO-ABC plus compared runs,52.15247866556286
S0-small,2,RFOTO-ABC,0.03955374419077831,0.11529797361212867,0.16322699790193784,0.00639773343019959,1.0,0.0,0.0,0.9999805236186733,1.94763813266922e-05,1.011816472527421,0.9999999984165892,0.9999167012602337,0.9998918316644474,3.979174447629974e-05,1.0,0.18393850000575185,600,1,0.12306104424068066,0.05856391744554118,1.94763813266922e-05,0.0,1.5834108468837371e-09,0.03955374419077831,best observed: high-budget DE/RFOTO-ABC plus compared runs,0.0
S0-small,2,Standard-ABC,0.03999023768486705,0.1180220717684574,0.1595145844223214,0.006205015843005646,1.0,0.0,0.0,0.9999804881860292,1.9511813970844265e-05,1.0118453348852843,0.9999999984173475,0.9999166481112675,0.9998918316644474,3.978221845319246e-05,1.0,0.14264750003349036,600,1,0.12672960138693262,0.055359564919612386,1.9511813970844265e-05,0.0,1.5826524535356157e-09,0.03955374419077831,best observed: high-budget DE/RFOTO-ABC plus compared runs,1.1035453230000507
S0-small,2,GA,0.04090708509026075,0.12341695881328817,0.20532279731811143,0.006329069497249831,1.0,0.0,0.0,0.9990706312343186,0.0009293687656814117,1.034795763233907,0.9999956733487724,0.9958178405544337,0.9944237874059115,0.0020800648835620833,1.0,0.13361900008749217,600,1,0.12908289156781144,0.05633226298324975,0.0009293687656814117,0.0,4.326651227626321e-06,0.03955374419077831,best observed: high-budget DE/RFOTO-ABC plus compared runs,3.4215241241256846
S0-small,2,PSO,0.0426419764334332,0.12057919458974602,0.1885202969287847,0.007195713435802991,1.0,0.0,0.0,0.9990706312343186,0.0009293687656814117,1.034795763233907,0.9999956733487724,0.9958178405544337,0.9944237874059115,0.0020800648835620833,1.0,0.13235199998598546,600,1,0.12936433095807923,0.06742913962061974,0.0009293687656814117,0.0,4.326651227626321e-06,0.03955374419077831,best observed: high-budget DE/RFOTO-ABC plus compared runs,7.807686240168602
S0-small,2,DE,0.13694788128751512,0.20696659851267815,0.3789928564687244,0.022663823815285356,1.0,0.0,0.0,0.9990706312343186,0.0009293687656814117,1.0521936448508606,0.9999956733487724,0.9958178405544337,0.9944237874059115,0.0020800648835620833,0.6666666666666666,0.17154749995097518,600,1,0.318701639803894,0.3805729905714747,0.0009293687656814117,0.0,4.326651227626321e-06,0.03955374419077831,best observed: high-budget DE/RFOTO-ABC plus compared runs,246.23240881312972
S0-small,2,Delay-Greedy,0.04141831733757598,0.12182320731050744,0.2039019832348641,0.006576352602676556,1.0,0.0,0.0,0.9999995590125845,4.4098741547315967e-07,1.002337079795969,0.9999999999989997,0.9999980155566304,0.9999973540755072,9.86078273068037e-07,1.0,0.0014398000203073025,1,1,0.1289775383236575,0.06115896372685642,4.4098741547315967e-07,0.0,1.000310945187266e-12,0.03955374419077831,best observed: high-budget DE/RFOTO-ABC plus compared runs,4.714024386172721
S0-small,3,RFOTO-ABC,0.10870941788398988,0.2276001138856243,0.6725720491532978,0.040744149586219865,0.8333333333333334,0.16666666666666666,0.009370751252001137,0.993122964117329,0.006877035882670968,1.0447672727469899,0.9994759324204018,0.949761519496689,0.9467684122910132,0.022898523323708717,0.8333333333333334,0.21206190006341785,600,1,0.2683272131078272,0.25443719445420226,0.006877035882670968,0.00803207250171526,0.0005240675795982197,0.10728910519457008,best observed: high-budget DE/RFOTO-ABC plus compared runs,1.3238181890361111
S0-small,3,Standard-ABC,0.1118531294309401,0.23818677087511278,0.6769950205297307,0.04189919906316287,0.8333333333333334,0.16666666666666666,0.009370751252001137,0.9916946228108784,0.008305377189121554,1.0479897902146504,0.9993884978026252,0.9476189460335087,0.9467684122910132,0.024736134724033423,0.8333333333333334,0.193059999961406,600,1,0.28818839191297624,0.24030141706557795,0.008305377189121554,0.00803207250171526,0.0006115021973748247,0.10728910519457008,best observed: high-budget DE/RFOTO-ABC plus compared runs,4.253949390381352
S0-small,3,GA,0.1073982139624101,0.22748723548599667,0.6747004367853757,0.04085112518619941,0.8333333333333334,0.16666666666666666,0.009370751252001137,0.9916946051406758,0.008305394859324225,1.048494749319993,0.9993884984083375,0.9476189460335087,0.9467684122910132,0.02473612246556637,0.8333333333333334,0.19444849994033575,600,1,0.269126738831877,0.24237137945598544,0.008305394859324225,0.00803207250171526,0.0006115015916624555,0.10728910519457008,best observed: high-budget DE/RFOTO-ABC plus compared runs,0.10169603674311037
S0-small,3,PSO,0.14769837568985053,0.3078888240610889,0.7812506272625492,0.044219576016004986,0.8333333333333334,0.16666666666666666,0.009370751252001137,0.9999994893236801,5.106763199165995e-07,1.0051938924343,0.9995995361784904,0.9600756102133674,0.9467684122910132,0.020015600340791622,0.6666666666666666,0.19831350003369153,600,1,0.3690906533527334,0.3557168167849864,5.106763199165995e-07,0.00803207250171526,0.00040046382150960014,0.10728910519457008,best observed: high-budget DE/RFOTO-ABC plus compared runs,37.663908578599624
S0-small,3,DE,0.15333572123216382,0.32376919881838756,0.7812506272625492,0.04408996410222762,0.8333333333333334,0.16666666666666666,0.009370751252001137,0.9999995136628987,4.863371013130724e-07,1.0048176751009008,0.9995995357588496,0.9600756102133674,0.9467684122910132,0.02001561083203435,0.6666666666666666,0.16629159997683018,600,1,0.38900323491913624,0.3601115164890543,4.863371013130724e-07,0.00803207250171526,0.0004004642411503667,0.10728910519457008,best observed: high-budget DE/RFOTO-ABC plus compared runs,42.918258991989596
S0-small,3,Delay-Greedy,0.11863936914862759,0.2303188961667991,0.671911443904155,0.04285351604768655,0.8333333333333334,0.16666666666666666,0.009370751252001137,0.9968283483274839,0.0031716516725161883,1.0313000638817822,0.9996030880329602,0.9553193228894534,0.9467684122910132,0.019926604544547147,0.8333333333333334,0.0004211000632494688,1,1,0.27029874808905296,0.3224186458091754,0.0031716516725161883,0.00803207250171526,0.0003969119670398369,0.10728910519457008,best observed: high-budget DE/RFOTO-ABC plus compared runs,10.579139357601756
S0-small,4,RFOTO-ABC,0.06904013822108339,0.2282603786549767,0.33064223143733984,0.015804977238030645,1.0,0.0,0.0,0.9999276900062197,7.230999378019891e-05,1.0154098100814055,0.999999987189223,0.9997403417940285,0.9996938167648917,0.00011318457981073097,1.0,0.197421699995175,600,1,0.21141706219020756,0.10780939168772607,7.230999378019891e-05,0.0,1.2810776994776063e-08,0.06689466518361716,best observed: high-budget DE/RFOTO-ABC plus compared runs,3.2072408637926344
S0-small,4,Standard-ABC,0.06826811181043359,0.22203609191125162,0.28887148705379184,0.01629070878275737,1.0,0.0,0.0,0.9999018713085519,9.812869144800358e-05,1.0147123733233476,0.999999970809122,0.9996193309888061,0.9995330387407168,0.00017085330230486652,1.0,0.15277009992860258,600,1,0.20279084497460204,0.11700513633241183,9.812869144800358e-05,0.0,2.919087804809095e-08,0.06689466518361716,best observed: high-budget DE/RFOTO-ABC plus compared runs,2.0531482189895116
S0-small,4,GA,0.06898053514669879,0.2266937889192385,0.3100063943165707,0.014084041819379362,1.0,0.0,0.0,0.9999371256386023,6.287436139760609e-05,1.0132871763073403,0.999999992533888,0.9998111301831112,0.9998070866640412,8.640650378794933e-05,1.0,0.14260559994727373,600,1,0.21102106651959046,0.10808461683069903,6.287436139760609e-05,0.0,7.46611195090452e-09,0.06689466518361716,best observed: high-budget DE/RFOTO-ABC plus compared runs,3.1181409718640354
S0-small,4,PSO,0.22787082927979335,0.6736920611714535,1.9950997324683404,0.05784508139339258,0.6666666666666666,0.3333333333333333,0.23905514873234446,0.9999522436690153,4.775633098478652e-05,1.0007797470068767,0.9492939213460171,0.544632831477911,0.4431337427447973,0.23111581399801417,0.6666666666666666,0.20206300006248057,600,1,0.5113452608011431,0.392237182996431,4.775633098478652e-05,0.13433389426299408,0.05070607865398291,0.06689466518361716,best observed: high-budget DE/RFOTO-ABC plus compared runs,240.64125839380105
S0-small,4,DE,0.17521103849675143,0.5799997708970569,1.8320407777824839,0.021845800209068008,0.8333333333333334,0.16666666666666666,0.20944250893870076,0.9999522462187914,4.775378120865555e-05,1.0003854317153025,0.9502744823061368,0.5822786771767392,0.4431337427447973,0.22875211753376434,0.8333333333333334,0.17600759991910309,600,1,0.40374198826791324,0.2708456626807619,4.775378120865555e-05,0.10472125446935038,0.04972551769386324,0.06689466518361716,best observed: high-budget DE/RFOTO-ABC plus compared runs,161.9207944547146
S0-small,4,Delay-Greedy,0.07596829110931588,0.2591437680210565,0.41238898668403123,0.015969089989137812,1.0,0.0,0.0,0.9999675912190349,3.240878096501717e-05,1.0080134686757036,0.999999996304116,0.9998695571922634,0.9998325439319894,6.079355264560305e-05,1.0,0.0004259999841451645,1,1,0.22007772440476434,0.13961585131699458,3.240878096501717e-05,0.0,3.6958840432532725e-09,0.06689466518361716,best observed: high-budget DE/RFOTO-ABC plus compared runs,13.56405013881571
S0-small,5,RFOTO-ABC,0.08043014137619015,0.2170324400787577,0.35344967878890954,0.020043416542315583,1.0,0.0,0.0,0.9886226635835956,0.01137733641640426,1.0226633799942255,0.9995544386303797,0.9544247339866528,0.9427174279607781,0.02111302875051888,1.0,0.18172419990878552,600,1,0.23452865655376462,0.12970450499350072,0.01137733641640426,0.0,0.00044556136962026205,0.07762930127123763,best observed: high-budget DE/RFOTO-ABC plus compared runs,3.607967686281694
S0-small,5,Standard-ABC,0.09351973380655125,0.2552542573688261,0.43778800289687003,0.025537930990673665,1.0,0.0,0.0,0.9930197436816565,0.006980256318343629,1.0237393206152574,0.9998393157384944,0.9723477147991387,0.9654159161132522,0.012677148143757108,1.0,0.15460250002797693,600,1,0.28172437834541053,0.1444565687820271,0.006980256318343629,0.0,0.000160684261505617,0.07762930127123763,best observed: high-budget DE/RFOTO-ABC plus compared runs,20.46963231034668
S0-small,5,GA,0.07762930127123763,0.2088296377075122,0.3714028449207574,0.020747617739400474,1.0,0.0,0.0,0.9908859898662027,0.009114010133797368,1.0148268118845047,0.9996997997028788,0.9628824876108635,0.9529488705205686,0.017328890454194067,1.0,0.14037369994912297,600,1,0.22807108299092016,0.12495798968119953,0.009114010133797368,0.0,0.00030020029712118923,0.07762930127123763,best observed: high-budget DE/RFOTO-ABC plus compared runs,0.0
S0-small,5,PSO,0.22149979805061296,0.5372615204580384,1.242507382550744,0.06577208619644587,0.6666666666666666,0.3333333333333333,0.1485581623696439,0.9868974544680156,0.013102545531984422,1.0190231378449912,0.9746874450391495,0.656253129870307,0.6070730103941359,0.1611518538144611,0.6666666666666666,0.13928779994603246,600,1,0.5133721182652308,0.3925648045964838,0.013102545531984422,0.11141862177723291,0.025312554960850497,0.07762930127123763,best observed: high-budget DE/RFOTO-ABC plus compared runs,185.33014522015372
S0-small,5,DE,0.2823466609785919,0.7883148549955791,2.8035579739239807,0.20383243931838135,0.8333333333333334,0.16666666666666666,0.24021494363314852,0.9991121455764344,0.0008878544235655742,1.0172629638970108,0.9438780015745039,0.5559510610519339,0.4096195611884659,0.243842067193632,0.6666666666666666,0.16141130006872118,600,1,0.6760954800449214,0.3979107892507244,0.0008878544235655742,0.18016120772486138,0.056121998425496145,0.07762930127123763,best observed: high-budget DE/RFOTO-ABC plus compared runs,263.7114547663769
S0-small,5,Delay-Greedy,0.0887153449827281,0.22674054275387104,0.38227450984096367,0.02344861921859843,1.0,0.0,0.0,0.9892691847692977,0.01073081523070235,1.0129038991055166,0.9995828582960716,0.956298940874679,0.9446330370878868,0.02042830839098696,1.0,0.0004592000041157007,1,1,0.24092490949311243,0.17516922205146843,0.01073081523070235,0.0,0.0004171417039283698,0.07762930127123763,best observed: high-budget DE/RFOTO-ABC plus compared runs,14.280746483541968
S0-small,6,RFOTO-ABC,0.07985836677972383,0.1275827660583034,0.24504044918556694,0.017761135200878502,1.0,0.0,0.0,0.9999992536303118,7.463696880723644e-07,1.0030168875930372,0.9999999999975174,0.9999967585919924,0.99999575550258,1.5666985158268657e-06,1.0,0.17818809999153018,600,1,0.1861075013968482,0.22220894770801183,7.463696880723644e-07,0.0,2.4825697053643125e-12,0.0679421537976134,best observed: high-budget DE/RFOTO-ABC plus compared runs,17.538762485520454
S0-small,6,Standard-ABC,0.08285658349636806,0.10531704239071739,0.1553053874497813,0.011627340032469785,1.0,0.0,0.0,0.9999994696018816,5.303981184442049e-07,1.003077831154868,0.9999999999991199,0.999997948198596,0.9999974589311974,9.231688033963848e-07,1.0,0.13385620003100485,600,1,0.17933557897610625,0.2534838844839054,5.303981184442049e-07,0.0,8.800737916203616e-13,0.0679421537976134,best observed: high-budget DE/RFOTO-ABC plus compared runs,21.951658675969966
S0-small,6,GA,0.06813409185996804,0.09547744074887758,0.13978706250061143,0.010991946822002753,1.0,0.0,0.0,0.9999993417005496,6.582994503956385e-07,1.0026761985764658,0.9999999999978056,0.9999970376524732,0.9999960502032976,1.472003289654355e-06,1.0,0.13613680005073547,600,1,0.1511017163937528,0.20239020734207072,6.582994503956385e-07,0.0,2.194355808171622e-12,0.0679421537976134,best observed: high-budget DE/RFOTO-ABC plus compared runs,0.282502175198014
S0-small,6,PSO,0.2303384012377689,0.42246972193713245,1.531942300310173,0.0618831149308696,0.8333333333333334,0.16666666666666666,0.10005207041359852,0.9920342725700513,0.00796572742994863,1.1022077348790205,0.9786318427082806,0.7067109578245625,0.6248779837935072,0.1477657779485696,0.8333333333333334,0.12889429996721447,600,1,0.49446529588810323,0.4571534536541952,0.00796572742994863,0.1334027605514647,0.02136815729171937,0.0679421537976134,best observed: high-budget DE/RFOTO-ABC plus compared runs,239.0213414839669
S0-small,6,DE,0.1437074891188761,0.2858462425365094,0.665380559433554,0.02505571402129034,1.0,0.0,0.0,0.9998826220325537,0.00011737796744630084,1.019377245815776,0.9999999310958658,0.9994717991464916,0.9992957321953222,0.00026249592550888526,0.8333333333333334,0.1388627999695018,600,1,0.33410456414307194,0.4010524143599916,0.00011737796744630084,0.0,6.890413417615093e-08,0.0679421537976134,best observed: high-budget DE/RFOTO-ABC plus compared runs,111.51447383748395
S0-small,6,Delay-Greedy,0.07970341252412691,0.10351822139902685,0.1721045017569171,0.01135178480557777,1.0,0.0,0.0,0.9998826220325537,0.00011737796744630084,1.01614770484648,0.9999999310958658,0.9994717991464916,0.9992957321953222,0.00026249592550888526,1.0,0.0004480000352486968,1,1,0.15768236880567688,0.26839556262398867,0.00011737796744630084,0.0,6.890413417615093e-08,0.0679421537976134,best observed: high-budget DE/RFOTO-ABC plus compared runs,17.31069456754056
S0-small,7,RFOTO-ABC,0.051647744949641326,0.11209459300119695,0.18894407243300476,0.013508203366276039,1.0,0.0,0.0,0.9998688356349735,0.00013116436502635942,1.017599341044648,0.9999999266459615,0.999435641622639,0.999264776340357,0.0002708394650497098,1.0,0.20717619999777526,600,1,0.10303105019660791,0.17242492349585534,0.00013116436502635942,0.0,7.335403851005395e-08,0.042562992202069376,best observed: high-budget DE/RFOTO-ABC plus compared runs,21.344253017837072
S0-small,7,Standard-ABC,0.11989934214736896,0.2921600373074438,0.7291942092795735,0.02167134286679118,0.8333333333333334,0.16666666666666666,0.02685957075655811,0.9999277513800369,7.224861996307785e-05,1.0162819932231144,0.9972072958552134,0.8957988780162723,0.8612096679282892,0.05291998850192316,0.8333333333333334,0.19189030001871288,600,1,0.2660587960303381,0.31943412184812775,7.224861996307785e-05,0.020144678067418584,0.0027927041447866063,0.042562992202069376,best observed: high-budget DE/RFOTO-ABC plus compared runs,181.69857414662582
S0-small,7,GA,0.1293140961432473,0.34784319866294405,1.2998318598124752,0.012722167936522616,0.8333333333333334,0.16666666666666666,0.12809003361045082,0.9999908870600484,9.112939951686863e-06,1.0014788866043092,0.9704184896748509,0.6740649007548233,0.5654380935530011,0.17459453292461372,0.8333333333333334,0.18066800001543015,600,1,0.2835031361473213,0.19988254445129824,9.112939951686863e-06,0.09606752520783812,0.029581510325149107,0.042562992202069376,best observed: high-budget DE/RFOTO-ABC plus compared runs,203.81815152779637
S0-small,7,PSO,0.341982607490824,0.6703955507129328,1.6019585169841868,0.058695030914815816,0.5,0.5,0.2478024931480224,1.0,0.0,1.0,0.9571698444129892,0.5846316606430011,0.5654380935530011,0.21153406838171843,0.5,0.19532439997419715,600,1,0.7808482972998873,0.5098208381073757,0.0,0.25549153644677697,0.042830155587010754,0.042562992202069376,best observed: high-budget DE/RFOTO-ABC plus compared runs,703.4740740670884
S0-small,7,DE,0.15405081487576897,0.38425799811187794,1.3077655565988806,0.020892960351394426,0.8333333333333334,0.16666666666666666,0.12809003361045082,0.9999991351342148,8.648657851180926e-07,1.000455596080347,0.9704176929527364,0.6740772728660731,0.5654380935530011,0.17459695576862197,0.8333333333333334,0.2976236999966204,600,1,0.3401885092091926,0.2703285816084316,8.648657851180926e-07,0.09606752520783812,0.029582307047263612,0.042562992202069376,best observed: high-budget DE/RFOTO-ABC plus compared runs,261.9360550226521
S0-small,7,Delay-Greedy,0.13015432667844656,0.35206021885205296,1.3092672166117498,0.012777855311553806,0.8333333333333334,0.16666666666666666,0.12809003361045082,0.9999908870600484,9.112939951686863e-06,1.0014788866043092,0.9704184896748509,0.6740649007548233,0.5654380935530011,0.17459453292461372,0.8333333333333334,0.0004582999972626567,1,1,0.2841732271401095,0.20436726303131306,9.112939951686863e-06,0.09606752520783812,0.029581510325149107,0.042562992202069376,best observed: high-budget DE/RFOTO-ABC plus compared runs,205.79223862019398
S0-small,8,RFOTO-ABC,0.10498849587446166,0.3071210777055361,0.5777587687502747,0.023678793223493432,1.0,0.0,0.0,0.996961051778224,0.00303894822177588,1.0694968608868285,0.9999542560890475,0.9863844609767884,0.9818834638411766,0.006763579194879557,1.0,0.20455090003088117,600,1,0.27420240377777144,0.23882162466013834,0.00303894822177588,0.0,4.5743910952467104e-05,0.08579994776179328,best observed: high-budget DE/RFOTO-ABC plus compared runs,22.364288805794626
S0-small,8,Standard-ABC,0.09174688116822091,0.2586223922143401,0.48253500400988875,0.019056512004418515,1.0,0.0,0.0,0.9942750265178137,0.005724973482186184,1.102813030615444,0.99985891865493,0.9753888551147032,0.9679277724410073,0.011878604791636833,1.0,0.16458480001892895,600,1,0.25607025744273426,0.17708773272893077,0.005724973482186184,0.0,0.00014108134506995995,0.08579994776179328,best observed: high-budget DE/RFOTO-ABC plus compared runs,6.931162036296482
S0-small,8,GA,0.09340119039799999,0.2621661491657768,0.4393432538575409,0.023400602400522535,1.0,0.0,0.0,0.9912761402251585,0.008723859774841561,1.1164612792258337,0.9996715940237921,0.9627054909824868,0.9511558288439239,0.018124951368075758,1.0,0.1595459000673145,600,1,0.2461302728805802,0.20049726217636962,0.008723859774841561,0.0,0.0003284059762078684,0.08579994776179328,best observed: high-budget DE/RFOTO-ABC plus compared runs,8.859262545602085
S0-small,8,PSO,0.4668814323826046,1.222077299261542,2.4782796700015313,0.12602564678935538,0.5,0.5,0.6111493634032436,0.9999994350690763,5.649309235596552e-07,1.0079879603193476,0.8756929819593795,0.40571054579680677,0.3931003151919591,0.376766160677623,0.5,0.12747179996222258,600,1,0.9503810034936462,0.5753747336033503,5.649309235596552e-07,0.4973352231056509,0.1243070180406205,0.08579994776179328,best observed: high-budget DE/RFOTO-ABC plus compared runs,444.1511848921042
S0-small,8,DE,0.3038601142789634,0.8753290428280306,2.274041196582453,0.12096768242833338,0.6666666666666666,0.3333333333333333,0.35383604270897456,0.999558514635439,0.00044148536456099324,1.04534921508841,0.9216244119764538,0.46645778494461665,0.4435412376113499,0.29161739169308115,0.6666666666666666,0.16275700007099658,600,1,0.628998640053913,0.4654134019728078,0.00044148536456099324,0.2598152347724795,0.07837558802354616,0.08579994776179328,best observed: high-budget DE/RFOTO-ABC plus compared runs,254.14953296075586
S0-small,8,Delay-Greedy,0.2282734647687049,0.5288492259919904,1.7157373585182358,0.0556262563302039,0.8333333333333334,0.16666666666666666,0.20909696596473085,0.9995578574178147,0.0004421425821852972,1.0391784656954255,0.9503889332296886,0.5819945475580562,0.4435412376113499,0.2284749534651255,0.8333333333333334,0.0004971999442204833,1,1,0.48696334378941586,0.33832929531670786,0.0004421425821852972,0.1930125839674439,0.04961106677031135,0.08579994776179328,best observed: high-budget DE/RFOTO-ABC plus compared runs,166.05315122389277
S0-small,9,RFOTO-ABC,0.05289955896486781,0.16907689942459925,0.24283523237760685,0.019255026374038028,1.0,0.0,0.0,0.9928996047704594,0.007100395229540646,1.0460260719211845,0.9997477528894622,0.9681817452127881,0.957633712807497,0.015884292718547636,1.0,0.1901230999501422,600,1,0.14303881208829455,0.1045462655353691,0.007100395229540646,0.0,0.0002522471105378399,0.05205650786439382,best observed: high-budget DE/RFOTO-ABC plus compared runs,1.6194922307699149
S0-small,9,Standard-ABC,0.055828695313777654,0.18413139853022997,0.26745359587596085,0.019514120125924465,1.0,0.0,0.0,0.9912073129319885,0.008792687068011451,1.051227058852002,0.9996127494319671,0.9606314787919581,0.9475832819635511,0.019682494483748144,1.0,0.16288989991880953,600,1,0.15509648343064075,0.1015863297154016,0.008792687068011451,0.0,0.00038725056803290414,0.05205650786439382,best observed: high-budget DE/RFOTO-ABC plus compared runs,7.24633211895486
S0-small,9,GA,0.05329525447431417,0.16966960258158278,0.2431720344467091,0.020106773397618627,1.0,0.0,0.0,0.9926731083846709,0.007326891615329012,1.0437950086691723,0.999731343449215,0.9671632175210311,0.9562863002681746,0.01639294807210624,1.0,0.1540837000356987,600,1,0.1427978713350873,0.1072673988990586,0.007326891615329012,0.0,0.00026865655078500694,0.05205650786439382,best observed: high-budget DE/RFOTO-ABC plus compared runs,2.379619111499488
S0-small,9,PSO,0.2086030680919104,0.47333961885554876,1.6283176982673182,0.061771736156750114,0.8333333333333334,0.16666666666666666,0.1271244645546807,0.9921566825161472,0.007843317483852733,1.0525519724642296,0.9711162156420735,0.6637759732430157,0.567296453006599,0.17246121601953796,0.8333333333333334,0.13497789995744824,600,1,0.4909144757530357,0.25065597656643374,0.007843317483852733,0.16949928607290762,0.02888378435792649,0.05205650786439382,best observed: high-budget DE/RFOTO-ABC plus compared runs,300.7242833793563
S0-small,9,DE,0.18589634881211295,0.48755285045148317,1.304536443038547,0.07020342304968942,0.8333333333333334,0.16666666666666666,0.14395261968115106,0.9999578049507979,4.219504920216499e-05,1.0057007584357063,0.9661573247811365,0.652358742840994,0.536562518787197,0.18715800951414557,0.8333333333333334,0.2050976000027731,600,1,0.4110061989336317,0.360452370038955,4.219504920216499e-05,0.09596841312076737,0.03384267521886353,0.05205650786439382,best observed: high-budget DE/RFOTO-ABC plus compared runs,257.10491625056613
S0-small,9,Delay-Greedy,0.05519033561539494,0.17615464992231547,0.2716229492722886,0.02056433059723964,1.0,0.0,0.0,0.9933327742294199,0.006667225770580006,1.041513964841626,0.999777486353264,0.9701058786852856,0.9601965518026402,0.01491855120479675,1.0,0.0004536000778898597,1,1,0.14494324690168725,0.11725134459231157,0.006667225770580006,0.0,0.00022251364673597784,0.05205650786439382,best observed: high-budget DE/RFOTO-ABC plus compared runs,6.020049902626355
