scenario,run,algorithm,objective,delay_mean_s,delay_p95_s,energy_mean_j,success_rate,violation_rate,violation_mean,reliability_mean,link_failure_rate,attempts_mean,jain,utility_p05,utility_min,utility_cv,offload_rate,runtime_s,evaluations,feasible,t_hat,e_hat,r_hat,v_hat,fairness_loss,ood_case
S2,0,RFOTO-ABC,0.17994180307053434,0.4930989011914317,0.9469294922843507,0.049494063621596945,0.96,0.04,0.04752829465005801,0.9997677146804439,0.00023228531955613808,1.0056032112207869,0.9896207780896001,0.9956339075049551,0.3362321011685703,0.10241132759780278,0.96,0.547979399911128,350,1,0.39149378521669664,0.486924802512116,0.00023228531955613808,0.029705184156286257,0.01037922191039986,in_distribution
S2,0,Standard-ABC,0.5351613450706679,1.3555615091585875,4.343936404736639,0.1368786180552555,0.48,0.52,0.535518870312709,0.9981200943919462,0.0018799056080539712,1.0313045650161579,0.8968917218844324,0.33591149774861806,0.24603543402692796,0.33906015744947954,0.5,0.5713961999863386,350,1,1.1162611702318714,0.9171050748781662,0.0018799056080539712,0.410752273768117,0.10310827811556755,in_distribution
S2,0,Delay-Greedy,0.2173704290305822,0.542384604537778,1.0975109277208397,0.08576899464748455,0.96,0.04,0.0724447358778419,0.9995588013947727,0.00044119860522733533,1.00783725576229,0.986709738434503,0.9947679728751644,0.23488118327844226,0.11605719154629773,0.98,0.0021846999879926443,1,1,0.4241381539299531,0.6528974774087408,0.00044119860522733533,0.045277959923651204,0.013290261565496952,in_distribution
S2,1,RFOTO-ABC,0.1897281763894091,0.4669030031327535,0.8345351025846701,0.052998967283662796,0.94,0.06,0.05341478526625885,0.999639851262144,0.00036014873785588763,1.0082405465742175,0.9874379326417034,0.8979911321256857,0.4254198904083193,0.11279131384012707,0.94,0.5906078999396414,350,1,0.4330257055961931,0.4730356559843835,0.00036014873785588763,0.03424024696555054,0.01256206735829657,in_distribution
S2,1,Standard-ABC,0.5332393329595755,1.1562019549101763,3.407704740945971,0.14756139347009453,0.48,0.52,0.4132971869603898,0.996616211657258,0.0033837883427419203,1.053028296580679,0.9220278471927786,0.33285326530765724,0.25405343681755915,0.2908022374482971,0.5,0.6005577000323683,350,1,1.1259768556490437,0.9812672441273865,0.0033837883427419203,0.36872980735429994,0.07797215280722136,in_distribution
S2,1,Delay-Greedy,0.18899858614067344,0.469420010973465,0.9805349271803135,0.048317762600599196,0.94,0.06,0.050910156395676316,0.9987992610243771,0.0012007389756228837,1.0143430256397294,0.9878222988365425,0.9315729653660099,0.4254198904083193,0.11103074232540212,0.96,0.003583699930459261,1,1,0.4452508591618075,0.4497359298067657,0.0012007389756228837,0.03263471563825405,0.01217770116345751,in_distribution
S2,2,RFOTO-ABC,0.18530114620522867,0.5000908431241808,1.2962863306871992,0.04876126266153146,0.96,0.04,0.051112287564350864,0.9997943257241542,0.00020567427584587295,1.0071069149336256,0.989119160085422,0.9970778521724954,0.31661053606997447,0.10488343517739619,0.9,0.5640420999843627,350,1,0.41996749019470136,0.47353345093953964,0.00020567427584587295,0.03042398069306599,0.010880839914578,in_distribution
S2,2,Standard-ABC,0.5449821847663153,1.1800807368163495,2.808526401196008,0.1668078949885374,0.52,0.48,0.46547991742334566,0.9978649643892459,0.002135035610754068,1.0416192481029216,0.9141853611693315,0.3230989011616733,0.17533099783520106,0.3063822196439338,0.58,0.5162021000869572,350,1,1.1002455786743626,0.9929079403348381,0.002135035610754068,0.4307415844029913,0.08581463883066853,in_distribution
S2,2,Delay-Greedy,0.2912870084904354,0.6324029630041624,1.8126529486516991,0.0681470042851477,0.8,0.2,0.1032250206100931,0.9996228329655196,0.000377167034480288,1.0061357359095773,0.9786491998303695,0.6220452040746509,0.31661053606997447,0.1477044416429069,0.98,0.0022006999934092164,1,1,0.4956867946484457,0.9915092682251142,0.000377167034480288,0.06144346464886494,0.021350800169630535,in_distribution
S2,3,RFOTO-ABC,0.1772652669731769,0.43188694286066187,0.9571453560816757,0.04871850144476176,0.94,0.06,0.010027294825911484,0.9986476048643017,0.0013523951356983965,1.026318477288972,0.9983491230758182,0.9657985781461682,0.7462094565554607,0.040664564740463434,0.88,0.606006000074558,350,1,0.39195342785737924,0.5155631186110486,0.0013523951356983965,0.005697326605631525,0.0016508769241817545,in_distribution
S2,3,Standard-ABC,0.4790079933341217,0.9762923417611482,2.9482873427614065,0.11017790573785752,0.62,0.38,0.2981952141438734,0.9988376935848913,0.0011623064151086847,1.0502809432228626,0.9394777732275157,0.41598638179851277,0.29789678240758777,0.2538131940285181,0.56,0.5629596000071615,350,1,1.0312637028424967,0.8552648120177112,0.0011623064151086847,0.33436620208778567,0.06052222677248431,in_distribution
S2,3,Delay-Greedy,0.18766548003200484,0.43005788223317576,0.8826170105083184,0.04918863002038756,0.96,0.04,0.007560218200072418,0.999929058759468,7.094124053198536e-05,1.009926571197126,0.9986492962889008,0.9987942822239743,0.7394943552765944,0.03677676683956524,0.94,0.0027001999551430345,1,1,0.39238954714038093,0.5885160320763082,7.094124053198536e-05,0.00429557852276842,0.0013507037110992437,in_distribution
S2,4,RFOTO-ABC,0.17535683144274014,0.48449028659641813,1.1130563178606605,0.06364115030708514,0.96,0.04,0.0041007561876550205,0.9980262187745024,0.0019737812254975815,1.0203266639371813,0.9995933207067744,0.9704552808060476,0.8724689826816611,0.020170392870737124,0.9,0.563376700039953,350,1,0.4301712097318408,0.4436250348736124,0.0019737812254975815,0.0032580625586189644,0.00040667929322557583,in_distribution
S2,4,Standard-ABC,0.4994242251924398,1.3582254278483255,4.346868486011119,0.15493257362929533,0.5,0.5,0.4872823306354268,0.9962122276661234,0.003787772333876609,1.0572757265261628,0.9066723704958705,0.31357297579804455,0.2751266936179303,0.32083366083444254,0.42,0.6287685999413952,350,1,1.114271160979337,0.725544876969294,0.003787772333876609,0.38907201803926666,0.09332762950412954,in_distribution
S2,4,Delay-Greedy,0.26881026053259305,0.5779603189592577,1.2475111057296098,0.06226203175342425,0.92,0.08,0.09655074746570205,0.9993067984455505,0.0006932015544495051,1.0133280996388985,0.9801874827867199,0.8793738231191113,0.29873408084476605,0.14217238611471017,0.86,0.002992600086145103,1,1,0.6372697886164915,0.4139479748306611,0.0006932015544495051,0.17716039704395642,0.019812517213280145,in_distribution
S2,5,RFOTO-ABC,0.20699371284404805,0.5695715698596586,1.6226072248465593,0.06288240037623428,0.9,0.1,0.03933231026987235,0.9982629242943217,0.001737075705678206,1.0192193865981831,0.991033012311944,0.8810900063453374,0.4694423761662428,0.0951216173507038,0.94,0.5904259999515489,350,1,0.42412292048076444,0.6126968488792285,0.001737075705678206,0.029463968390514503,0.008966987688056038,in_distribution
S2,5,Standard-ABC,0.5944051458810358,1.3520886098052356,3.9449158573240224,0.13973874645830903,0.46,0.54,0.5384388778313022,0.9972205880734092,0.0027794119265909024,1.0270276883978888,0.896175041731049,0.365200383585095,0.22466919110987066,0.34037249665099245,0.42,0.6016041000839323,350,1,1.2712619761999089,0.8182778654702954,0.0027794119265909024,0.5508733835394137,0.103824958268951,in_distribution
S2,5,Delay-Greedy,0.2624731363659775,0.6248159980002065,1.6390928181794115,0.06374928095036662,0.88,0.12,0.08424143285943521,0.9987137775922967,0.0012862224077032924,1.0170870917540915,0.980874942817975,0.6304078631737412,0.35223678287227234,0.1396350841272069,0.9,0.0030824000714346766,1,1,0.543570621281915,0.6166789040382976,0.0012862224077032924,0.12381056952363906,0.01912505718202495,in_distribution
S2,6,RFOTO-ABC,0.18714456083743336,0.3938158684135704,0.7518419819651888,0.04418639834731035,0.96,0.04,0.024199488247928173,0.9977144910869131,0.0022855089130869397,1.0103748866469904,0.9943403167959781,0.9410890856928463,0.547230000996416,0.07544466542395939,0.9,0.6182083000894636,350,1,0.4488869677740005,0.4383985861789319,0.0022855089130869397,0.03142790681549114,0.005659683204021881,in_distribution
S2,6,Standard-ABC,0.45947100995141915,0.9486132324944591,2.431037903621443,0.13881082397211503,0.52,0.48,0.2855008312502901,0.9966424835343617,0.003357516465638284,1.0462514400385057,0.9472984861073769,0.43891445647418137,0.3664271724167565,0.23586751080103088,0.48,0.6394645000109449,350,1,1.0312153903061496,0.819057466386934,0.003357516465638284,0.2809272481592823,0.05270151389262312,in_distribution
S2,6,Delay-Greedy,0.23668301961427782,0.4534543013621267,0.9313121639900765,0.05190991362348604,0.9,0.1,0.040925726607446256,0.9977956451667285,0.0022043548332716157,1.0197251905892502,0.9915920909826652,0.7698192538627501,0.5478479745346814,0.0920825790853059,0.96,0.0025755000533536077,1,1,0.5314510435420021,0.6058083937240751,0.0022043548332716157,0.04498776940364592,0.008407909017334791,in_distribution
S2,7,RFOTO-ABC,0.15798701318973232,0.39936535265417866,0.8964974410183635,0.04589700123628297,0.98,0.02,0.0018447892089706608,0.9994703843568827,0.0005296156431172694,1.0090299025873342,0.999845686104496,0.9949989652838918,0.9115954087943887,0.0124232729969718,1.0,0.5250390000874177,350,1,0.3499279542595977,0.46744569869254887,0.0005296156431172694,0.0010363984320059891,0.0001543138955040213,in_distribution
S2,7,Standard-ABC,0.4713515187439845,1.137804752597956,3.1816724443290227,0.13592067877268846,0.54,0.46,0.4324498474351203,0.9960972240186519,0.0039027759813480877,1.0684814010681039,0.9201481548174637,0.3716534511701044,0.23071831149465363,0.29458701394816017,0.56,0.546061999979429,350,1,1.0055454860663156,0.8152914172020144,0.0039027759813480877,0.3396524106938136,0.0798518451825363,in_distribution
S2,7,Delay-Greedy,0.15688972107303278,0.3982533017465405,0.8604556964585837,0.04457189699219573,0.98,0.02,0.00018587929830142684,0.9994332354853687,0.0005667645146312261,1.0091784163400501,0.9999939022015025,0.9944890063412917,0.9858303963864564,0.0024693796144641335,1.0,0.002265300019644201,1,1,0.34357662658069965,0.47236793474758115,0.0005667645146312261,0.00010442657207945327,6.09779849747305e-06,in_distribution
S2,8,RFOTO-ABC,0.23110271630756685,0.4985771763222184,1.0704749353782699,0.05427728317533784,0.9,0.1,0.019993607186927203,0.9988133318372023,0.0011866681627976906,1.0172439652767082,0.9964642891650574,0.9157978053256496,0.6081802645811031,0.05956724304259366,0.92,0.6106936000287533,350,1,0.5474087454222971,0.595975901428322,0.0011866681627976906,0.016345817919773346,0.0035357108349426403,in_distribution
S2,8,Standard-ABC,0.5360752598742826,1.007549283305588,3.5264811290734146,0.12050532973253965,0.6,0.4,0.4278956925197123,0.9979455846034244,0.002054415396575566,1.0573103914441302,0.9143265931900955,0.3190501989845702,0.23747611434034388,0.3061063527603107,0.62,0.6087697999319062,350,1,1.14265953735045,0.8643717350992752,0.002054415396575566,0.4299708846839122,0.08567340680990454,in_distribution
S2,8,Delay-Greedy,0.3175099476507195,0.5935321411388987,1.102168318095603,0.04796741333696705,0.94,0.06,0.09221013099868049,0.9961577019687468,0.003842298031253202,1.0293688214331336,0.9836454484854383,0.8936103424050273,0.21159396443966094,0.12894366977196117,0.98,0.004232300096191466,1,1,0.7068367386402642,0.5663362550501146,0.003842298031253202,0.21051472959880516,0.016354551514561666,in_distribution
S2,9,RFOTO-ABC,0.16252511919716722,0.42991620014329274,0.8198769584698599,0.042524221709088816,1.0,0.0,0.0,0.999736169647556,0.0002638303524441099,1.0016753361202173,0.999997743342222,0.999888817829992,0.9894955527747029,0.0015022193148794686,0.96,0.5061659999191761,350,1,0.38162599104468026,0.44710344577894434,0.0002638303524441099,0.0,2.2566577779770114e-06,in_distribution
S2,9,Standard-ABC,0.48175515305073463,1.0464412974656647,2.8496211154442967,0.16482994066334164,0.66,0.34,0.3180268317239272,0.9985057132515064,0.0014942867484935118,1.0368885760744841,0.9327196679907528,0.41867059629475994,0.3048396248678266,0.2685768003426581,0.62,0.5822737000416964,350,1,1.0358253670325093,0.856084214671562,0.0014942867484935118,0.33598108776314917,0.06728033200924721,in_distribution
S2,9,Delay-Greedy,0.1657955974001433,0.4421512680177637,0.8979947515335711,0.0430931840118416,1.0,0.0,0.0,0.9999453822129359,5.4617787063988564e-05,1.0024974162101028,0.9999998920659277,0.9999140858820932,0.9976524862830825,0.0003285332303715053,0.98,0.0033403000561520457,1,1,0.38932868777473384,0.45634990472624104,5.4617787063988564e-05,0.0,1.0793407234643837e-07,in_distribution
S2,10,RFOTO-ABC,0.1720521147456895,0.45990709430843574,1.0282328385643507,0.052103784749147924,1.0,0.0,0.0,0.9993925053940318,0.000607494605968344,1.010409529004857,0.9999952956655176,0.9961172614269269,0.9868154645741203,0.0021689528840539312,0.96,0.6233538000378758,350,1,0.373995537836489,0.5228735047680082,0.000607494605968344,0.0,4.704334482408257e-06,in_distribution
S2,10,Standard-ABC,0.49329928889514674,1.2051064179960589,3.791903390579666,0.13010362745942078,0.56,0.44,0.39710123309589723,0.9961618838902169,0.003838116109783267,1.0492848979951745,0.9187509461382143,0.3639662364195458,0.29671641808357735,0.2973789724725893,0.56,0.6180930000264198,350,1,1.0599608393027944,0.9293403062066511,0.003838116109783267,0.3038122073489039,0.08124905386178571,in_distribution
S2,10,Delay-Greedy,0.18302726498899743,0.49455666628436634,1.0886705354497173,0.05412429471002451,1.0,0.0,0.0,0.9995585142368045,0.00044148576319551935,1.0065916340618768,0.9999955858815985,0.9986583938040569,0.9857886394176342,0.002100984979860483,1.0,0.0023614000529050827,1,1,0.40039960317777384,0.5522560328276975,0.00044148576319551935,0.0,4.4141184014634405e-06,in_distribution
S2,11,RFOTO-ABC,0.16177476210364392,0.45978843986459184,0.9090029286493563,0.04544696438288316,0.98,0.02,0.06307674448781664,0.9997381891003303,0.0002618108996695345,1.0131535482774292,0.9884850652245966,0.9979944014826978,0.2407412582582968,0.10793087182198542,0.94,0.5665240999078378,350,1,0.36126992035014693,0.40339698769073573,0.0002618108996695345,0.03667252586500967,0.01151493477540344,in_distribution
S2,11,Standard-ABC,0.45271338449396886,1.20056570072971,3.7177884523468174,0.12101829026919077,0.52,0.48,0.4626303943245565,0.9992102377847509,0.0007897622152490724,1.0493659047014108,0.9129386255337488,0.34519205138600845,0.23871874579864816,0.30881043603473224,0.44,0.6208972999593243,350,1,0.9684190087055058,0.7548541486752195,0.0007897622152490724,0.3366534056132879,0.08706137446625117,in_distribution
S2,11,Delay-Greedy,0.16880121657918387,0.5047892947983482,0.9891740358674491,0.043768699076559454,0.96,0.04,0.09223330982228944,0.9997684564601073,0.00023154353989283784,1.0096894634516405,0.9815120463702309,0.9955603933890046,0.2407412582582968,0.13724502305924458,0.96,0.002673699986189604,1,1,0.3811532936688621,0.38191591383259565,0.00023154353989283784,0.05362401733854037,0.01848795362976907,in_distribution
S2,12,RFOTO-ABC,0.15684574455414146,0.3974420038349797,0.8491201955858935,0.03837135182451409,1.0,0.0,0.0,0.9996844845189279,0.00031551548107212614,1.007327994209794,0.9999982198993054,0.9980740742867895,0.9913563431550627,0.0013342053301091442,0.98,0.5614020000211895,350,1,0.36035829489261245,0.44461867146446493,0.00031551548107212614,0.0,1.7801006946260856e-06,in_distribution
S2,12,Standard-ABC,0.4275552464647588,0.9400459932778457,3.010259286483878,0.11183575167752456,0.58,0.42,0.3341120374899616,0.9967886853199114,0.0032113146800886614,1.0322778580931349,0.9297210385683534,0.39940021555545363,0.35338791722102797,0.2749389932932093,0.56,0.6067239999538288,350,1,0.9717229277380479,0.6811965366171228,0.0032113146800886614,0.28504370754765473,0.07027896143164658,in_distribution
S2,12,Delay-Greedy,0.1658140990796088,0.40869349990981313,0.9219336993036811,0.03936292177634978,1.0,0.0,0.0,0.9997393028766246,0.00026069712337540186,1.0060975097455402,0.9999981768375705,0.999354244506885,0.990628749839656,0.0013502465526891536,1.0,0.0024437999818474054,1,1,0.3718541606297298,0.4853209734875791,0.00026069712337540186,0.0,1.8231624294706705e-06,in_distribution
S2,13,RFOTO-ABC,0.18941484442076134,0.4490162766955563,0.8845391670687371,0.05014445648901434,0.94,0.06,0.02090460027380091,0.9991930262889389,0.0008069737110611252,1.0125260775680571,0.9954337699062157,0.9854449596251768,0.599735745430742,0.06772869551213023,0.92,0.5979767999378964,350,1,0.41988503806464117,0.5261128467657309,0.0008069737110611252,0.0187213145338463,0.004566230093784318,in_distribution
S2,13,Standard-ABC,0.5001160972060297,1.0964410631051134,3.358829845230583,0.14480373329363558,0.48,0.52,0.40950865625318883,0.9981657769642893,0.0018342230357107291,1.0345006997619195,0.9212715025987509,0.32093235345681637,0.2851471849925198,0.2923291761192048,0.5,0.586247600032948,350,1,1.076855208597801,0.8530961941315596,0.0018342230357107291,0.36304698687806425,0.0787284974012491,in_distribution
S2,13,Delay-Greedy,0.1918515594664006,0.45246091940323874,0.8490706125985972,0.053511799469606186,0.94,0.06,0.0175945699373131,0.9991781143962208,0.0008218856037791822,1.0125212335744511,0.9962919754638505,0.9859481652028924,0.599735745430742,0.06100676319182811,0.96,0.0023589000338688493,1,1,0.4182077107768458,0.5489896981348287,0.0008218856037791822,0.0169223850031464,0.00370802453614949,in_distribution
S2,14,RFOTO-ABC,0.15101161115806427,0.4158774709055873,1.0235568726103441,0.044150033892217035,1.0,0.0,0.0,0.9996723790432285,0.00032762095677151047,1.0040317849456681,0.9999982034757814,0.998696597947776,0.9910385053723576,0.0013403460171290931,0.96,0.5555387000786141,350,1,0.35872989710357644,0.4084222880812205,0.00032762095677151047,0.0,1.7965242186113173e-06,in_distribution
S2,14,Standard-ABC,0.45516031937814044,1.0287374855298588,4.6000177863387375,0.09550109646331348,0.72,0.28,0.3635102622414773,0.9980902849657396,0.0019097150342604775,1.0421498269195422,0.928633691073012,0.3066968699953968,0.2219251749516947,0.27721989827464727,0.58,0.5801337000448257,350,1,0.968190987326215,0.7145130703144941,0.0019097150342604775,0.3793948906140493,0.07136630892698803,in_distribution
S2,14,Delay-Greedy,0.16464965082274854,0.4409435842684893,1.1735876209994642,0.04594571249742963,1.0,0.0,0.0,0.9996378247834882,0.00036217521651180193,1.0045610534941978,0.999997749382205,0.9985965456175158,0.9908497101557703,0.0015002076056224657,0.98,0.0025846000062301755,1,1,0.38860096656527016,0.44951091030306256,0.00036217521651180193,0.0,2.2506177950187833e-06,in_distribution
S3,0,RFOTO-ABC,0.33038382717188985,1.0140471133197302,1.9814720172049676,0.12286391303369246,0.67,0.33,0.11877317474627624,0.9978027349186591,0.0021972650813407,1.0210306741456927,0.97738470217931,0.5926053447838818,0.30711819252624406,0.15211371990756328,0.72,0.7297806999413297,350,1,0.775896802487839,0.7413734651912733,0.0021972650813407,0.08548743632746977,0.02261529782069005,bursty_heavy_load
S3,0,Standard-ABC,0.8628565505723703,2.1868310632724417,5.382289499909509,0.25592077773601,0.36,0.64,0.9037246490692473,0.9977361430160983,0.00226385698390175,1.0553900173624746,0.8373533994098448,0.2518506380333864,0.1905339414439383,0.440725421173024,0.38,0.6851194000337273,350,1,1.8050898779344238,1.0206011296800235,0.00226385698390175,0.934576600605829,0.16264660059015523,bursty_heavy_load
S3,0,Delay-Greedy,0.37717992973736497,1.1166730749115164,2.1022269284165156,0.12947484647805266,0.54,0.46,0.14953767484718283,0.9975180658843655,0.0024819341156344576,1.0149782904108298,0.9753815507557096,0.6375379611305251,0.30711819252624406,0.15887043253030694,0.96,0.003969599958509207,1,1,0.8370019245272192,0.8928422347755114,0.0024819341156344576,0.11925583671785189,0.024618449244290352,bursty_heavy_load
S3,1,RFOTO-ABC,0.3712029819324207,1.0491088899218517,2.1864150090006698,0.1391231879767389,0.62,0.38,0.14883671890876965,0.9982828446816017,0.0017171553183984634,1.018386644152236,0.9726955804597205,0.5828951175396708,0.4686114314695129,0.16754366173047994,0.73,0.6501281999517232,350,1,0.8202530595204116,0.880015687482888,0.0017171553183984634,0.11879307974065191,0.027304419540279512,bursty_heavy_load
S3,1,Standard-ABC,0.9443192158407653,2.08466607072833,5.8596520764739894,0.2666477658862903,0.37,0.63,0.9101413888565301,0.9981881968602069,0.0018118031397931433,1.0567381290588704,0.8464311095426145,0.233300948772136,0.14395192678634036,0.42594724614480994,0.45,0.6839030000846833,350,1,1.9022741915375365,1.2804915052176804,0.0018118031397931433,1.0131169919086507,0.15356889045738553,bursty_heavy_load
S3,1,Delay-Greedy,0.40937811192010365,1.1496409151608906,2.2659127974114606,0.1418588127840076,0.47,0.53,0.19493489407392603,0.9983681187582867,0.0016318812417133056,1.0213126774072003,0.9673980759729421,0.5489161518915228,0.4035937763200695,0.1835773117407573,0.94,0.0042681999038904905,1,1,0.893155438882964,0.9575661579215151,0.0016318812417133056,0.1489506546349364,0.03260192402705786,bursty_heavy_load
S3,2,RFOTO-ABC,0.3719901756060848,0.9982463110479695,2.471128222560903,0.14010985043122873,0.64,0.36,0.17916448010980462,0.9992434262964557,0.0007565737035443943,1.0164640580994935,0.96563598050701,0.5621444559056044,0.3709695088807487,0.1886449825190272,0.72,0.719623800017871,350,1,0.7904329323068557,0.9158266026424681,0.0007565737035443943,0.12680813787337328,0.03436401949298995,bursty_heavy_load
S3,2,Standard-ABC,0.8555183336771497,1.9482146742857622,5.462360244567508,0.22436909076976566,0.33,0.67,0.8064891113003126,0.9979571363708832,0.0020428636291168188,1.0490664247185075,0.8634829631303131,0.26328503458043345,0.147046882304969,0.3976184610150788,0.48,0.74078620004002,350,1,1.7795976909794022,1.1487031486909283,0.0020428636291168188,0.8697092414895334,0.13651703686968686,bursty_heavy_load
S3,2,Delay-Greedy,0.42159817655583226,1.124954512230747,3.1511966747664624,0.1385416406650927,0.58,0.42,0.2464897894428063,0.9990388119007072,0.000961188099292749,1.0157702670719038,0.9516537466885948,0.4524751905728871,0.2635741299891062,0.22539378192016735,0.91,0.004561400040984154,1,1,0.8944587578663542,0.9700088666141822,0.000961188099292749,0.1801519259221884,0.048346253311405185,bursty_heavy_load
S3,3,RFOTO-ABC,0.3185814133537099,0.9845997452976447,2.0994909415906866,0.10714238584498634,0.76,0.24,0.14035880270513645,0.9990892876858709,0.0009107123141291706,1.0110985566408106,0.9747525020419494,0.6643461533274881,0.20257169984017984,0.16093925757383445,0.74,0.7046649999683723,350,1,0.7346158141121215,0.6923929907998685,0.0009107123141291706,0.10839697619666351,0.02524749795805059,bursty_heavy_load
S3,3,Standard-ABC,0.899615508385456,1.9432497611699686,6.494413006012747,0.20323465276319655,0.31,0.69,0.8811129547213865,0.9964506807613226,0.003549319238677413,1.0582193111658402,0.8581649456969908,0.2217567088210069,0.13157345520570693,0.40654292207918186,0.43,0.7315434999763966,350,1,1.9022271285823102,0.9596513058623186,0.003549319238677413,1.0325036334693747,0.14183505430300924,bursty_heavy_load
S3,3,Delay-Greedy,0.3589935195463114,1.0691475836313697,2.4177738105417172,0.10552887275457967,0.65,0.35,0.18092073178124377,0.9982699036180521,0.0017300963819477156,1.0170809556379847,0.9681050140955368,0.6100873630617821,0.20257169984017984,0.18150975582223675,0.96,0.0038666999898850918,1,1,0.7936753555184257,0.8111586636109778,0.0017300963819477156,0.13508245585199724,0.03189498590446316,bursty_heavy_load
S3,4,RFOTO-ABC,0.3010572861042804,0.9228156113485757,1.918027715703301,0.11660564037074674,0.71,0.29,0.09617392986637491,0.9987908761956931,0.0012091238043070174,1.0161378596278368,0.981990186360904,0.6336651342927148,0.4374392930277125,0.13542568332876737,0.75,0.6544626000104472,350,1,0.7306834450528595,0.6430754656533358,0.0012091238043070174,0.07592723274535727,0.01800981363909604,bursty_heavy_load
S3,4,Standard-ABC,0.7404966363548067,1.8635535102418501,4.869476642957224,0.2979808689939352,0.28,0.72,0.6986386296636744,0.995066786248638,0.004933213751362178,1.0700847942209581,0.8850855108655912,0.3073055864272377,0.13557890984600243,0.36032531893646597,0.5,0.6928422000491992,350,1,1.560288395447198,1.1151732042655134,0.004933213751362178,0.6596989629309861,0.11491448913440883,bursty_heavy_load
S3,4,Delay-Greedy,0.363078908829165,1.0404583223294512,2.235616471107916,0.12027227278520922,0.6,0.4,0.1534384447709336,0.9977681898069176,0.0022318101930824397,1.0264806207116586,0.973211309120459,0.5813208271566496,0.49104662854078185,0.16590985048291187,0.96,0.003568700049072504,1,1,0.8296728466012327,0.8181556461697316,0.0022318101930824397,0.11389073833139768,0.026788690879541055,bursty_heavy_load
S3,5,RFOTO-ABC,0.41738030946965066,1.1434172428065126,2.437579199283622,0.12583660280874148,0.69,0.31,0.20192942381104068,0.996118565927185,0.0038814340728150465,1.0208468381619236,0.9612957518388496,0.48401313118861994,0.1922658867251741,0.20065537892445542,0.73,0.7337236000457779,350,1,0.9552127545248732,0.7072102361769802,0.0038814340728150465,0.2636546454925992,0.03870424816115037,bursty_heavy_load
S3,5,Standard-ABC,0.8252006780521344,2.0770320956187476,5.739016147532398,0.24509131867869002,0.33,0.67,0.8330439677642941,0.9968465748313055,0.0031534251686945102,1.0384663816155686,0.8559202062032346,0.2506868336109469,0.1922658867251741,0.4102843009952194,0.41,0.6949535999447107,350,1,1.7071864236454906,1.1235931802705332,0.0031534251686945102,0.8304897639877121,0.1440797937967654,bursty_heavy_load
S3,5,Delay-Greedy,0.4885876471525714,1.273318446392389,2.766740068399325,0.144553637865919,0.49,0.51,0.2664711483246522,0.994468146782302,0.005531853217698064,1.0220386432235928,0.9513238678482238,0.44823392780763827,0.1922658867251741,0.22620064256530245,0.92,0.005407299962826073,1,1,1.0259592436405334,0.9830203426097691,0.005531853217698064,0.3049479775386664,0.04867613215177624,bursty_heavy_load
S3,6,RFOTO-ABC,0.3479107773128742,0.9044920195686644,1.6939138030889822,0.1039199264889286,0.66,0.34,0.13652039435717467,0.9985890260785465,0.001410973921453549,1.0149272544454222,0.9745714359155255,0.5834785215613232,0.269333336168352,0.1615303296085903,0.64,0.639310700003989,350,1,0.8099720361870342,0.7588325086080464,0.001410973921453549,0.10998565031178713,0.02542856408447447,bursty_heavy_load
S3,6,Standard-ABC,0.7786666562300641,1.7751992713769098,4.6548775051172635,0.21621261944187686,0.26,0.74,0.7430498390656226,0.9971188611217648,0.00288113887823507,1.0610826903005022,0.8795078369944623,0.2748931991679849,0.2227814601386173,0.37013447971878716,0.33,0.756314400001429,350,1,1.6277144472242928,1.125093971227725,0.00288113887823507,0.7372955860534183,0.12049216300553767,bursty_heavy_load
S3,6,Delay-Greedy,0.47922519791245993,1.1600796692501418,2.9421838123492035,0.13133546389300124,0.49,0.51,0.3021795448919906,0.9971114782406764,0.0028885217593234047,1.0224802340108592,0.9448356534912916,0.39173865913367534,0.269333336168352,0.2416301382353818,0.9,0.004003399983048439,1,1,1.0047151789708837,1.027819719627437,0.0028885217593234047,0.2600843555898102,0.055164346508708384,bursty_heavy_load
S3,7,RFOTO-ABC,0.35937292851437797,0.9740588528082016,2.145349706809126,0.1304126618076633,0.68,0.32,0.1448404037858416,0.9988940292173902,0.0011059707826097565,1.0073084249909663,0.9713770365814971,0.5367172297028767,0.3212277662269388,0.1716577364762792,0.76,0.638619799981825,350,1,0.7635050904571181,0.8928721790608772,0.0011059707826097565,0.12020476148667791,0.0286229634185029,bursty_heavy_load
S3,7,Standard-ABC,0.8005031099035042,1.9485398323237577,5.528406717405773,0.2194081147107171,0.32,0.68,0.8119967618972216,0.9985367605415421,0.0014632394584580134,1.074303873663342,0.8599335936929998,0.25619306785840934,0.20338561535438618,0.4035845529676377,0.3,0.7071481000166386,350,1,1.656168771218482,1.1008009650817505,0.0014632394584580134,0.8001526539955178,0.14006640630700018,bursty_heavy_load
S3,7,Delay-Greedy,0.40585812200433824,1.0605816144147975,2.150779376997448,0.14015996613674903,0.56,0.44,0.1709101981337781,0.9991389119818196,0.000861088018180357,1.016215816847173,0.9694108960391054,0.5313326907988404,0.3857231805334401,0.17763536362305238,0.98,0.0037245999556034803,1,1,0.8071917057938633,1.101084922050214,0.000861088018180357,0.1365474962022802,0.030589103960894648,bursty_heavy_load
S3,8,RFOTO-ABC,0.3560237627776027,0.9784373367183059,2.0404417857499126,0.12292794085508772,0.6,0.4,0.1331317152568261,0.9993012161554411,0.0006987838445590155,1.016032801191452,0.9767204437013388,0.5790595489548245,0.480398283424826,0.15438397198830317,0.69,0.7004833000246435,350,1,0.8049537983152538,0.85595273592968,0.0006987838445590155,0.09104285038250516,0.023279556298661186,bursty_heavy_load
S3,8,Standard-ABC,0.9222974655416821,1.9959647513572714,5.201187943205838,0.27719751535501436,0.28,0.72,0.8838849083009961,0.9952785699420572,0.004721430057942886,1.0996383049258736,0.8575015910114088,0.25447978651921005,0.12023110405966927,0.4076500880432784,0.43,0.6752012999495491,350,1,1.7500110411499272,1.6672208842190792,0.004721430057942886,0.849570101045845,0.14249840898859123,bursty_heavy_load
S3,8,Delay-Greedy,0.45912259024485436,1.1958320482997653,2.8438332584018813,0.13708720237672634,0.53,0.47,0.2715804627534136,0.9979601158716455,0.0020398841283545844,1.0240911605971654,0.9474252596430529,0.4718714287775422,0.3211692436024993,0.2355678881718643,0.96,0.004780899966135621,1,1,0.9537834570069998,1.1139545624526854,0.0020398841283545844,0.1811574149839545,0.05257474035694709,bursty_heavy_load
S3,9,RFOTO-ABC,0.3107268742507677,1.0127952132131481,2.364925880274226,0.11570507669193221,0.65,0.35,0.11628797676602062,0.9982324880350371,0.0017675119649629921,1.0225901971826323,0.978447694147695,0.624764546648336,0.3431265700849581,0.14841509135262193,0.79,0.7071416000835598,350,1,0.7142059811744724,0.733515739196163,0.0017675119649629921,0.07424667922754716,0.021552305852305054,bursty_heavy_load
S3,9,Standard-ABC,0.8400886375839838,2.0901727628293982,5.659371424894434,0.2285733247254704,0.35,0.65,0.8074041078763993,0.9973864188091542,0.0026135811908457205,1.0412709745887787,0.8578879324198668,0.26389504876319053,0.20809409986303556,0.40700542649964977,0.41,0.7508433000184596,350,1,1.7724993456146638,1.0191670016322976,0.0026135811908457205,0.8889968982411365,0.14211206758013317,bursty_heavy_load
S3,9,Delay-Greedy,0.3600046316812575,1.088298303450929,2.582967478665918,0.119536360852416,0.62,0.38,0.1426430005056745,0.9981932858710398,0.0018067141289602473,1.020041127712686,0.9736502057507551,0.5866845994568342,0.3431265700849581,0.1645080423273587,0.94,0.004286599927581847,1,1,0.7575413505423514,0.9597970301276937,0.0018067141289602473,0.08934371025334752,0.026349794249244884,bursty_heavy_load
S3,10,RFOTO-ABC,0.35140945445346067,0.9437289193222711,1.8118041437680712,0.11599862503931078,0.76,0.24,0.09948193704488208,0.9989769398761582,0.0010230601238417636,1.011674287641365,0.9816243684776192,0.687546113161869,0.22888944881751017,0.1368196487849347,0.78,0.6788581000873819,350,1,0.7433844921093137,0.9054683941090382,0.0010230601238417636,0.10712846222660428,0.018375631522380753,bursty_heavy_load
S3,10,Standard-ABC,0.8113725049929623,2.0530867437239255,4.9558707542319755,0.20528086391465575,0.31,0.69,0.8414157903061564,0.9985182005126902,0.0014817994873098028,1.0729359871883513,0.8530700831311301,0.2828445857959502,0.19398797706835244,0.41501401265414034,0.34,0.7511131000937894,350,1,1.671801755147521,1.1313160499434793,0.0014817994873098028,0.8055552451470709,0.14692991686886991,bursty_heavy_load
S3,10,Delay-Greedy,0.41554038313749153,1.0162928777586755,2.0601179834940777,0.12417324624220365,0.63,0.37,0.13632102961096215,0.9987443609878209,0.0012556390121789861,1.0143003981438352,0.9758103973041374,0.5997143195254302,0.22888944881751017,0.15744600558825914,0.96,0.0040065000066533685,1,1,0.7995010037932304,1.1924239977646953,0.0012556390121789861,0.13168785727065765,0.024189602695862567,bursty_heavy_load
S3,11,RFOTO-ABC,0.38388667708390706,1.0035492652231204,2.379166828978476,0.1306160542569921,0.72,0.28,0.14545569074084827,0.9983954945920229,0.001604505407977057,1.0155168806788588,0.9724382924701852,0.6102218913980555,0.23891055073563838,0.16835345514853944,0.73,0.6421761000528932,350,1,0.852500436424256,0.804477638654661,0.001604505407977057,0.182539059874305,0.027561707529814794,bursty_heavy_load
S3,11,Standard-ABC,0.8096316122821988,2.0046081154612265,5.4684660000145655,0.22632309180341534,0.37,0.63,0.8340587334433479,0.9985161845280799,0.001483815471920179,1.0363361170600611,0.8617509765620366,0.25598077167285743,0.09801831784713476,0.4005346974101589,0.44,0.6758012999780476,350,1,1.692785121167869,1.0007266245208193,0.001483815471920179,0.8611688868081203,0.13824902343796341,bursty_heavy_load
S3,11,Delay-Greedy,0.4444546641654801,1.125075079470976,3.216184921663116,0.1252028130490571,0.57,0.43,0.228368833174046,0.9980598683826121,0.0019401316173880668,1.0184211163460863,0.958478350423153,0.42332867813176567,0.23891055073563838,0.20813549277815815,0.89,0.004223500029183924,1,1,0.9804041664388539,0.806753235587955,0.0019401316173880668,0.28689745383027454,0.04152164957684701,bursty_heavy_load
S3,12,RFOTO-ABC,0.3745343430807338,1.084904585811732,2.240631247444328,0.12621872145182528,0.69,0.31,0.18388638494660803,0.9992971495273835,0.0007028504726164309,1.0139661625813654,0.9640137196756028,0.5279804383725953,0.2857119074234734,0.1932087861231479,0.74,0.7047868999652565,350,1,0.8655992009455006,0.7369551769110071,0.0007028504726164309,0.168211016658099,0.03598628032439721,bursty_heavy_load
S3,12,Standard-ABC,0.8423548009466643,1.9843192805278074,4.783816350616184,0.23131240207568463,0.3,0.7,0.7934766459202269,0.9973277970956056,0.0026722029043943483,1.073490197416584,0.8637682240005543,0.28776867499627057,0.26189689930196336,0.3971372256202267,0.49,0.7296437999466434,350,1,1.7057497312745162,1.259486941883345,0.0026722029043943483,0.8241004794589515,0.1362317759994457,bursty_heavy_load
S3,12,Delay-Greedy,0.413630514183605,1.1701058681067003,2.225923749138804,0.12355477643045956,0.54,0.46,0.19633517737358377,0.9984452255933224,0.0015547744066774915,1.0244886047488022,0.9643530246565805,0.5038791884470143,0.2857119074234734,0.19226193963684238,0.95,0.005218700040131807,1,1,0.9141538725096924,0.9094198026754253,0.0015547744066774915,0.17208429788807886,0.03564697534341954,bursty_heavy_load
S3,13,RFOTO-ABC,0.3922267663189327,1.0928165693110075,2.895028750400256,0.15827463599180125,0.56,0.44,0.24012667104640367,0.9991153255150564,0.0008846744849435406,1.0193820745976656,0.9524034106291666,0.42152328056140853,0.3622977279963364,0.22355142666779015,0.67,0.6979714999906719,350,1,0.8353667261003266,0.8694082358532045,0.0008846744849435406,0.18262970445302668,0.04759658937083344,bursty_heavy_load
S3,13,Standard-ABC,0.8549651139612133,2.0796797979918136,5.4307517356143435,0.19852005311043266,0.25,0.75,0.9091835637664256,0.9977698343996724,0.0022301656003275837,1.065324677586513,0.8548369001153234,0.2701332439061158,0.1960606644015693,0.41208469647711704,0.3,0.6816456000087783,350,1,1.837397070876634,0.9290512058393867,0.0022301656003275837,0.9361506690535194,0.14516309988467657,bursty_heavy_load
S3,13,Delay-Greedy,0.4643363343991264,1.2779010006646803,3.1415372338053698,0.19230514187943817,0.45,0.55,0.33547630349513197,0.9977287896736836,0.0022712103263162887,1.0257710782181526,0.9413264558711455,0.4147754698558282,0.2378986985788154,0.2496611857198363,0.9,0.00442110002040863,1,1,0.9320764287060717,1.0964434825572555,0.0022712103263162887,0.23038172461771506,0.058673544128854505,bursty_heavy_load
S3,14,RFOTO-ABC,0.36299917961625927,0.9699071800587465,3.142614285820862,0.11305492392198953,0.76,0.24,0.1588116813083818,0.9988591046159585,0.001140895384041376,1.0169363689157471,0.9673380167786695,0.4833583361583467,0.28566051723832175,0.18375203084910857,0.64,0.6733550999779254,350,1,0.8094579782944056,0.7614127622587381,0.001140895384041376,0.1651811765753573,0.032661983221330515,bursty_heavy_load
S3,14,Standard-ABC,0.7718797531953888,1.7095922331524045,4.544447503275981,0.21994431712905413,0.37,0.63,0.6846687500330378,0.9968687094226962,0.003131290577303646,1.038543298903361,0.8804789743473399,0.30080851986022916,0.2340549960330427,0.36843651090286333,0.4,0.7042448999127373,350,1,1.5191482543190598,1.356506914777375,0.003131290577303646,0.680248961742632,0.1195210256526601,bursty_heavy_load
S3,14,Delay-Greedy,0.4138699411246896,1.1086397331828002,3.142614285820862,0.1256941302109347,0.51,0.49,0.22217080097912498,0.9984497930274447,0.0015502069725553292,1.0191234261407092,0.9594827955415708,0.4660484628671241,0.28566051723832175,0.20549494381762679,0.89,0.004238300025463104,1,1,0.8726599180937038,0.9435368269793669,0.0015502069725553292,0.1911472619643326,0.04051720445842921,bursty_heavy_load
S5,0,RFOTO-ABC,0.35775911551388506,0.9056183205217176,2.388152000442796,0.09833713736724022,0.72,0.28,0.16007573828574878,0.998683126689204,0.0013168733107960058,1.0168010887245407,0.9664170275240037,0.4611033844708497,0.3241911372616622,0.186413465450537,0.6333333333333333,1.0314496000064537,350,1,0.8362847405644265,0.6703194975633336,0.0013168733107960058,0.17135674081887897,0.03358297247599629,strong_server_heterogeneity
S5,0,Standard-ABC,0.7043688489267563,1.6582230023021771,5.083703792371349,0.17079974859450792,0.30666666666666664,0.6933333333333334,0.6539966228238238,0.9973978009237366,0.0026021990762635575,1.0817910579744108,0.8875927325849458,0.2805823647705491,0.21806425360037968,0.3558691379941533,0.21333333333333335,1.0679668999509886,350,1,1.528131784535725,0.9469924543236747,0.0026021990762635575,0.6516220188670518,0.11240726741505425,strong_server_heterogeneity
S5,0,Delay-Greedy,0.3788713610624715,0.970287987759273,2.2544030550588015,0.09058911973691004,0.6533333333333333,0.3466666666666667,0.17163989602025112,0.9975146372892514,0.002485362710748586,1.0303169408576163,0.9644096367487913,0.4357252186346645,0.3241911372616622,0.1921035717196605,0.8733333333333333,0.006745600025169551,1,1,0.8673017886588079,0.7652505538313729,0.002485362710748586,0.16569081517293044,0.03559036325120868,strong_server_heterogeneity
S5,1,RFOTO-ABC,0.33122445108800463,0.7753264520681883,1.490093559632838,0.08119481971299204,0.74,0.26,0.09953810918247424,0.998556141498248,0.0014438585017521703,1.0219157816487219,0.9800823249722457,0.5922395358876233,0.32129562030982556,0.1425568342893144,0.6666666666666666,1.1278855999698862,350,1,0.8048326665193308,0.6379284492008906,0.0014438585017521703,0.12420237649409882,0.019917675027754322,strong_server_heterogeneity
S5,1,Standard-ABC,0.654196397399342,1.4715739089106625,3.802613572779333,0.1365823092431657,0.32,0.68,0.6367316332911535,0.9996861399455084,0.00031386005449160964,1.02449228859193,0.8897489516210136,0.31585264233620003,0.23956409238396856,0.3520121238018577,0.25333333333333335,1.0532927999738604,350,1,1.4435521943165723,0.8412477392820219,0.00031386005449160964,0.6020830346405976,0.11025104837898636,strong_server_heterogeneity
S5,1,Delay-Greedy,0.3491577001620614,0.8498380988146743,1.9335118554789403,0.07277179035525694,0.64,0.36,0.12749827942069614,0.9971863420462913,0.002813657953708839,1.031325072121904,0.9767263540407133,0.6008371627897418,0.32129562030982556,0.15436390578288361,0.92,0.007408399949781597,1,1,0.8528264714447418,0.6577963966728132,0.002813657953708839,0.13291137726127672,0.023273645959286715,strong_server_heterogeneity
S5,2,RFOTO-ABC,0.36250537274307004,0.9048884623389749,2.2227609719896573,0.08812309306722724,0.72,0.28,0.1677797075881216,0.9983437663584025,0.0016562336415976325,1.0234118889425676,0.9680971512864375,0.50812914862754,0.2039010231192269,0.18153286469208463,0.6533333333333333,0.9950833000475541,350,1,0.8409958019801573,0.6897443538990484,0.0016562336415976325,0.17471238051127833,0.031902848713562526,strong_server_heterogeneity
S5,2,Standard-ABC,0.7666830542853906,1.6924046995138822,4.493910131450281,0.14851130139198881,0.26,0.74,0.7546329325480975,0.9978985350731447,0.0021014649268553108,1.1011208141425943,0.8770745848426027,0.27877804407580553,0.2039010231192269,0.37437132677280827,0.22666666666666666,1.0961546000326052,350,1,1.6518863487895419,0.928265072939134,0.0021014649268553108,0.7824504035526177,0.1229254151573973,strong_server_heterogeneity
S5,2,Delay-Greedy,0.4124638011384769,0.986579506482053,2.608333212383121,0.09264614597108994,0.6066666666666667,0.3933333333333333,0.1965529928701661,0.9972072130891566,0.0027927869108434287,1.0264364710855673,0.9620538984869509,0.4668026727795215,0.2735647189136281,0.19860212004135971,0.8933333333333333,0.008518500020727515,1,1,0.9012685198725476,0.8929787080400229,0.0027927869108434287,0.18779756942084203,0.03794610151304911,strong_server_heterogeneity
S5,3,RFOTO-ABC,0.3743228625327818,0.8992437277247808,1.9278122958375636,0.10157893827320907,0.6466666666666666,0.35333333333333333,0.16877044102949704,0.9974719288502698,0.00252807114973018,1.0304278648928238,0.967422201628296,0.5226104391441597,0.2806001473554888,0.18350708671237562,0.64,1.1077500000828877,350,1,0.8589245086126087,0.7627228456613079,0.00252807114973018,0.1591640981789272,0.03257779837170405,strong_server_heterogeneity
S5,3,Standard-ABC,0.7475095212760925,1.6533914556683413,4.225499527982478,0.20293253223640215,0.3466666666666667,0.6533333333333333,0.7415214063907818,0.9955538298391082,0.004446170160891951,1.1560383412249673,0.8696344709153104,0.3007363374807343,0.13795566128502368,0.3871800866626717,0.22666666666666666,1.057383600040339,350,1,1.5779626067917294,1.0305828720856993,0.004446170160891951,0.7119495014816934,0.13036552908468957,strong_server_heterogeneity
S5,3,Delay-Greedy,0.4343398641263638,1.033957137706999,2.2737517432538277,0.10726356683962399,0.5066666666666667,0.49333333333333335,0.2140778854600132,0.9969677459060597,0.0030322540939403194,1.031257002738685,0.9611584280234788,0.523525016881357,0.3122224335792302,0.2010253883793155,0.9266666666666666,0.006314700003713369,1,1,0.925726594821229,1.0140605501465674,0.0030322540939403194,0.17746578513522066,0.03884157197652116,strong_server_heterogeneity
S5,4,RFOTO-ABC,0.33958478589272917,0.8572013925415941,1.9445496074651372,0.09111047868505533,0.7066666666666667,0.29333333333333333,0.13282837166105702,0.9978206651351741,0.002179334864825962,1.0323666626718193,0.9727341382034664,0.5361092850161409,0.35567020280401473,0.16742200385761327,0.68,0.9851961000822484,350,1,0.7789322877332088,0.7268544885881952,0.002179334864825962,0.1251911777150098,0.027265861796533564,strong_server_heterogeneity
S5,4,Standard-ABC,0.7356856669254049,1.7032496319639683,4.229503663500235,0.16133651923878148,0.2866666666666667,0.7133333333333334,0.726277676642602,0.9968592129265513,0.0031407870734487496,1.094609787907554,0.878761243375021,0.30450517298741825,0.19590166603191733,0.3714371082418213,0.20666666666666667,1.0895093999570236,350,1,1.597945975358443,0.9126510596607494,0.0031407870734487496,0.7219501729129802,0.12123875662497896,strong_server_heterogeneity
S5,4,Delay-Greedy,0.3829426350762591,0.9772167939610483,2.1279981121662255,0.0934644691488948,0.5866666666666667,0.41333333333333333,0.19018259599375267,0.9976758189134393,0.0023241810865608117,1.0308849854756654,0.9643333942931286,0.5236271615040203,0.31066624792514724,0.19231682793732513,0.9066666666666666,0.007735099992714822,1,1,0.8635990843864296,0.8057910874888521,0.0023241810865608117,0.16143749513192412,0.03566660570687141,strong_server_heterogeneity
S5,5,RFOTO-ABC,0.3174023707775091,0.8814367194803109,1.9338215966321424,0.08735074398974116,0.7066666666666667,0.29333333333333333,0.11595791968848815,0.9985882293322277,0.0014117706677722157,1.0192101079195282,0.9766918215616895,0.5914402342344092,0.33572287511580534,0.15448111363231923,0.7266666666666667,1.076510600047186,350,1,0.7667401245234415,0.6308942108997769,0.0014117706677722157,0.10921850844952471,0.023308178438310456,strong_server_heterogeneity
S5,5,Standard-ABC,0.7229671079805116,1.6623165727866982,4.094038496184015,0.18238214092806396,0.30666666666666664,0.6933333333333334,0.7099597812938436,0.996483024222479,0.0035169757775210765,1.0995441002612147,0.881086898089714,0.3220331270920824,0.14566226622056253,0.367371517665622,0.2866666666666667,1.0414764999877661,350,1,1.5448264047440405,0.9641232553924025,0.0035169757775210765,0.694406632174376,0.11891310191028603,strong_server_heterogeneity
S5,5,Delay-Greedy,0.38753331440449384,1.0075327308407573,1.9929601379651818,0.1000774620693777,0.58,0.42,0.1881588484286783,0.9968539138914093,0.0031460861085907035,1.0288149598877805,0.9659783460556086,0.5545895375677536,0.19136795817134544,0.18766963780656193,0.9466666666666667,0.007877500029280782,1,1,0.8620466351547873,0.845256402415361,0.0031460861085907035,0.158002919760464,0.03402165394439138,strong_server_heterogeneity
S5,6,RFOTO-ABC,0.32363190702411654,0.7217897164897448,1.58152196296803,0.07882464097604003,0.7533333333333333,0.24666666666666667,0.10599150984941524,0.9993770616938923,0.0006229383061077357,1.0145209663842383,0.9781142921753764,0.6004325313138715,0.3757007037410405,0.1495841218157319,0.66,1.067908100085333,350,1,0.7181925075808646,0.7769634637098778,0.0006229383061077357,0.09652726695001447,0.021885707824623624,strong_server_heterogeneity
S5,6,Standard-ABC,0.6965377817847822,1.3775022351349981,3.746281473620714,0.14801614335799415,0.35333333333333333,0.6466666666666666,0.585624129620125,0.9972181796554037,0.002781820344596236,1.1411439244947645,0.896429784572957,0.3366539513269708,0.24321350329729735,0.33990636790268114,0.22,0.9643602999858558,350,1,1.4673073074939782,1.1087725141370408,0.002781820344596236,0.5892127256310236,0.10357021542704303,strong_server_heterogeneity
S5,6,Delay-Greedy,0.3730989095143868,0.8453117794307862,1.842247188001154,0.08157682176399833,0.6133333333333333,0.38666666666666666,0.15986412973674674,0.9981579365382144,0.001842063461785545,1.025402033494456,0.9701690385760988,0.5752027161391111,0.40459273384996897,0.17535167547828223,0.9133333333333333,0.005885099992156029,1,1,0.7935279039128622,0.9316815951505544,0.001842063461785545,0.1204865494305833,0.02983096142390118,strong_server_heterogeneity
S5,7,RFOTO-ABC,0.3583672812565639,0.8868004168901635,1.883208225841115,0.10818472445132786,0.6066666666666667,0.3933333333333333,0.1498821752281608,0.9982836518074817,0.001716348192518183,1.022775421909118,0.973729709153167,0.5500853514543934,0.22839591781485397,0.16425296960009794,0.6666666666666666,1.10731830005534,350,1,0.7845632649450964,0.8509178103450445,0.001716348192518183,0.1212199208120184,0.026270290846832967,strong_server_heterogeneity
S5,7,Standard-ABC,0.6974900782197649,1.5748472209972748,4.239949104683881,0.1715397747452297,0.30666666666666664,0.6933333333333334,0.6548898645308863,0.9991062462059411,0.0008937537940588647,1.0883586949813435,0.8897555511813782,0.2927858380813864,0.2147520773486884,0.3520002825804445,0.16666666666666666,1.1142179000889882,350,1,1.518974835801458,0.9257716652163616,0.0008937537940588647,0.648660805621365,0.11024444881862183,strong_server_heterogeneity
S5,7,Delay-Greedy,0.42665748952259064,1.023391763722683,2.42290964443738,0.11668369634436118,0.5466666666666666,0.4533333333333333,0.22559232214145666,0.997910196523103,0.0020898034768971328,1.021097289853835,0.9602058816170406,0.5195425304403967,0.22839591781485397,0.20357632159474948,0.92,0.006330200005322695,1,1,0.8780000196454818,1.0526682167791648,0.0020898034768971328,0.17148069456608872,0.03979411838295943,strong_server_heterogeneity
S5,8,RFOTO-ABC,0.344653244513732,0.831960703996772,1.833030144165469,0.08706411705604085,0.64,0.36,0.1530142900598629,0.9996552279113492,0.00034477208865074514,1.0127462721501492,0.9703582563658665,0.5263947831088307,0.29441210367722265,0.17477761982340834,0.64,1.0478299000533298,350,1,0.7955049491175213,0.7564217401914414,0.00034477208865074514,0.11119412097114142,0.02964174363413352,strong_server_heterogeneity
S5,8,Standard-ABC,0.741258868717039,1.566031700765291,4.603331202166662,0.16139630045379205,0.3333333333333333,0.6666666666666666,0.724638373469851,0.997502611685807,0.0024973883141929418,1.0836552727256896,0.8788144582974915,0.28641249722830825,0.12718754821333839,0.37134433893786306,0.28,1.049849900067784,350,1,1.538168714781083,1.114917365216052,0.0024973883141929418,0.6832071052845823,0.1211855417025085,strong_server_heterogeneity
S5,8,Delay-Greedy,0.43239541559955996,0.984229048388741,1.9916787776132718,0.10023673443441274,0.4866666666666667,0.5133333333333333,0.2544276548645919,0.9988558281394305,0.0011441718605694747,1.0225887765934039,0.9543754067371778,0.4819258052209933,0.3358037021919281,0.21864516757872218,0.94,0.006884300033561885,1,1,0.9074405573239979,1.0309875219954083,0.0011441718605694747,0.17525849843084798,0.0456245932628222,strong_server_heterogeneity
S5,9,RFOTO-ABC,0.3888789606067495,1.0248198764778929,2.2786601668461723,0.11450074541607234,0.58,0.42,0.19615972726094463,0.999073309071005,0.0009266909289949732,1.013760551904112,0.9645501845983417,0.4604949420152492,0.2981797237185587,0.19170991505913645,0.6266666666666667,1.0926198000088334,350,1,0.8627483128928126,0.8256052409389568,0.0009266909289949732,0.17539314298662004,0.03544981540165826,strong_server_heterogeneity
S5,9,Standard-ABC,0.7994795965831649,1.839816804697975,4.5402470068883805,0.21441722640198335,0.30666666666666664,0.6933333333333334,0.7611794649400082,0.9981569445341764,0.0018430554658236324,1.0739281543047903,0.8692277008169423,0.3171154171670694,0.20940548928764524,0.3878743855825634,0.24,1.1462759000714868,350,1,1.6680315783674393,1.1237548586106831,0.0018430554658236324,0.7756960689163168,0.13077229918305766,strong_server_heterogeneity
S5,9,Delay-Greedy,0.5128924502716696,1.2349666490233835,2.7683752782132753,0.13144237157942612,0.4666666666666667,0.5333333333333333,0.3272347004062414,0.9982265389574624,0.001773461042537734,1.0203200181993384,0.9406825466459467,0.4391090836961129,0.2779689982741638,0.25111329435360513,0.9133333333333333,0.005675200023688376,1,1,1.0111643274190258,1.241163174929398,0.001773461042537734,0.25869832786355207,0.05931745335405325,strong_server_heterogeneity
S5,10,RFOTO-ABC,0.32488948371052934,0.8472682242878694,1.6449599458191133,0.08608906357537029,0.6133333333333333,0.38666666666666666,0.09666248853890665,0.9988756412442421,0.001124358755757926,1.0152821999078063,0.9837453044536257,0.6560188126539762,0.3287928634774456,0.12854289701593677,0.6666666666666666,1.0538304999936372,350,1,0.7699501085440457,0.7397648588785375,0.001124358755757926,0.07509660663851844,0.016254695546374265,strong_server_heterogeneity
S5,10,Standard-ABC,0.8235260028905843,1.670363795830806,4.96584326683269,0.19447382660852233,0.31333333333333335,0.6866666666666666,0.7695265662883549,0.9982322968973225,0.0017677031026774833,1.0601349960358764,0.8718809390600203,0.26618410516368196,0.1378247670987295,0.3833348304356557,0.28,1.046310200006701,350,1,1.6947930596373773,1.1387303992354316,0.0017677031026774833,0.8377871133375715,0.1281190609399797,strong_server_heterogeneity
S5,10,Delay-Greedy,0.44638887163396784,1.0132150551067836,2.078294399484771,0.10483165422746356,0.4066666666666667,0.5933333333333334,0.2237897992728965,0.9975859987345613,0.0024140012654386184,1.019973912562338,0.9657507346388823,0.5709919007533238,0.3287928634774456,0.18831855218910754,0.9733333333333334,0.005637899972498417,1,1,0.8958343870597234,1.1802442423883186,0.0024140012654386184,0.1590937938141353,0.03424926536111772,strong_server_heterogeneity
S5,11,RFOTO-ABC,0.3363903181821453,0.8975258716930277,2.156066809407589,0.09386495948994673,0.66,0.34,0.15475482309857877,0.9989824919263777,0.0010175080736222826,1.0149084043449048,0.9718443742896812,0.6154586117188299,0.2472180281979805,0.17020966976488652,0.6866666666666666,1.0151334999827668,350,1,0.7849830195203185,0.7105889488762387,0.0010175080736222826,0.11651750199743041,0.02815562571031882,strong_server_heterogeneity
S5,11,Standard-ABC,0.7649427241885987,1.739473507705688,4.594441695117516,0.19122378680686167,0.35333333333333333,0.6466666666666666,0.7984813312409226,0.9986048717239654,0.0013951282760346917,1.0637164237318766,0.8600297784065724,0.27996547214811607,0.19566821385367938,0.40342339572073216,0.21333333333333335,1.1504512000828981,350,1,1.6069951778626428,1.013234202420833,0.0013951282760346917,0.7597369618623679,0.13997022159342765,strong_server_heterogeneity
S5,11,Delay-Greedy,0.4315219352007464,1.039394178094872,2.5110249261293545,0.10078909293419146,0.5466666666666666,0.4533333333333333,0.2415208386242503,0.9982170410577634,0.0017829589422366232,1.016115819456806,0.955272953131776,0.479768615984754,0.2964903137483322,0.2163821199924939,0.9466666666666667,0.005836899974383414,1,1,0.9094750320131808,1.0260427384865527,0.0017829589422366232,0.1727244704231494,0.04472704686822404,strong_server_heterogeneity
S5,12,RFOTO-ABC,0.34789710649265354,0.9062539361102696,2.0645303137997812,0.08639770227960293,0.68,0.32,0.16442988209348278,0.9988510160249643,0.0011489839750357838,1.0181011803454691,0.9688005653920602,0.5126416623289414,0.2597426821315201,0.17945525078819566,0.6733333333333333,1.1756354999961331,350,1,0.7990888838532906,0.720079069386782,0.0011489839750357838,0.14081325254046162,0.031199434607939835,strong_server_heterogeneity
S5,12,Standard-ABC,0.7248101852684535,1.609819437427011,4.333603416706286,0.16470369746629634,0.31333333333333335,0.6866666666666666,0.727469679296601,0.997078999382562,0.002921000617437944,1.106630365814776,0.8787129527360699,0.283712573721023,0.19708883143446176,0.37152128274018137,0.26666666666666666,1.0874036999884993,350,1,1.5424979594420645,0.9960698836887775,0.002921000617437944,0.6839918225661745,0.12128704726393014,strong_server_heterogeneity
S5,12,Delay-Greedy,0.39458505115516473,0.9881265853255669,2.2483566029392597,0.08874786919357515,0.58,0.42,0.20113255307471253,0.9987178244749059,0.001282175525094058,1.014352137025871,0.9631955055817129,0.49175066387814087,0.2597426821315201,0.19547589236306465,0.9133333333333333,0.00635899999178946,1,1,0.8435578884686648,0.9219077367493727,0.001282175525094058,0.15852923703132313,0.03680449441828715,strong_server_heterogeneity
S5,13,RFOTO-ABC,0.31327390994267185,0.812119679338453,1.8041744718332715,0.0965084674346877,0.6733333333333333,0.32666666666666666,0.08534753675938096,0.9987696996386732,0.0012303003613265884,1.0172180198788943,0.98518260320959,0.662864950679151,0.4344299220115917,0.12263871413542823,0.7133333333333334,1.0338074000319466,350,1,0.718993006268341,0.7678490774458991,0.0012303003613265884,0.06351850867149979,0.014817396790410053,strong_server_heterogeneity
S5,13,Standard-ABC,0.6301250781439599,1.4561706550397295,3.8770884421025142,0.17262359353047632,0.32666666666666666,0.6733333333333333,0.5883953220524474,0.9983732584231081,0.0016267415768919605,1.0814073701099425,0.8972896259732469,0.33105271510441064,0.2513936982383381,0.33833025184861687,0.24666666666666667,1.0328536999877542,350,1,1.3779574118546725,0.9353278295517615,0.0016267415768919605,0.5184185853125451,0.10271037402675309,strong_server_heterogeneity
S5,13,Delay-Greedy,0.35378653971745594,0.8587358744812663,1.7532299990781552,0.09622311228609338,0.6466666666666666,0.35333333333333333,0.11246874881884528,0.9983446903386134,0.0016553096613868487,1.0141637629353821,0.9796390110008489,0.6487735799408297,0.4079891159035856,0.14416717852936028,0.9133333333333333,0.005916900001466274,1,1,0.781665656419996,0.8702853509716556,0.0016553096613868487,0.09776845073823424,0.020360988999151064,strong_server_heterogeneity
S5,14,RFOTO-ABC,0.30462893714229616,0.7482214648677219,1.580327888286201,0.07890610843030459,0.7266666666666667,0.2733333333333333,0.0855834982913471,0.9973186656056608,0.0026813343943392787,1.0294398026619591,0.9831754927352394,0.6564758122353178,0.3659872297213276,0.1308144304690027,0.74,1.0018624999793246,350,1,0.7214579703661977,0.6769904651720771,0.0026813343943392787,0.07862372722541261,0.01682450726476059,strong_server_heterogeneity
S5,14,Standard-ABC,0.7677442730629319,1.5492543420045632,4.31630456314437,0.16202650887001965,0.3,0.7,0.720437044294037,0.9969540834346954,0.003045916565304789,1.1108336494645275,0.8760461952049727,0.2931931513626889,0.16379237110403888,0.37615464329422665,0.26666666666666666,1.1054952000267804,350,1,1.6342994835082258,0.9932248857244285,0.003045916565304789,0.7639336611795846,0.12395380479502727,strong_server_heterogeneity
S5,14,Delay-Greedy,0.3251774085594981,0.7989464081379329,1.7412580540231144,0.0760861136076891,0.64,0.36,0.09656782207500668,0.996858804266861,0.0031411957331387522,1.0278021674302409,0.9831828828540238,0.6923156530549498,0.4068876941484463,0.13078520584517184,0.94,0.006151199922896922,1,1,0.7572095241968855,0.7405845431042718,0.0031411957331387522,0.08654615730444737,0.016817117145976224,strong_server_heterogeneity
S4,0,RFOTO-ABC,0.5076293284233717,1.0323661854866961,3.384365559165434,0.10891169424648933,0.73,0.27,0.3534816002485386,0.9852183288478913,0.014781671152108777,1.2651669976296491,0.9282887978450446,0.35049344512780983,0.1776763576129295,0.27794057183067716,0.62,1.1144554000347853,350,1,1.096960834356278,0.7488779117995863,0.014781671152108777,0.42937767404279714,0.07171120215495541,channel_estimation_shift
S4,0,Standard-ABC,0.7424438730606034,1.720082311336818,4.149658250135806,0.18103948955812246,0.34,0.66,0.7690233117006545,0.9938046063845545,0.006195393615445607,1.2749393667341573,0.8692943524057163,0.29143475504988753,0.1776763576129295,0.38776066144146526,0.23,0.8864071000134572,350,1,1.6023707875010025,0.8845031790756341,0.006195393615445607,0.7533230938471036,0.1307056475942837,channel_estimation_shift
S4,0,Delay-Greedy,0.5149453074260852,1.043328838390155,3.384365559165434,0.10841343516765618,0.71,0.29,0.36728519698936724,0.9860838976769187,0.01391610232308134,1.2480323159534386,0.9263094347812795,0.35049344512780983,0.1776763576129295,0.28205116640716377,0.63,0.006477200076915324,1,1,1.112123811471035,0.7554660972451422,0.01391610232308134,0.4390305388965235,0.07369056521872053,channel_estimation_shift
S4,1,RFOTO-ABC,0.5168967992166881,1.0032771281576252,3.1192728741343076,0.11809978236353873,0.66,0.34,0.34115605409501204,0.9858344223660533,0.014165577633946592,1.2484706670661383,0.9314233116483315,0.3833551929534825,0.26557869594348776,0.27134055109715594,0.6,0.9086644999915734,350,1,1.0637847226415689,0.8937666548640066,0.014165577633946592,0.4150640061886212,0.06857668835166852,channel_estimation_shift
S4,1,Standard-ABC,0.8050244628652133,1.661047688532136,4.519664080439388,0.16214847649185907,0.3,0.7,0.7778880904730338,0.9959062696505319,0.004093730349468091,1.2616643134532142,0.8735195218539522,0.2922094482340825,0.1733239565339647,0.38051820704402156,0.16,0.9369327001040801,350,1,1.7243394352077326,0.941595654170249,0.004093730349468091,0.8516377525837682,0.1264804781460478,channel_estimation_shift
S4,1,Delay-Greedy,0.552893423439625,1.0372189514718826,3.1192728741343076,0.1270720966170087,0.64,0.36,0.34593539051387673,0.9836557738427569,0.016344226157242972,1.2530656905315622,0.9309907495481053,0.3833551929534825,0.26557869594348776,0.2722582021013736,0.66,0.004605500027537346,1,1,1.0849547426330144,1.089848150472886,0.016344226157242972,0.4182291296448229,0.06900925045189465,channel_estimation_shift
S4,2,RFOTO-ABC,0.519598523284826,0.9587367151522518,2.9519640515358754,0.09909911528905507,0.63,0.37,0.38146858730544636,0.9874964086798886,0.01250359132011154,1.249638017124922,0.9239174908158244,0.3401130704530699,0.24087235472130764,0.2869629439482636,0.58,0.8815767000196502,350,1,1.1177514990243667,0.7249453806043163,0.01250359132011154,0.4700229871857529,0.07608250918417558,channel_estimation_shift
S4,2,Standard-ABC,0.7824324231847766,1.5573241113761125,3.812139871811711,0.15349627110474903,0.28,0.72,0.740781006165468,0.9967759640674458,0.0032240359325541755,1.2911336207369146,0.8783113471584683,0.30813562985963777,0.21456591654007942,0.3722209342569748,0.17,0.9044164000079036,350,1,1.693510624025142,0.9004454691702842,0.0032240359325541755,0.8203593667608313,0.12168865284153174,channel_estimation_shift
S4,2,Delay-Greedy,0.5324906171447014,0.9833581625319481,2.9519640515358754,0.1080874192989436,0.62,0.38,0.3951055844475485,0.9852110988626848,0.014788901137315392,1.253375143676128,0.9215243965430673,0.3401130704530699,0.24087235472130764,0.2918192341506189,0.63,0.004773300024680793,1,1,1.1320141667941521,0.7674761806684579,0.014788901137315392,0.47854611039956674,0.07847560345693272,channel_estimation_shift
S4,3,RFOTO-ABC,0.4663182083982287,0.926935929592113,4.00606436170572,0.0976855199753433,0.7,0.3,0.3272777863654887,0.9847241116429122,0.015275888357087753,1.238187169484546,0.937779708750752,0.31295343084922395,0.19763194491486086,0.257582055252716,0.6,1.0117425000062212,350,1,0.985018612650221,0.7678091869953668,0.015275888357087753,0.37001582331025484,0.062220291249247994,channel_estimation_shift
S4,3,Standard-ABC,0.7176543360893534,1.523155611818181,4.534803221640821,0.153365259776153,0.31,0.69,0.6694212564065944,0.9943304399658511,0.005669560034148872,1.2549883685006955,0.8857297505244673,0.2925585802030267,0.19763194491486086,0.3591831638609191,0.23,0.9402518999995664,350,1,1.5567441075016049,0.9090234175234778,0.005669560034148872,0.6953613886290831,0.11427024947553266,channel_estimation_shift
S4,3,Delay-Greedy,0.500944308582509,1.0020002723322239,4.00606436170572,0.10555348601201647,0.7,0.3,0.34069476106424146,0.9835032135763542,0.016496786423645823,1.2370766530645596,0.9346647726631356,0.31295343084922395,0.19763194491486086,0.2643904512225582,0.67,0.007424799958243966,1,1,1.0490620391704193,0.8512956983543102,0.016496786423645823,0.39153921060599517,0.06533522733686437,channel_estimation_shift
S4,4,RFOTO-ABC,0.40678098040859567,0.7971636254518404,2.8475752077533967,0.09601526974368943,0.7,0.3,0.2450775368925126,0.9858551761296992,0.014144823870300909,1.2390578695916057,0.949738328613443,0.3968645218606663,0.3184229329430944,0.23004695048221438,0.64,0.8899462000699714,350,1,0.9268962335450099,0.5667902760520108,0.014144823870300909,0.31868066052999133,0.050261671386557016,channel_estimation_shift
S4,4,Standard-ABC,0.6741928412223199,1.5014259947147734,3.8233539600919157,0.17710982063310293,0.33,0.67,0.5970893446574076,0.9941124911112182,0.005887508888781883,1.2984244529531377,0.898724808337166,0.35643816758870467,0.21526984536571456,0.3356898204886529,0.21,0.8877881000516936,350,1,1.4814470145544651,0.8747737295303196,0.005887508888781883,0.6249849905078971,0.10127519166283405,channel_estimation_shift
S4,4,Delay-Greedy,0.40125835302141266,0.7981617488791385,2.8475752077533967,0.0941291564682928,0.73,0.27,0.23777558537740595,0.9845760787147156,0.015423921285284225,1.2458463243760416,0.950843604923531,0.3968645218606663,0.3184229329430944,0.22737120743267328,0.67,0.005041599972173572,1,1,0.917045540235071,0.5611733287789611,0.015423921285284225,0.3094509005090943,0.04915639507646896,channel_estimation_shift
S4,5,RFOTO-ABC,0.5810791747314803,1.2388317584984236,4.3245518313779,0.13460553088281807,0.59,0.41,0.48837210690033883,0.9856161973347198,0.01438380266528017,1.2449050842412324,0.9085126154462178,0.32507097637383414,0.15900548831334596,0.31733291778688344,0.54,0.9581338999560103,350,1,1.2217609826787152,0.7997941707347092,0.01438380266528017,0.556279740941887,0.09148738455378225,channel_estimation_shift
S4,5,Standard-ABC,0.8398784747407795,1.934177658842201,4.660784108907124,0.1850365309354095,0.24,0.76,0.9246795806022527,0.9962135915166387,0.0037864084833612375,1.3236295914782774,0.8558734287195566,0.27869672390681666,0.15900548831334596,0.41036211145076856,0.12,0.9178391000023112,350,1,1.7881164906979057,0.9791280644808595,0.0037864084833612375,0.8944155000217411,0.14412657128044337,channel_estimation_shift
S4,5,Delay-Greedy,0.5869364706648205,1.2705444671815678,4.634703637558442,0.1309778398350522,0.59,0.41,0.5079971912163603,0.9848157930126075,0.015184206987392273,1.243695217895844,0.9050291862746677,0.3136109208551378,0.15900548831334596,0.3239394101534701,0.57,0.005100300069898367,1,1,1.2310421574862236,0.8037976054392161,0.015184206987392273,0.5652953080844154,0.09497081372533234,channel_estimation_shift
S4,6,RFOTO-ABC,0.4497310391078377,0.7901185093675761,2.4999953660816416,0.09984139094090162,0.7,0.3,0.25402374649508297,0.9884607413891388,0.011539258610861278,1.2466556174015635,0.948843989506009,0.3709208539796552,0.2649345938002648,0.23219396539415751,0.56,0.8901389999082312,350,1,0.974929698225972,0.8041185886623297,0.011539258610861278,0.30159829182289755,0.05115601049399099,channel_estimation_shift
S4,6,Standard-ABC,0.6542228306718569,1.273773073733792,3.369463664518427,0.1363661302447268,0.34,0.66,0.5560847195227132,0.9949173201801035,0.005082679819896541,1.2781947972925802,0.9033384901382498,0.32879926019281325,0.2649345938002648,0.3271158061282861,0.17,0.8804348999401554,350,1,1.4183022522635813,0.9927178414757748,0.005082679819896541,0.5408953157654144,0.09666150986175015,channel_estimation_shift
S4,6,Delay-Greedy,0.5135747259845113,0.8237444844481641,2.9478512296423283,0.10550731559787926,0.69,0.31,0.27144460608415777,0.9860748772507506,0.013925122749249503,1.2438165484712385,0.9452949707322986,0.3709208539796552,0.2649345938002648,0.2405636218279228,0.65,0.00485540006775409,1,1,1.0131199199182552,1.1194799101132276,0.013925122749249503,0.32552792219183246,0.05470502926770138,channel_estimation_shift
S4,7,RFOTO-ABC,0.4541148544535297,0.8860263746406083,2.585775377261207,0.10074616742296127,0.71,0.29,0.24728520583702363,0.9847215266222258,0.015278473377774162,1.2557007592221405,0.950178510180085,0.4062633751888522,0.26923670853620973,0.22898432455911463,0.62,0.845458299969323,350,1,0.9599786586121773,0.8324359736995274,0.015278473377774162,0.3149035023880568,0.049821489819914966,channel_estimation_shift
S4,7,Standard-ABC,0.6871588217086493,1.5624278932995914,4.879104645662826,0.15311564047474382,0.35,0.65,0.7016916854364261,0.9954351729623593,0.00456482703764072,1.2719165459842952,0.8829602291220364,0.28614252045622407,0.20338561535438618,0.36407944489875577,0.2,0.8912963999900967,350,1,1.493485575381147,0.8610203958013055,0.00456482703764072,0.6646617498157756,0.11703977087796358,channel_estimation_shift
S4,7,Delay-Greedy,0.4569608132680836,0.9013597283117974,2.585775377261207,0.10040926399157818,0.71,0.29,0.24980708590056355,0.985542428680397,0.01445757131960296,1.243481777518019,0.9496909046727288,0.4062633751888522,0.26923670853620973,0.23016120071365415,0.63,0.0059022000059485435,1,1,0.9703260750563744,0.8322978375249201,0.01445757131960296,0.3163869612489627,0.050309095327271236,channel_estimation_shift
S4,8,RFOTO-ABC,0.4417599300370305,0.8651850791833643,2.6388769117222,0.09586260399955414,0.7,0.3,0.2886736796811425,0.9862515632297328,0.01374843677026726,1.244819348815841,0.9450879765895139,0.37653676681170567,0.19705614626525006,0.24104470977867343,0.58,0.8815309000201523,350,1,0.9341043282948266,0.7913767700334233,0.01374843677026726,0.3141633663707359,0.054912023410486066,channel_estimation_shift
S4,8,Standard-ABC,0.6821667969518606,1.4666675691290596,4.324428126999882,0.14209084209845874,0.34,0.66,0.6552997542470077,0.9926656140391533,0.007334385960846646,1.2892493307053443,0.890816582977796,0.300108939515677,0.19705614626525006,0.3500936184380169,0.23,0.9151271999580786,350,1,1.4522029239512442,0.9386249468200586,0.007334385960846646,0.6419117367821631,0.10918341702220402,channel_estimation_shift
S4,8,Delay-Greedy,0.47370904713440143,0.8995269629159947,2.6388769117222,0.10316703903745522,0.71,0.29,0.29256046986446305,0.9846111747391768,0.015388825260823304,1.2454852589784713,0.9439193726689394,0.37653676681170567,0.19705614626525006,0.24374683310387574,0.63,0.005387599929235876,1,1,0.9692329224318034,0.9384186987719936,0.015388825260823304,0.3165926102353112,0.05608062733106056,channel_estimation_shift
S4,9,RFOTO-ABC,0.5304651034754195,1.1336876234918847,4.034630848890128,0.12922599571224672,0.68,0.32,0.395461556593505,0.9872521657959197,0.01274783420408022,1.244247130403436,0.9227613444103632,0.2865668416198466,0.2325636935561062,0.28931613613127655,0.6,0.9150690000969917,350,1,1.1247490065706391,0.7593632723431452,0.01274783420408022,0.48495198320810595,0.07723865558963683,channel_estimation_shift
S4,9,Standard-ABC,0.8000727863352546,1.8602940929439,5.581583498529442,0.18382358099391435,0.32,0.68,0.796430872483393,0.9947658582292682,0.005234141770731852,1.2774332492180682,0.8655398859158733,0.27037144527036966,0.2325636935561062,0.39414243449202774,0.2,0.9831089000217617,350,1,1.6905714093473292,1.018748186451509,0.005234141770731852,0.8136074422557226,0.13446011408412673,channel_estimation_shift
S4,9,Delay-Greedy,0.5458385378890721,1.143512405168292,4.034630848890128,0.13210619462081047,0.67,0.33,0.3985807996267872,0.9862621089310566,0.013737891068943332,1.2476662215189085,0.922707969452132,0.2865668416198466,0.2325636935561062,0.28942445395871597,0.62,0.009811600088141859,1,1,1.1324563143473876,0.8445576948001101,0.013737891068943332,0.48679768914495936,0.07729203054786804,channel_estimation_shift
S4,10,RFOTO-ABC,0.4697916930300096,1.0005932223529748,3.6096831797456352,0.09887403062453867,0.72,0.28,0.3317927207134306,0.9841804603119324,0.01581953968806764,1.2477688212800602,0.935606743682643,0.3482591758362414,0.19630857559370987,0.26234544134153964,0.66,1.1232312999200076,350,1,0.9690415742858024,0.8026614316875151,0.01581953968806764,0.37723675328085865,0.06439325631735704,channel_estimation_shift
S4,10,Standard-ABC,0.7033531760263962,1.622760990118195,4.2227640217129805,0.15207810603692618,0.36,0.64,0.6900356891285787,0.9948941065152488,0.005105893484751308,1.2896219030393625,0.881498710837559,0.30204768782841157,0.19630857559370987,0.36664916202902464,0.14,0.9882771000266075,350,1,1.5287592955424103,0.9049219522682677,0.005105893484751308,0.6665147489169485,0.11850128916244096,channel_estimation_shift
S4,10,Delay-Greedy,0.5036017643989347,1.00643141791473,3.6096831797456352,0.10202977800234693,0.71,0.29,0.3358182759670159,0.9839961999127973,0.016003800087202792,1.2462067336609863,0.9353946734439998,0.3482591758362414,0.19630857559370987,0.2628068717447718,0.7,0.007981600007042289,1,1,0.9807000369263168,1.003700546471351,0.016003800087202792,0.37992045678324887,0.06460532655600015,channel_estimation_shift
S4,11,RFOTO-ABC,0.5297748691441563,1.0614691289569316,4.0547347302509085,0.10937003696162068,0.69,0.31,0.38740844922287876,0.9872818743646361,0.012718125635363895,1.234007107176301,0.922392526957903,0.3273448535367668,0.2630524558246521,0.2900640346402863,0.55,0.9315536000067368,350,1,1.1265321671780395,0.7210567476217181,0.012718125635363895,0.5031942764920053,0.07760747304209703,channel_estimation_shift
S4,11,Standard-ABC,0.7729124804325811,1.6156859750502082,4.1654675281737585,0.17006766021669148,0.33,0.67,0.713939303117807,0.994665967842472,0.0053340321575279905,1.2705355336332216,0.8765448432034109,0.3207269755283562,0.2630524558246521,0.3752904803038615,0.18,0.9643262999597937,350,1,1.6556692007398137,0.9044561495408757,0.0053340321575279905,0.8149667114620092,0.12345515679658914,channel_estimation_shift
S4,11,Delay-Greedy,0.5413039504637139,1.0841259011804436,4.0547347302509085,0.11083518845144447,0.68,0.32,0.38578755096464734,0.9843487754212102,0.015651224578789678,1.2363263617123637,0.9229008735811987,0.3273448535367668,0.2630524558246521,0.2890328465599562,0.62,0.004430099972523749,1,1,1.1429438424184684,0.7716509677014355,0.015651224578789678,0.5005009233012134,0.07709912641880134,channel_estimation_shift
S4,12,RFOTO-ABC,0.473874110674128,0.9813328829604245,3.329681311489243,0.12494581125841414,0.65,0.35,0.32062272217567844,0.9870988475987617,0.012901152401238508,1.2476071341862665,0.934810689416103,0.3637495687922536,0.3227591402198652,0.26407443492787996,0.62,0.9326658999780193,350,1,0.9998506709697715,0.7993975232341267,0.012901152401238508,0.36657274951493535,0.06518931058389699,channel_estimation_shift
S4,12,Standard-ABC,0.7692245081771284,1.6981185834349797,4.0490279637507545,0.18673280994001926,0.29,0.71,0.7500551950046374,0.9924305536711151,0.007569446328884947,1.3216989478564574,0.8799940122152876,0.3282225129966614,0.24677862807505543,0.36928494225497405,0.25,0.9264094999525696,350,1,1.6337407364068397,0.9528705101969318,0.007569446328884947,0.7933758404495795,0.12000598778471239,channel_estimation_shift
S4,12,Delay-Greedy,0.5025165807000055,1.027962459961563,3.333259349385872,0.13219298325585785,0.64,0.36,0.34323586090030467,0.9858717113221719,0.014128288677828121,1.2552491048349461,0.9304571836014354,0.35657204934800146,0.2898457983584952,0.2733870513896611,0.65,0.005246999906376004,1,1,1.0477822174532734,0.8696312986185772,0.014128288677828121,0.38747700539420066,0.06954281639856463,channel_estimation_shift
S4,13,RFOTO-ABC,0.4720755163639145,0.8366648797177034,2.676366655040759,0.10670551347632505,0.71,0.29,0.24479943381594146,0.9828999547605273,0.017100045239472825,1.2382753163226357,0.9504543009559694,0.40702687779683505,0.2736170464529012,0.22831653245892178,0.62,0.9539947001030669,350,1,1.036624782393888,0.7424778422926016,0.017100045239472825,0.3627831220682125,0.04954569904403061,channel_estimation_shift
S4,13,Standard-ABC,0.6974835220206641,1.3992683442345961,4.0227790634180325,0.16573845354909722,0.32,0.68,0.5933436539951292,0.9935329762018822,0.0064670237981178606,1.277091138491755,0.9026242256299049,0.3223069265359647,0.22955663826866904,0.3284520444495371,0.21,0.9310982000315562,350,1,1.488387730981286,1.0173194006810218,0.0064670237981178606,0.6275556330322057,0.09737577437009515,channel_estimation_shift
S4,13,Delay-Greedy,0.5089157805785345,0.8617066296168067,2.676366655040759,0.11306721796937566,0.69,0.31,0.24805374885468232,0.9803616218821269,0.01963837811787307,1.246765922901431,0.9504986864301983,0.40702687779683505,0.2736170464529012,0.22820891242744684,0.67,0.006720799952745438,1,1,1.0540337314112966,0.9524374434229297,0.01963837811787307,0.36475543421290396,0.0495013135698017,channel_estimation_shift
S4,14,RFOTO-ABC,0.505148055274889,0.9165775534446204,3.442327955900549,0.1101554671475459,0.72,0.28,0.3747221373676878,0.9874049908015291,0.01259500919847107,1.2385230022135123,0.9253292093515411,0.3321775325669473,0.16511964570339618,0.28407122178797467,0.58,1.038366699940525,350,1,1.055490453414125,0.7734965305753968,0.01259500919847107,0.44612536759234067,0.07467079064845894,channel_estimation_shift
S4,14,Standard-ABC,0.6624661930455759,1.3387887879712046,3.7992076777868524,0.14619144589931277,0.42,0.58,0.5404640480322014,0.9938494656984096,0.006150534301590432,1.2713958779407413,0.9010326598480296,0.3321775325669473,0.2745132712151695,0.3314176874284467,0.24,0.9401717000873759,350,1,1.445718387993624,0.8853581786701636,0.006150534301590432,0.6086306454541268,0.0989673401519704,channel_estimation_shift
S4,14,Delay-Greedy,0.5017483867221754,0.932238869460828,3.442327955900549,0.1058553212787967,0.72,0.28,0.3256347136894843,0.9841245641162053,0.01587543588379498,1.2488978982333494,0.9322767944540653,0.34778395141061796,0.2745132712151695,0.2695233004075993,0.65,0.005027299979701638,1,1,1.0678473230775394,0.7626797337220552,0.01587543588379498,0.42820411154333204,0.0677232055459347,channel_estimation_shift
