scenario,run,algorithm,objective,delay_mean_s,delay_p95_s,energy_mean_j,success_rate,violation_rate,violation_mean,reliability_mean,link_failure_rate,attempts_mean,jain,utility_p05,utility_min,utility_cv,offload_rate,runtime_s,evaluations,feasible,t_hat,e_hat,r_hat,v_hat,fairness_loss,w_fairness
S3,0,RFOTO-ABC,0.36109930002678986,0.8598735513288868,1.7276199018093519,0.10118306225247659,0.75,0.25,0.10858521042679808,0.9976283350341123,0.002371664965887814,1.0091370449362438,0.9771899501980388,0.6099245255130716,0.350255312402917,0.1527825030399647,0.7,0.6382556000025943,350,1,0.6991503515909965,0.7301455599215478,0.002371664965887814,0.08860260057445013,0.02281004980196122,0.0
S3,1,RFOTO-ABC,0.3682729092798967,0.7339400262628424,1.7723060264939883,0.08353213099072343,0.79,0.21,0.1288979183014429,0.9982698646962557,0.001730135303744297,1.014914332041606,0.9727490828525008,0.5726127416679643,0.27116629861750025,0.1673748291310595,0.66,0.6479683000361547,350,1,0.6693649067625072,0.8312533430668217,0.001730135303744297,0.08262687070605312,0.027250917147499165,0.0
S3,2,RFOTO-ABC,0.37635578715742124,0.7872108484542756,1.712487188389033,0.10529269266820837,0.8,0.2,0.0958635061712439,0.9987334840019912,0.0012665159980089057,1.0136878758657777,0.9807638589199679,0.5812838300765681,0.25625539637920697,0.1400479480148219,0.71,0.7038599998923019,350,1,0.7272534201164454,0.7544879849581559,0.0012665159980089057,0.09865025244548635,0.019236141080032132,0.0
S3,3,RFOTO-ABC,0.4068692313224316,0.7974987309486633,1.6133490641541732,0.10040577134386566,0.73,0.27,0.13339285401165746,0.998264122401291,0.0017358775987089937,1.0153407846273688,0.9729975905668892,0.546684370645481,0.28157030672755223,0.16658863767563933,0.65,0.6692241000710055,350,1,0.773251109031183,0.8239883587518365,0.0017358775987089937,0.11432256013501549,0.02700240943311083,0.0
S3,4,RFOTO-ABC,0.43235000851271993,0.9069321929846673,2.076594617052895,0.1173147108307587,0.64,0.36,0.14821257154672515,0.9990288629590894,0.0009711370409105957,1.0128103614678454,0.9718531052239818,0.5003008918486981,0.3096759908378046,0.17018251263988976,0.71,0.6480194999603555,350,1,0.7797166180102189,0.88538853387565,0.0009711370409105957,0.1582633809749105,0.028146894776018172,0.0
S3,5,RFOTO-ABC,0.4161362834231474,0.9032636565204061,2.217351074428767,0.10015269756530369,0.68,0.32,0.15864658065283013,0.9997304032948928,0.0002695967051071779,1.013244715348129,0.9699426223438027,0.5943150543136928,0.25718074820089315,0.17603641763009406,0.75,0.6338467000750825,350,1,0.7594673122460637,0.8925176064623827,0.0002695967051071779,0.11966981015112242,0.030057377656197315,0.0
S3,6,RFOTO-ABC,0.4573832286673542,0.8404837869764734,1.676775791202929,0.11230943689048799,0.77,0.23,0.1272331723159239,0.9992006256153257,0.0007993743846743817,1.0196186856858251,0.9744239760678484,0.6290253461480019,0.3126510259643594,0.16201026564556548,0.71,0.7117034000111744,350,1,0.8807192720206206,0.7832103310684039,0.0007993743846743817,0.20381800729960198,0.025576023932151637,0.0
S3,7,RFOTO-ABC,0.3653862665046342,0.7239821497312051,1.6571833017200421,0.08211883971231676,0.81,0.19,0.10360015770416953,0.9978824037181401,0.0021175962818597736,1.0183764329240854,0.9799466151781688,0.6336143229634928,0.22601591630772194,0.14305157224596884,0.73,0.6828847000142559,350,1,0.6959229561664484,0.7372342593301997,0.0021175962818597736,0.10235571732570048,0.020053384821831166,0.0
S3,8,RFOTO-ABC,0.42079911512784707,0.8501936014263888,1.61663189170319,0.11582708182309996,0.65,0.35,0.12841328527806284,0.9993268853363605,0.0006731146636395502,1.0099356526372896,0.9764347924533755,0.5941506607930378,0.32176546685986185,0.1553509851355579,0.65,0.6833033000584692,350,1,0.7673241180851027,0.9214758640373346,0.0006731146636395502,0.10996886319626505,0.0235652075466245,0.0
S3,9,RFOTO-ABC,0.3410578158953732,0.691405403771287,1.3585862524956762,0.08339093447551199,0.84,0.16,0.07233923119638846,0.9987574359183563,0.0012425640816436656,1.0181015588239872,0.9859826939339279,0.804963241634132,0.2685168018054461,0.11923331866188448,0.71,0.6542382000479847,350,1,0.6374034701127198,0.7458084778663211,0.0012425640816436656,0.07371396594644151,0.0140173060660721,0.0
S3,10,RFOTO-ABC,0.400789073732624,0.7647757944458848,1.4985179507935698,0.08974328969376477,0.82,0.18,0.07908134933832336,0.9983260317801542,0.001673968219845845,1.0123888600708904,0.9843586931652986,0.672217750431407,0.2818226570857298,0.1260549276003969,0.66,0.7727927000960335,350,1,0.7764612255240375,0.789115288899419,0.001673968219845845,0.11141327725135625,0.01564130683470144,0.0
S3,11,RFOTO-ABC,0.4351025326573398,0.8653962240143097,1.7486924958203989,0.11699776457864067,0.73,0.27,0.12883822135961706,0.9986650316577523,0.001334968342247642,1.0211496614333042,0.9733572990521201,0.5159964764191622,0.3332173795481748,0.16544474606061926,0.7,0.7058683999348432,350,1,0.8030505988279559,0.8979395866859795,0.001334968342247642,0.13646628552161355,0.026642700947879905,0.0
S3,12,RFOTO-ABC,0.40748599717298023,0.8935025042200446,2.1467279387115443,0.121723709881877,0.73,0.27,0.13657349720280915,0.9994643467737686,0.0005356532262314273,1.0119484861798151,0.9729974532708966,0.5579982528255305,0.2698189481866128,0.16658907294535485,0.67,0.6953345999354497,350,1,0.7521751947263597,0.8823845275204382,0.0005356532262314273,0.1034179565685253,0.027002546729103405,0.0
S3,13,RFOTO-ABC,0.3510456284188707,0.7919733723060925,1.7875411136636223,0.09673682060515792,0.79,0.21,0.1127613609454043,0.9997820922418417,0.00021790775815830777,1.0117609426421297,0.9769903861926392,0.569791777902405,0.29632685876703146,0.15346506217801523,0.63,0.6168894999427721,350,1,0.6814628409629007,0.7265556933698271,0.00021790775815830777,0.0759845534328371,0.023009613807360774,0.0
S3,14,RFOTO-ABC,0.3406483526606922,0.6699950064259329,1.6379489017544053,0.08521888975705114,0.81,0.19,0.0920106507263096,0.9997614848621886,0.00023851513781132815,1.0073050863004263,0.9816425315125739,0.6538166726591577,0.27290782611704895,0.1367507485631736,0.68,0.693394499947317,350,1,0.6676908089799695,0.6696193555783843,0.00023851513781132815,0.08855116460910437,0.018357468487426143,0.0
S3,0,RFOTO-ABC,0.3441848375155484,0.8598735513288868,1.7276199018093519,0.10118306225247659,0.75,0.25,0.10858521042679808,0.9976283350341123,0.002371664965887814,1.0091370449362438,0.9771899501980388,0.6099245255130716,0.350255312402917,0.1527825030399647,0.7,0.6604315999429673,350,1,0.6991503515909965,0.7301455599215478,0.002371664965887814,0.08860260057445013,0.02281004980196122,0.05
S3,1,RFOTO-ABC,0.35122180967327676,0.7339400262628424,1.7723060264939883,0.08353213099072343,0.79,0.21,0.1288979183014429,0.9982698646962557,0.001730135303744297,1.014914332041606,0.9727490828525008,0.5726127416679643,0.27116629861750025,0.1673748291310595,0.66,0.6461546000791714,350,1,0.6693649067625072,0.8312533430668217,0.001730135303744297,0.08262687070605312,0.027250917147499165,0.05
S3,2,RFOTO-ABC,0.3584998048535518,0.7872108484542756,1.712487188389033,0.10529269266820837,0.8,0.2,0.0958635061712439,0.9987334840019912,0.0012665159980089057,1.0136878758657777,0.9807638589199679,0.5812838300765681,0.25625539637920697,0.1400479480148219,0.71,0.6961890999227762,350,1,0.7272534201164454,0.7544879849581559,0.0012665159980089057,0.09865025244548635,0.019236141080032132,0.05
S3,3,RFOTO-ABC,0.38787589022796554,0.7974987309486633,1.6133490641541732,0.10040577134386566,0.73,0.27,0.13339285401165746,0.998264122401291,0.0017358775987089937,1.0153407846273688,0.9729975905668892,0.546684370645481,0.28157030672755223,0.16658863767563933,0.65,0.6609703999711201,350,1,0.773251109031183,0.8239883587518365,0.0017358775987089937,0.11432256013501549,0.02700240943311083,0.05
S3,4,RFOTO-ABC,0.4121398528258847,0.9069321929846673,2.076594617052895,0.1173147108307587,0.64,0.36,0.14821257154672515,0.9990288629590894,0.0009711370409105957,1.0128103614678454,0.9718531052239818,0.5003008918486981,0.3096759908378046,0.17018251263988976,0.71,0.6326022000284865,350,1,0.7797166180102189,0.88538853387565,0.0009711370409105957,0.1582633809749105,0.028146894776018172,0.05
S3,5,RFOTO-ABC,0.39683233813479996,0.9032636565204061,2.217351074428767,0.10015269756530369,0.68,0.32,0.15864658065283013,0.9997304032948928,0.0002695967051071779,1.013244715348129,0.9699426223438027,0.5943150543136928,0.25718074820089315,0.17603641763009406,0.75,0.6572126999963075,350,1,0.7594673122460637,0.8925176064623827,0.0002695967051071779,0.11966981015112242,0.030057377656197315,0.05
S3,6,RFOTO-ABC,0.43579286843059406,0.8404837869764734,1.676775791202929,0.11230943689048799,0.77,0.23,0.1272331723159239,0.9992006256153257,0.0007993743846743817,1.0196186856858251,0.9744239760678484,0.6290253461480019,0.3126510259643594,0.16201026564556548,0.71,0.7018071000929922,350,1,0.8807192720206206,0.7832103310684039,0.0007993743846743817,0.20381800729960198,0.025576023932151637,0.05
S3,7,RFOTO-ABC,0.34811962242049405,0.7239821497312051,1.6571833017200421,0.08211883971231676,0.81,0.19,0.10360015770416953,0.9978824037181401,0.0021175962818597736,1.0183764329240854,0.9799466151781688,0.6336143229634928,0.22601591630772194,0.14305157224596884,0.73,0.6779526000609621,350,1,0.6959229561664484,0.7372342593301997,0.0021175962818597736,0.10235571732570048,0.020053384821831166,0.05
S3,8,RFOTO-ABC,0.40093741974878583,0.8501936014263888,1.61663189170319,0.11582708182309996,0.65,0.35,0.12841328527806284,0.9993268853363605,0.0006731146636395502,1.0099356526372896,0.9764347924533755,0.5941506607930378,0.32176546685986185,0.1553509851355579,0.65,0.7268983999965712,350,1,0.7673241180851027,0.9214758640373346,0.0006731146636395502,0.10996886319626505,0.0235652075466245,0.05
S3,9,RFOTO-ABC,0.32470579040390807,0.691405403771287,1.3585862524956762,0.08339093447551199,0.84,0.16,0.07233923119638846,0.9987574359183563,0.0012425640816436656,1.0181015588239872,0.9859826939339279,0.804963241634132,0.2685168018054461,0.11923331866188448,0.71,0.6654812999768183,350,1,0.6374034701127198,0.7458084778663211,0.0012425640816436656,0.07371396594644151,0.0140173060660721,0.05
S3,10,RFOTO-ABC,0.38153168538772786,0.7647757944458848,1.4985179507935698,0.08974328969376477,0.82,0.18,0.07908134933832336,0.9983260317801542,0.001673968219845845,1.0123888600708904,0.9843586931652986,0.672217750431407,0.2818226570857298,0.1260549276003969,0.66,0.7419699999736622,350,1,0.7764612255240375,0.789115288899419,0.001673968219845845,0.11141327725135625,0.01564130683470144,0.05
S3,11,RFOTO-ABC,0.4146795410718668,0.8653962240143097,1.7486924958203989,0.11699776457864067,0.73,0.27,0.12883822135961706,0.9986650316577523,0.001334968342247642,1.0211496614333042,0.9733572990521201,0.5159964764191622,0.3332173795481748,0.16544474606061926,0.7,0.6903877999866381,350,1,0.8030505988279559,0.8979395866859795,0.001334968342247642,0.13646628552161355,0.026642700947879905,0.05
S3,12,RFOTO-ABC,0.3884618246507865,0.8935025042200446,2.1467279387115443,0.121723709881877,0.73,0.27,0.13657349720280915,0.9994643467737686,0.0005356532262314273,1.0119484861798151,0.9729974532708966,0.5579982528255305,0.2698189481866128,0.16658907294535485,0.67,0.7702504999469966,350,1,0.7521751947263597,0.8823845275204382,0.0005356532262314273,0.1034179565685253,0.027002546729103405,0.05
S3,13,RFOTO-ABC,0.3346438276882953,0.7919733723060925,1.7875411136636223,0.09673682060515792,0.79,0.21,0.1127613609454043,0.9997820922418417,0.00021790775815830777,1.0117609426421297,0.9769903861926392,0.569791777902405,0.29632685876703146,0.15346506217801523,0.63,0.6638310999842361,350,1,0.6814628409629007,0.7265556933698271,0.00021790775815830777,0.0759845534328371,0.023009613807360774,0.05
S3,14,RFOTO-ABC,0.3245338084520289,0.6699950064259329,1.6379489017544053,0.08521888975705114,0.81,0.19,0.0920106507263096,0.9997614848621886,0.00023851513781132815,1.0073050863004263,0.9816425315125739,0.6538166726591577,0.27290782611704895,0.1367507485631736,0.68,0.7126797999953851,350,1,0.6676908089799695,0.6696193555783843,0.00023851513781132815,0.08855116460910437,0.018357468487426143,0.05
S3,0,RFOTO-ABC,0.327270375004307,0.8598735513288868,1.7276199018093519,0.10118306225247659,0.75,0.25,0.10858521042679808,0.9976283350341123,0.002371664965887814,1.0091370449362438,0.9771899501980388,0.6099245255130716,0.350255312402917,0.1527825030399647,0.7,0.680443900055252,350,1,0.6991503515909965,0.7301455599215478,0.002371664965887814,0.08860260057445013,0.02281004980196122,0.1
S3,1,RFOTO-ABC,0.33212542840594217,0.7293561603448047,1.7723060264939883,0.08288564882846515,0.79,0.21,0.12590229279103204,0.998112335560923,0.001887664439076928,1.0158464768158493,0.9736945641596632,0.5726127416679643,0.27116629861750025,0.16436576982763487,0.66,0.7014275999972597,350,1,0.6672887275115332,0.8254216612764838,0.001887664439076928,0.08070659794296924,0.026305435840336844,0.1
S3,2,RFOTO-ABC,0.34064382254968234,0.7872108484542756,1.712487188389033,0.10529269266820837,0.8,0.2,0.0958635061712439,0.9987334840019912,0.0012665159980089057,1.0136878758657777,0.9807638589199679,0.5812838300765681,0.25625539637920697,0.1400479480148219,0.71,0.7031481999438256,350,1,0.7272534201164454,0.7544879849581559,0.0012665159980089057,0.09865025244548635,0.019236141080032132,0.1
S3,3,RFOTO-ABC,0.36888254913349944,0.7974987309486633,1.6133490641541732,0.10040577134386566,0.73,0.27,0.13339285401165746,0.998264122401291,0.0017358775987089937,1.0153407846273688,0.9729975905668892,0.546684370645481,0.28157030672755223,0.16658863767563933,0.65,0.677495300071314,350,1,0.773251109031183,0.8239883587518365,0.0017358775987089937,0.11432256013501549,0.02700240943311083,0.1
S3,4,RFOTO-ABC,0.39192969713904974,0.9069321929846673,2.076594617052895,0.1173147108307587,0.64,0.36,0.14821257154672515,0.9990288629590894,0.0009711370409105957,1.0128103614678454,0.9718531052239818,0.5003008918486981,0.3096759908378046,0.17018251263988976,0.71,0.6644074999494478,350,1,0.7797166180102189,0.88538853387565,0.0009711370409105957,0.1582633809749105,0.028146894776018172,0.1
S3,5,RFOTO-ABC,0.3775283928464524,0.9032636565204061,2.217351074428767,0.10015269756530369,0.68,0.32,0.15864658065283013,0.9997304032948928,0.0002695967051071779,1.013244715348129,0.9699426223438027,0.5943150543136928,0.25718074820089315,0.17603641763009406,0.75,0.649203599896282,350,1,0.7594673122460637,0.8925176064623827,0.0002695967051071779,0.11966981015112242,0.030057377656197315,0.1
S3,6,RFOTO-ABC,0.4142025081938339,0.8404837869764734,1.676775791202929,0.11230943689048799,0.77,0.23,0.1272331723159239,0.9992006256153257,0.0007993743846743817,1.0196186856858251,0.9744239760678484,0.6290253461480019,0.3126510259643594,0.16201026564556548,0.71,0.7156127999769524,350,1,0.8807192720206206,0.7832103310684039,0.0007993743846743817,0.20381800729960198,0.025576023932151637,0.1
S3,7,RFOTO-ABC,0.33085297833635385,0.7239821497312051,1.6571833017200421,0.08211883971231676,0.81,0.19,0.10360015770416953,0.9978824037181401,0.0021175962818597736,1.0183764329240854,0.9799466151781688,0.6336143229634928,0.22601591630772194,0.14305157224596884,0.73,0.6849470000015572,350,1,0.6959229561664484,0.7372342593301997,0.0021175962818597736,0.10235571732570048,0.020053384821831166,0.1
S3,8,RFOTO-ABC,0.3810757243697248,0.8501936014263888,1.61663189170319,0.11582708182309996,0.65,0.35,0.12841328527806284,0.9993268853363605,0.0006731146636395502,1.0099356526372896,0.9764347924533755,0.5941506607930378,0.32176546685986185,0.1553509851355579,0.65,0.6591669999761507,350,1,0.7673241180851027,0.9214758640373346,0.0006731146636395502,0.10996886319626505,0.0235652075466245,0.1
S3,9,RFOTO-ABC,0.30835376491244304,0.691405403771287,1.3585862524956762,0.08339093447551199,0.84,0.16,0.07233923119638846,0.9987574359183563,0.0012425640816436656,1.0181015588239872,0.9859826939339279,0.804963241634132,0.2685168018054461,0.11923331866188448,0.71,0.6674268000060692,350,1,0.6374034701127198,0.7458084778663211,0.0012425640816436656,0.07371396594644151,0.0140173060660721,0.1
S3,10,RFOTO-ABC,0.36227429704283176,0.7647757944458848,1.4985179507935698,0.08974328969376477,0.82,0.18,0.07908134933832336,0.9983260317801542,0.001673968219845845,1.0123888600708904,0.9843586931652986,0.672217750431407,0.2818226570857298,0.1260549276003969,0.66,0.7264651999576017,350,1,0.7764612255240375,0.789115288899419,0.001673968219845845,0.11141327725135625,0.01564130683470144,0.1
S3,11,RFOTO-ABC,0.3942565494863937,0.8653962240143097,1.7486924958203989,0.11699776457864067,0.73,0.27,0.12883822135961706,0.9986650316577523,0.001334968342247642,1.0211496614333042,0.9733572990521201,0.5159964764191622,0.3332173795481748,0.16544474606061926,0.7,0.6505735999671742,350,1,0.8030505988279559,0.8979395866859795,0.001334968342247642,0.13646628552161355,0.026642700947879905,0.1
S3,12,RFOTO-ABC,0.3682008044606782,0.8808992423408469,2.2225200703508543,0.12485253762483545,0.73,0.27,0.12353953079886466,0.9994416495707048,0.0005583504292949936,1.013543910630627,0.9751706630839473,0.5579982528255305,0.3470590974004963,0.15956669395055134,0.67,0.6716929000103846,350,1,0.7524332956960218,0.8873021810026457,0.0005583504292949936,0.09633956048656378,0.024829336916052713,0.1
S3,13,RFOTO-ABC,0.31824202695771975,0.7919733723060925,1.7875411136636223,0.09673682060515792,0.79,0.21,0.1127613609454043,0.9997820922418417,0.00021790775815830777,1.0117609426421297,0.9769903861926392,0.569791777902405,0.29632685876703146,0.15346506217801523,0.63,0.6398800999158993,350,1,0.6814628409629007,0.7265556933698271,0.00021790775815830777,0.0759845534328371,0.023009613807360774,0.1
S3,14,RFOTO-ABC,0.30841926424336547,0.6699950064259329,1.6379489017544053,0.08521888975705114,0.81,0.19,0.0920106507263096,0.9997614848621886,0.00023851513781132815,1.0073050863004263,0.9816425315125739,0.6538166726591577,0.27290782611704895,0.1367507485631736,0.68,0.682113999966532,350,1,0.6676908089799695,0.6696193555783843,0.00023851513781132815,0.08855116460910437,0.018357468487426143,0.1
S3,0,RFOTO-ABC,0.2934414499818241,0.8598735513288868,1.7276199018093519,0.10118306225247659,0.75,0.25,0.10858521042679808,0.9976283350341123,0.002371664965887814,1.0091370449362438,0.9771899501980388,0.6099245255130716,0.350255312402917,0.1527825030399647,0.7,0.6411485000280663,350,1,0.6991503515909965,0.7301455599215478,0.002371664965887814,0.08860260057445013,0.02281004980196122,0.2
S3,1,RFOTO-ABC,0.29814542923198606,0.7293561603448047,1.7723060264939883,0.08288564882846515,0.79,0.21,0.12590229279103204,0.998112335560923,0.001887664439076928,1.0158464768158493,0.9736945641596632,0.5726127416679643,0.27116629861750025,0.16436576982763487,0.66,0.657024799962528,350,1,0.6672887275115332,0.8254216612764838,0.001887664439076928,0.08070659794296924,0.026305435840336844,0.2
S3,2,RFOTO-ABC,0.3049318579419434,0.7872108484542756,1.712487188389033,0.10529269266820837,0.8,0.2,0.0958635061712439,0.9987334840019912,0.0012665159980089057,1.0136878758657777,0.9807638589199679,0.5812838300765681,0.25625539637920697,0.1400479480148219,0.71,0.6775134999770671,350,1,0.7272534201164454,0.7544879849581559,0.0012665159980089057,0.09865025244548635,0.019236141080032132,0.2
S3,3,RFOTO-ABC,0.33089586694456746,0.7974987309486633,1.6133490641541732,0.10040577134386566,0.73,0.27,0.13339285401165746,0.998264122401291,0.0017358775987089937,1.0153407846273688,0.9729975905668892,0.546684370645481,0.28157030672755223,0.16658863767563933,0.65,0.6817526998929679,350,1,0.773251109031183,0.8239883587518365,0.0017358775987089937,0.11432256013501549,0.02700240943311083,0.2
S3,4,RFOTO-ABC,0.3515093857653796,0.9069321929846673,2.076594617052895,0.1173147108307587,0.64,0.36,0.14821257154672515,0.9990288629590894,0.0009711370409105957,1.0128103614678454,0.9718531052239818,0.5003008918486981,0.3096759908378046,0.17018251263988976,0.71,0.6219097999855876,350,1,0.7797166180102189,0.88538853387565,0.0009711370409105957,0.1582633809749105,0.028146894776018172,0.2
S3,5,RFOTO-ABC,0.33892050226975745,0.9032636565204061,2.217351074428767,0.10015269756530369,0.68,0.32,0.15864658065283013,0.9997304032948928,0.0002695967051071779,1.013244715348129,0.9699426223438027,0.5943150543136928,0.25718074820089315,0.17603641763009406,0.75,0.6695761000737548,350,1,0.7594673122460637,0.8925176064623827,0.0002695967051071779,0.11966981015112242,0.030057377656197315,0.2
S3,6,RFOTO-ABC,0.37102178772031374,0.8404837869764734,1.676775791202929,0.11230943689048799,0.77,0.23,0.1272331723159239,0.9992006256153257,0.0007993743846743817,1.0196186856858251,0.9744239760678484,0.6290253461480019,0.3126510259643594,0.16201026564556548,0.71,0.7654959999490529,350,1,0.8807192720206206,0.7832103310684039,0.0007993743846743817,0.20381800729960198,0.025576023932151637,0.2
S3,7,RFOTO-ABC,0.29631969016807364,0.7239821497312051,1.6571833017200421,0.08211883971231676,0.81,0.19,0.10360015770416953,0.9978824037181401,0.0021175962818597736,1.0183764329240854,0.9799466151781688,0.6336143229634928,0.22601591630772194,0.14305157224596884,0.73,0.6936602999921888,350,1,0.6959229561664484,0.7372342593301997,0.0021175962818597736,0.10235571732570048,0.020053384821831166,0.2
S3,8,RFOTO-ABC,0.34135233361160255,0.8501936014263888,1.61663189170319,0.11582708182309996,0.65,0.35,0.12841328527806284,0.9993268853363605,0.0006731146636395502,1.0099356526372896,0.9764347924533755,0.5941506607930378,0.32176546685986185,0.1553509851355579,0.65,0.6403467999771237,350,1,0.7673241180851027,0.9214758640373346,0.0006731146636395502,0.10996886319626505,0.0235652075466245,0.2
S3,9,RFOTO-ABC,0.275649713929513,0.691405403771287,1.3585862524956762,0.08339093447551199,0.84,0.16,0.07233923119638846,0.9987574359183563,0.0012425640816436656,1.0181015588239872,0.9859826939339279,0.804963241634132,0.2685168018054461,0.11923331866188448,0.71,0.6610768999671564,350,1,0.6374034701127198,0.7458084778663211,0.0012425640816436656,0.07371396594644151,0.0140173060660721,0.2
S3,10,RFOTO-ABC,0.3289382653242485,0.7570194992828797,1.4985179507935698,0.08781577830041545,0.83,0.17,0.09169908105183086,0.9983360836608347,0.0016639163391653777,1.01216106783301,0.9811261099318372,0.6655136296640728,0.2818226570857298,0.13869739167822406,0.65,0.7417324000271037,350,1,0.7880368206568682,0.7711997617066099,0.0016639163391653777,0.1298570103179514,0.018873890068162757,0.2
S3,11,RFOTO-ABC,0.3534105663154478,0.8653962240143097,1.7486924958203989,0.11699776457864067,0.73,0.27,0.12883822135961706,0.9986650316577523,0.001334968342247642,1.0211496614333042,0.9733572990521201,0.5159964764191622,0.3332173795481748,0.16544474606061926,0.7,0.6639481000602245,350,1,0.8030505988279559,0.8979395866859795,0.001334968342247642,0.13646628552161355,0.026642700947879905,0.2
S3,12,RFOTO-ABC,0.33004841917794203,0.8808992423408469,2.2225200703508543,0.12485253762483545,0.73,0.27,0.12353953079886466,0.9994416495707048,0.0005583504292949936,1.013543910630627,0.9751706630839473,0.5579982528255305,0.3470590974004963,0.15956669395055134,0.67,0.6915534000145271,350,1,0.7524332956960218,0.8873021810026457,0.0005583504292949936,0.09633956048656378,0.024829336916052713,0.2
S3,13,RFOTO-ABC,0.2868575599506216,0.7970716360058046,1.9191461186539398,0.09730056347547823,0.78,0.22,0.11690561516986012,0.9997828367595907,0.0002171632404094115,1.0116588352195295,0.9759417028272422,0.569791777902405,0.29632685876703146,0.15700753831543335,0.63,0.6535246999701485,350,1,0.6818407892731191,0.7301764083412153,0.0002171632404094115,0.07857471232312198,0.02405829717275776,0.2
S3,14,RFOTO-ABC,0.2761901758260389,0.6699950064259329,1.6379489017544053,0.08521888975705114,0.81,0.19,0.0920106507263096,0.9997614848621886,0.00023851513781132815,1.0073050863004263,0.9816425315125739,0.6538166726591577,0.27290782611704895,0.1367507485631736,0.68,0.6895881000673398,350,1,0.6676908089799695,0.6696193555783843,0.00023851513781132815,0.08855116460910437,0.018357468487426143,0.2
S3,0,RFOTO-ABC,0.25961252495934123,0.8598735513288868,1.7276199018093519,0.10118306225247659,0.75,0.25,0.10858521042679808,0.9976283350341123,0.002371664965887814,1.0091370449362438,0.9771899501980388,0.6099245255130716,0.350255312402917,0.1527825030399647,0.7,0.653102400014177,350,1,0.6991503515909965,0.7301455599215478,0.002371664965887814,0.08860260057445013,0.02281004980196122,0.3
S3,1,RFOTO-ABC,0.2641654300580298,0.7293561603448047,1.7723060264939883,0.08288564882846515,0.79,0.21,0.12590229279103204,0.998112335560923,0.001887664439076928,1.0158464768158493,0.9736945641596632,0.5726127416679643,0.27116629861750025,0.16436576982763487,0.66,0.6710864999331534,350,1,0.6672887275115332,0.8254216612764838,0.001887664439076928,0.08070659794296924,0.026305435840336844,0.3
S3,2,RFOTO-ABC,0.2677841365807768,0.7875320931788802,1.6795089863600405,0.10536596029303567,0.8,0.2,0.09060012443734608,0.9986455940458225,0.0013544059541776155,1.014408752645151,0.9824908816221112,0.6230886505140133,0.25625539637920697,0.1334958839093586,0.73,0.6775749999796972,350,1,0.7173157664599153,0.7690924137391795,0.0013544059541776155,0.09529778000351322,0.01750911837788882,0.3
S3,3,RFOTO-ABC,0.2929091847556353,0.7974987309486633,1.6133490641541732,0.10040577134386566,0.73,0.27,0.13339285401165746,0.998264122401291,0.0017358775987089937,1.0153407846273688,0.9729975905668892,0.546684370645481,0.28157030672755223,0.16658863767563933,0.65,0.68950900004711,350,1,0.773251109031183,0.8239883587518365,0.0017358775987089937,0.11432256013501549,0.02700240943311083,0.3
S3,4,RFOTO-ABC,0.3110890743917093,0.9069321929846673,2.076594617052895,0.1173147108307587,0.64,0.36,0.14821257154672515,0.9990288629590894,0.0009711370409105957,1.0128103614678454,0.9718531052239818,0.5003008918486981,0.3096759908378046,0.17018251263988976,0.71,0.6625987999141216,350,1,0.7797166180102189,0.88538853387565,0.0009711370409105957,0.1582633809749105,0.028146894776018172,0.3
S3,5,RFOTO-ABC,0.3003126116930624,0.9032636565204061,2.217351074428767,0.10015269756530369,0.68,0.32,0.15864658065283013,0.9997304032948928,0.0002695967051071779,1.013244715348129,0.9699426223438027,0.5943150543136928,0.25718074820089315,0.17603641763009406,0.75,0.6539695999817923,350,1,0.7594673122460637,0.8925176064623827,0.0002695967051071779,0.11966981015112242,0.030057377656197315,0.3
S3,6,RFOTO-ABC,0.31742913905339437,0.8302087789179317,1.5336242692094513,0.11495436622490146,0.74,0.26,0.11825366876222851,0.9996047240342765,0.0003952759657235383,1.013878707304716,0.9770417612061943,0.6321224048071343,0.3126510259643594,0.1532896105730441,0.71,0.7546785000013188,350,1,0.8519641215277652,0.8061782427753379,0.0003952759657235383,0.17235795376568078,0.022958238793805652,0.3
S3,7,RFOTO-ABC,0.26178640199979325,0.7239821497312051,1.6571833017200421,0.08211883971231676,0.81,0.19,0.10360015770416953,0.9978824037181401,0.0021175962818597736,1.0183764329240854,0.9799466151781688,0.6336143229634928,0.22601591630772194,0.14305157224596884,0.73,0.7152020999928936,350,1,0.6959229561664484,0.7372342593301997,0.0021175962818597736,0.10235571732570048,0.020053384821831166,0.3
S3,8,RFOTO-ABC,0.30162894285348024,0.8501936014263888,1.61663189170319,0.11582708182309996,0.65,0.35,0.12841328527806284,0.9993268853363605,0.0006731146636395502,1.0099356526372896,0.9764347924533755,0.5941506607930378,0.32176546685986185,0.1553509851355579,0.65,0.6575900000752881,350,1,0.7673241180851027,0.9214758640373346,0.0006731146636395502,0.10996886319626505,0.0235652075466245,0.3
S3,9,RFOTO-ABC,0.25314414137208885,0.6999125052620674,1.3875988951144183,0.08541291647593324,0.82,0.18,0.09005922465059285,0.9987393237275836,0.0012606762724163246,1.0183796008489687,0.982108635964996,0.8027420557944513,0.2685168018054461,0.1349714648179784,0.69,0.651058099931106,350,1,0.6595105253151756,0.7438512679999982,0.0012606762724163246,0.09665715765174684,0.01789136403500402,0.3
S3,10,RFOTO-ABC,0.29018021841723773,0.7570194992828797,1.4985179507935698,0.08781577830041545,0.83,0.17,0.09169908105183086,0.9983360836608347,0.0016639163391653777,1.01216106783301,0.9811261099318372,0.6655136296640728,0.2818226570857298,0.13869739167822406,0.65,0.7365884999744594,350,1,0.7880368206568682,0.7711997617066099,0.0016639163391653777,0.1298570103179514,0.018873890068162757,0.3
S3,11,RFOTO-ABC,0.3148590117891448,0.8681955469519749,1.7573765663137628,0.11981348114874074,0.73,0.27,0.13521395339693604,0.9986540473873362,0.0013459526126639266,1.021702368412136,0.9723501387867323,0.5159964764191622,0.3332173795481748,0.16863011555037388,0.68,0.6611216999590397,350,1,0.80429806295585,0.9047939412182702,0.0013459526126639266,0.14077421257385608,0.027649861213267735,0.3
S3,12,RFOTO-ABC,0.29155410743174315,0.8643518147065411,2.1396342712757814,0.12759905365920496,0.69,0.31,0.10834818434594046,0.9994757730683357,0.0005242269316643521,1.0122883128341365,0.9790946458249546,0.580113615418794,0.5224691324179583,0.14612227561880448,0.69,0.6630446000490338,350,1,0.7385756287024149,0.9379670643411187,0.0005242269316643521,0.08388261401812645,0.020905354175045354,0.3
S3,13,RFOTO-ABC,0.2540076521033886,0.7970716360058046,1.9191461186539398,0.09730056347547823,0.78,0.22,0.11690561516986012,0.9997828367595907,0.0002171632404094115,1.0116588352195295,0.9759417028272422,0.569791777902405,0.29632685876703146,0.15700753831543335,0.63,0.6515030999435112,350,1,0.6818407892731191,0.7301764083412153,0.0002171632404094115,0.07857471232312198,0.02405829717275776,0.3
S3,14,RFOTO-ABC,0.24396108740871233,0.6699950064259329,1.6379489017544053,0.08521888975705114,0.81,0.19,0.0920106507263096,0.9997614848621886,0.00023851513781132815,1.0073050863004263,0.9816425315125739,0.6538166726591577,0.27290782611704895,0.1367507485631736,0.68,0.6805133000016212,350,1,0.6676908089799695,0.6696193555783843,0.00023851513781132815,0.08855116460910437,0.018357468487426143,0.3
S3,0,RFOTO-ABC,0.22578359993685837,0.8598735513288868,1.7276199018093519,0.10118306225247659,0.75,0.25,0.10858521042679808,0.9976283350341123,0.002371664965887814,1.0091370449362438,0.9771899501980388,0.6099245255130716,0.350255312402917,0.1527825030399647,0.7,0.6484858000185341,350,1,0.6991503515909965,0.7301455599215478,0.002371664965887814,0.08860260057445013,0.02281004980196122,0.4
S3,1,RFOTO-ABC,0.23018543088407367,0.7293561603448047,1.7723060264939883,0.08288564882846515,0.79,0.21,0.12590229279103204,0.998112335560923,0.001887664439076928,1.0158464768158493,0.9736945641596632,0.5726127416679643,0.27116629861750025,0.16436576982763487,0.66,0.6817989000119269,350,1,0.6672887275115332,0.8254216612764838,0.001887664439076928,0.08070659794296924,0.026305435840336844,0.4
S3,2,RFOTO-ABC,0.2276063506288084,0.7863857410338817,1.8712616191731324,0.10325790428658216,0.75,0.25,0.09175783080262835,0.9986162407547884,0.0013837592452115666,1.0133894191087143,0.9832107445503591,0.6603289221551567,0.25625539637920697,0.13067497044574078,0.72,0.6696782999206334,350,1,0.7207573961338063,0.7317019475700427,0.0013837592452115666,0.0908281024720606,0.01678925544964094,0.4
S3,3,RFOTO-ABC,0.2549225025667033,0.7974987309486633,1.6133490641541732,0.10040577134386566,0.73,0.27,0.13339285401165746,0.998264122401291,0.0017358775987089937,1.0153407846273688,0.9729975905668892,0.546684370645481,0.28157030672755223,0.16658863767563933,0.65,0.6731523999478668,350,1,0.773251109031183,0.8239883587518365,0.0017358775987089937,0.11432256013501549,0.02700240943311083,0.4
S3,4,RFOTO-ABC,0.2677767759759784,0.8956760528075494,2.0319375746238832,0.11739617212061941,0.64,0.36,0.13446921616632637,0.9988102866250022,0.0011897133749979472,1.0132654434783137,0.9745183232208933,0.5172006635068808,0.3096759908378046,0.16170334233585268,0.73,0.627267700037919,350,1,0.7775895854209558,0.8851510583929738,0.0011897133749979472,0.15001127200783076,0.025481676779106732,0.4
S3,5,RFOTO-ABC,0.26170472111636733,0.9032636565204061,2.217351074428767,0.10015269756530369,0.68,0.32,0.15864658065283013,0.9997304032948928,0.0002695967051071779,1.013244715348129,0.9699426223438027,0.5943150543136928,0.25718074820089315,0.17603641763009406,0.75,0.6270840000361204,350,1,0.7594673122460637,0.8925176064623827,0.0002695967051071779,0.11966981015112242,0.030057377656197315,0.4
S3,6,RFOTO-ABC,0.27536186758773884,0.8302087789179317,1.5336242692094513,0.11495436622490146,0.74,0.26,0.11825366876222851,0.9996047240342765,0.0003952759657235383,1.013878707304716,0.9770417612061943,0.6321224048071343,0.3126510259643594,0.1532896105730441,0.71,0.7331548000220209,350,1,0.8519641215277652,0.8061782427753379,0.0003952759657235383,0.17235795376568078,0.022958238793805652,0.4
S3,7,RFOTO-ABC,0.22725311383151298,0.7239821497312051,1.6571833017200421,0.08211883971231676,0.81,0.19,0.10360015770416953,0.9978824037181401,0.0021175962818597736,1.0183764329240854,0.9799466151781688,0.6336143229634928,0.22601591630772194,0.14305157224596884,0.73,0.657524999929592,350,1,0.6959229561664484,0.7372342593301997,0.0021175962818597736,0.10235571732570048,0.020053384821831166,0.4
S3,8,RFOTO-ABC,0.261905552095358,0.8501936014263888,1.61663189170319,0.11582708182309996,0.65,0.35,0.12841328527806284,0.9993268853363605,0.0006731146636395502,1.0099356526372896,0.9764347924533755,0.5941506607930378,0.32176546685986185,0.1553509851355579,0.65,0.6551828999072313,350,1,0.7673241180851027,0.9214758640373346,0.0006731146636395502,0.10996886319626505,0.0235652075466245,0.4
S3,9,RFOTO-ABC,0.21953660175250528,0.6999125052620674,1.3875988951144183,0.08541291647593324,0.82,0.18,0.09005922465059285,0.9987393237275836,0.0012606762724163246,1.0183796008489687,0.982108635964996,0.8027420557944513,0.2685168018054461,0.1349714648179784,0.69,0.6452077999711037,350,1,0.6595105253151756,0.7438512679999982,0.0012606762724163246,0.09665715765174684,0.01789136403500402,0.4
S3,10,RFOTO-ABC,0.251422171510227,0.7570194992828797,1.4985179507935698,0.08781577830041545,0.83,0.17,0.09169908105183086,0.9983360836608347,0.0016639163391653777,1.01216106783301,0.9811261099318372,0.6655136296640728,0.2818226570857298,0.13869739167822406,0.65,0.719425700022839,350,1,0.7880368206568682,0.7711997617066099,0.0016639163391653777,0.1298570103179514,0.018873890068162757,0.4
S3,11,RFOTO-ABC,0.2738291331354481,0.8681955469519749,1.7573765663137628,0.11981348114874074,0.73,0.27,0.13521395339693604,0.9986540473873362,0.0013459526126639266,1.021702368412136,0.9723501387867323,0.5159964764191622,0.3332173795481748,0.16863011555037388,0.68,0.6562749999575317,350,1,0.80429806295585,0.9047939412182702,0.0013459526126639266,0.14077421257385608,0.027649861213267735,0.4
S3,12,RFOTO-ABC,0.25288999982364346,0.8643518147065411,2.1396342712757814,0.12759905365920496,0.69,0.31,0.10834818434594046,0.9994757730683357,0.0005242269316643521,1.0122883128341365,0.9790946458249546,0.580113615418794,0.5224691324179583,0.14612227561880448,0.69,0.6557323000160977,350,1,0.7385756287024149,0.9379670643411187,0.0005242269316643521,0.08388261401812645,0.020905354175045354,0.4
S3,13,RFOTO-ABC,0.22115774425615561,0.7970716360058046,1.9191461186539398,0.09730056347547823,0.78,0.22,0.11690561516986012,0.9997828367595907,0.0002171632404094115,1.0116588352195295,0.9759417028272422,0.569791777902405,0.29632685876703146,0.15700753831543335,0.63,0.6451685999054462,350,1,0.6818407892731191,0.7301764083412153,0.0002171632404094115,0.07857471232312198,0.02405829717275776,0.4
S3,14,RFOTO-ABC,0.21173199899138576,0.6699950064259329,1.6379489017544053,0.08521888975705114,0.81,0.19,0.0920106507263096,0.9997614848621886,0.00023851513781132815,1.0073050863004263,0.9816425315125739,0.6538166726591577,0.27290782611704895,0.1367507485631736,0.68,0.668498000013642,350,1,0.6676908089799695,0.6696193555783843,0.00023851513781132815,0.08855116460910437,0.018357468487426143,0.4
