scenario,run,algorithm,objective,delay_mean_s,delay_p95_s,energy_mean_j,success_rate,violation_rate,violation_mean,reliability_mean,link_failure_rate,attempts_mean,jain,utility_p05,utility_min,utility_cv,offload_rate,runtime_s,evaluations,feasible,t_hat,e_hat,r_hat,v_hat,fairness_loss
S4,0,RFOTO-ABC,0.24192687393957776,0.5657561224686685,1.0487430523357684,0.07455790512261257,0.92,0.08,0.029159967753786282,0.9987491306607299,0.0012508693392701874,1.0238725785237104,0.9937734163558647,0.8538004389328785,0.5118881176218615,0.0791555235429552,0.84,0.9325531999347731,400,1,0.5661167088285477,0.6133858764352165,0.0012508693392701874,0.028822615410736125,0.006226583644135308
S4,0,RFOTO-ABC-R,0.24193231490723216,0.5716310526615552,1.038047529624644,0.07484451069276127,0.91,0.09,0.026568154484698837,0.9988053862840538,0.0011946137159462322,1.0233972562301967,0.9942599877037687,0.9124265094037303,0.5118881176218615,0.07598124932937186,0.84,0.8762219999916852,400,1,0.5700878346888498,0.6110166032791632,0.0011946137159462322,0.026631764622085292,0.005740012296231334
S4,0,RFOTO-ABC-F,0.2838070229419057,0.5648841151873135,1.038047529624644,0.07457505764950817,0.91,0.09,0.024339544956446454,0.9985252206852101,0.0014747793147898858,1.0246212963583214,0.9950371822519429,0.900668923681328,0.5118881176218615,0.07062273111198279,0.84,0.9433247999986634,400,1,0.5667577634234026,0.6193556291099188,0.0014747793147898858,0.025392913661293523,0.004962817748057069
S4,0,RFOTO-ABC-D,0.2329569926932295,0.5087664668974162,0.9624878080842485,0.06971524940087633,0.9,0.1,0.030971982208728006,0.9985509162372146,0.0014490837627853014,1.0254500308363266,0.993481134254299,0.7495086182659453,0.5118881176218615,0.08100395173828287,0.84,0.663208800018765,400,1,0.5658140262036898,0.5492401415334153,0.0014490837627853014,0.03139927319153009,0.006518865745701041
S4,0,RFOTO-ABC-G,0.5708701875294343,1.2678188363018368,3.829640374781706,0.16204287041112014,0.48,0.52,0.4647169745477527,0.9984129186523396,0.0015870813476603662,1.0519180287694916,0.9119724580343523,0.3324942529051178,0.24601962180554657,0.3106836696433962,0.32,1.105235799914226,400,1,1.251127170323543,0.8878526797386863,0.0015870813476603662,0.4455557816934659,0.08802754196564766
S4,0,RFOTO-ABC-S,0.24192687393957776,0.5657561224686685,1.0487430523357684,0.07455790512261257,0.92,0.08,0.029159967753786282,0.9987491306607299,0.0012508693392701874,1.0238725785237104,0.9937734163558647,0.8538004389328785,0.5118881176218615,0.0791555235429552,0.84,0.9384713999461383,400,1,0.5661167088285477,0.6133858764352165,0.0012508693392701874,0.028822615410736125,0.006226583644135308
S4,0,RFOTO-ABC-RF,0.2842798055128287,0.5686623242486701,1.038047529624644,0.07447323545960477,0.91,0.09,0.026485964820994946,0.9987676784254371,0.0012323215745627548,1.0235452404040972,0.9942610972126363,0.9115581236472347,0.5118881176218615,0.07597386323160588,0.84,0.8264144000131637,400,1,0.568653683975156,0.6172107305810886,0.0012323215745627548,0.026585359160158386,0.0057389027873636644
S4,0,RFOTO-ABC-DG,0.4703692366917822,1.007579032587504,2.5034093398463977,0.1468366207635569,0.59,0.41,0.35513694298523985,0.9958030715588655,0.00419692844113464,1.0868072668481545,0.9287150591961976,0.3999186258076947,0.27406447816580054,0.2770496799417796,0.45,0.7294652999844402,400,1,1.016801509681747,0.8389514834501433,0.00419692844113464,0.31517603978010644,0.07128494080380243
S4,1,RFOTO-ABC,0.28973489810634645,0.6864707906604731,2.002665420374903,0.08849322008460088,0.85,0.15,0.11273006678833443,0.9988697803814505,0.0011302196185495562,1.0220647918864947,0.977403632183365,0.5810069813701607,0.20701038786274098,0.1520485711931308,0.81,1.0118614000966772,400,1,0.6102037065960622,0.6999026047686197,0.0011302196185495562,0.11433232658333134,0.022596367816634988
S4,1,RFOTO-ABC-R,0.2888528276819749,0.6921721160421296,2.030618755586194,0.08419545090032261,0.88,0.12,0.1173083792177987,0.9993328881953996,0.0006671118046004365,1.0178125448847144,0.9757359655514098,0.5598203223512073,0.20701038786274098,0.1576940656585869,0.79,0.987350600073114,400,1,0.6114934227661254,0.6861122208033144,0.0006671118046004365,0.11715844536695125,0.024264034448590155
S4,1,RFOTO-ABC-F,0.3363608372173291,0.6823794070897253,1.7150160331069495,0.08741204426287434,0.87,0.13,0.10861174769922276,0.9987777265727512,0.001222273427248901,1.0229933302584728,0.9781097395046084,0.5810069813701607,0.20701038786274098,0.14960002743108583,0.81,1.072627899935469,400,1,0.6087847454416864,0.7034568800822198,0.001222273427248901,0.1117901543061019,0.021890260495391556
S4,1,RFOTO-ABC-D,0.260351714955115,0.5504034900896037,1.668296728028655,0.06939132497405248,0.9,0.1,0.1029673565984814,0.9980070470167555,0.0019929529832444703,1.0259695300093363,0.978966212103507,0.6200290255805544,0.20701038786274098,0.14658005950434938,0.81,0.6769377000164241,400,1,0.5895634418123503,0.5488713676916848,0.0019929529832444703,0.10830596226860724,0.021033787896493017
S4,1,RFOTO-ABC-G,0.6042974578594295,1.378138577922912,3.62028425311867,0.14492265000732632,0.44,0.56,0.5670227828426476,0.9978740821426935,0.0021259178573063363,1.0720571694250252,0.8940263787227196,0.32284515096041533,0.20701038786274098,0.3442894548383945,0.29,1.1791876000352204,400,1,1.3079846447336623,0.8831490676202871,0.0021259178573063363,0.5140308390796696,0.10597362127728038
S4,1,RFOTO-ABC-S,0.28973489810634645,0.6864707906604731,2.002665420374903,0.08849322008460088,0.85,0.15,0.11273006678833443,0.9988697803814505,0.0011302196185495562,1.0220647918864947,0.977403632183365,0.5810069813701607,0.20701038786274098,0.1520485711931308,0.81,1.0006775999208912,400,1,0.6102037065960622,0.6999026047686197,0.0011302196185495562,0.11433232658333134,0.022596367816634988
S4,1,RFOTO-ABC-RF,0.3382497811128275,0.6890271873859822,2.0222055487463875,0.08818835926040589,0.87,0.13,0.11198810031162443,0.9989156577316903,0.001084342268309786,1.0219942214013935,0.9773618032071821,0.5797710970300293,0.20701038786274098,0.1521924941559603,0.81,0.9274725000141189,400,1,0.61287216828659,0.7040588184950228,0.001084342268309786,0.1138743225853622,0.022638196792817866
S4,1,RFOTO-ABC-DG,0.5346335478132783,1.126205939633438,3.064376960533756,0.13752312478642995,0.53,0.47,0.4376298122846458,0.9959608911153726,0.004039108884627572,1.0821607000894236,0.9144187423539387,0.353112035851488,0.20701038786274098,0.3059262707392012,0.42,0.8018992999568582,400,1,1.1378365980633522,0.8760052356731055,0.004039108884627572,0.42051441009055873,0.08558125764606128
S4,2,RFOTO-ABC,0.3590963322204278,0.7915408364103069,1.9910532496993276,0.08924700636120092,0.79,0.21,0.1769911545831558,0.998244473750947,0.0017555262490529533,1.0314331158188963,0.9635382020034028,0.4423596170914899,0.22707671030226634,0.1945290972210045,0.8,1.0555050000548363,400,1,0.7782398931569064,0.6626383854607973,0.0017555262490529533,0.23728090465112567,0.03646179799659721
S4,2,RFOTO-ABC-R,0.3561645660820225,0.7936655553191944,1.9910532496993276,0.08737102846659078,0.8,0.2,0.17678063077297568,0.9982655013074677,0.0017344986925323714,1.0317282907351855,0.963355511655353,0.4423596170914899,0.22707671030226634,0.19503431882482675,0.79,0.97006630001124,400,1,0.784548936705241,0.6324378755261783,0.0017344986925323714,0.2372723103463278,0.03664448834464695
S4,2,RFOTO-ABC-F,0.4161963602336974,0.7919948934205421,1.9910532496993276,0.08965230675023857,0.79,0.21,0.17719018848120732,0.9982564371790716,0.0017435628209284094,1.0313069896315956,0.9634806272621013,0.4423596170914899,0.22707671030226634,0.1946884382700452,0.8,1.1048781999852508,400,1,0.7783871199284391,0.6631559297274124,0.0017435628209284094,0.23739209677294215,0.036519372737898737
S4,2,RFOTO-ABC-D,0.32493928280111545,0.6782196889265022,1.7481765382857777,0.07814503016389489,0.84,0.16,0.15426855180846785,0.9974019081528711,0.0025980918471288895,1.034889695205979,0.968259070645602,0.47012405915733907,0.22707671030226634,0.1810564630575806,0.81,0.7300889000762254,400,1,0.7273655982277097,0.584039840148172,0.0025980918471288895,0.20084459779750702,0.031740929354397984
S4,2,RFOTO-ABC-G,0.641534923531352,1.3686458730407487,4.026441958167182,0.154200041849787,0.48,0.52,0.5548172745920504,0.9977078134944048,0.0022921865055950796,1.0549424185847838,0.8944452239719797,0.3422319054461253,0.20907369476427065,0.34352794353483024,0.32,1.2101128000067547,400,1,1.3865869533158068,0.8687156101049527,0.0022921865055950796,0.5931567599253411,0.10555477602802033
S4,2,RFOTO-ABC-S,0.3590963322204278,0.7915408364103069,1.9910532496993276,0.08924700636120092,0.79,0.21,0.1769911545831558,0.998244473750947,0.0017555262490529533,1.0314331158188963,0.9635382020034028,0.4423596170914899,0.22707671030226634,0.1945290972210045,0.8,1.0948060000082478,400,1,0.7782398931569064,0.6626383854607973,0.0017555262490529533,0.23728090465112567,0.03646179799659721
S4,2,RFOTO-ABC-RF,0.4143982378121095,0.7935977293668673,1.9910532496993276,0.08918169111103717,0.8,0.2,0.1753916575277461,0.9981589802836585,0.0018410197163414754,1.0319357703694674,0.9636060349023307,0.4423596170914899,0.22707671030226634,0.19434122302696177,0.81,0.996538299950771,400,1,0.7785986344551161,0.6553812768630042,0.0018410197163414754,0.23565379221518082,0.036393965097669345
S4,2,RFOTO-ABC-DG,0.5627441913168629,1.2441390170675064,3.876785452356665,0.13828488838233036,0.55,0.45,0.4753416793225665,0.9953283553313029,0.004671644668697062,1.1029904481725257,0.9084123773170478,0.32858247976586097,0.20907369476427065,0.3175242301047957,0.39,0.8197069000452757,400,1,1.2033974046019593,0.8750460227812017,0.004671644668697062,0.46386185765204263,0.09158762268295217
S4,3,RFOTO-ABC,0.24565813782537937,0.582199454556801,1.225872795405207,0.07415770874494304,0.86,0.14,0.05190003571592599,0.9991923916954302,0.0008076083045697724,1.0162358360870813,0.9890300142552454,0.6500838716215394,0.5345070075623551,0.10531695546779656,0.84,1.0329901999793947,400,1,0.5449147019425011,0.6459063185743549,0.0008076083045697724,0.042945980123894806,0.010969985744754607
S4,3,RFOTO-ABC-R,0.24468441406454924,0.5751321980039797,1.261845660006189,0.07403702276621811,0.87,0.13,0.050160853084132144,0.9991534299168986,0.0008465700831014789,1.016362360993992,0.9892577821668199,0.6500838716215394,0.5345070075623551,0.10420588341673656,0.84,0.9569183000130579,400,1,0.5410237255427202,0.6478217736763193,0.0008465700831014789,0.0418982797432961,0.010742217833180079
S4,3,RFOTO-ABC-F,0.2837727774058259,0.5766006747239425,1.2097014308804923,0.07366230410704669,0.86,0.14,0.04847725562853695,0.9994204357165732,0.0005795642834268166,1.0125556143016061,0.9898282075552921,0.6500838716215394,0.5345070075623551,0.10137219071085814,0.84,1.0445079999044538,400,1,0.5406147205598603,0.6382248264303397,0.0005795642834268166,0.04081417533500269,0.010171792444707894
S4,3,RFOTO-ABC-D,0.21188899138444647,0.4764284116641144,0.9082041740352657,0.06129082111823539,0.92,0.08,0.03890455312773344,0.9992481431268284,0.000751856873171547,1.0152424083870586,0.9912164539033587,0.6720333461975185,0.5345070075623551,0.09413490553571337,0.86,0.6802568999119103,400,1,0.5172825966312748,0.4947293271542231,0.000751856873171547,0.02756415945745514,0.008783546096641337
S4,3,RFOTO-ABC-G,0.6094715090204912,1.3214538954624715,3.7220895778949425,0.15954658843243022,0.39,0.61,0.5377111983369185,0.9991734247126403,0.0008265752873597076,1.031086008617419,0.8994843652850375,0.3355843272148091,0.2899043014903152,0.3342873944761931,0.38,1.1633999000769109,400,1,1.2718946937196798,0.9834062883301091,0.0008265752873597076,0.5149769283053545,0.1005156347149625
S4,3,RFOTO-ABC-S,0.24565813782537937,0.582199454556801,1.225872795405207,0.07415770874494304,0.86,0.14,0.05190003571592599,0.9991923916954302,0.0008076083045697724,1.0162358360870813,0.9890300142552454,0.6500838716215394,0.5345070075623551,0.10531695546779656,0.84,1.0359781999140978,400,1,0.5449147019425011,0.6459063185743549,0.0008076083045697724,0.042945980123894806,0.010969985744754607
S4,3,RFOTO-ABC-RF,0.28075029791393563,0.5732552588953471,1.3087265463395605,0.07134418910902753,0.86,0.14,0.05355106155756631,0.9992603749999732,0.0007396250000267757,1.0156367011612952,0.9887681049842307,0.6500838716215394,0.5345070075623551,0.10658087793947711,0.82,0.9316944000311196,400,1,0.5409075619918985,0.6151852948517672,0.0007396250000267757,0.043940574004401024,0.011231895015769267
S4,3,RFOTO-ABC-DG,0.4888238367378967,1.026689043690106,3.4163266515044257,0.11523062192394928,0.56,0.44,0.3941243633998656,0.9971191128973146,0.002880887102685201,1.0522461280644033,0.9213493770907528,0.3533825861634628,0.29395308964911715,0.29217221297308293,0.49,0.7922593000112101,400,1,1.0625147049120398,0.7549767946697007,0.002880887102685201,0.39029948181003005,0.07865062290924718
S4,4,RFOTO-ABC,0.2612195667423825,0.6316261637791242,1.3616553100264783,0.06675798012278975,0.94,0.06,0.09673699011733027,0.9986018938185052,0.0013981061814948926,1.0170414597577264,0.9801429904552048,0.9215317860041947,0.2493068645183027,0.14233516301702548,0.87,0.9778457999927923,400,1,0.5434627841354934,0.6641796316608796,0.0013981061814948926,0.08987501316543581,0.01985700954479519
S4,4,RFOTO-ABC-R,0.26142889187451457,0.6350081952126074,1.3466823183710785,0.06709792271899617,0.94,0.06,0.09673699011733027,0.9986687987764816,0.0013312012235184778,1.0166707195139242,0.9801425244564415,0.9215317860041947,0.2493068645183027,0.1423368669844797,0.87,0.9166321000084281,400,1,0.5458020583199182,0.6617650828462572,0.0013312012235184778,0.08987501316543581,0.019857475543558545
S4,4,RFOTO-ABC-F,0.303760476836203,0.6317028016128112,1.3466823183710785,0.06687368473250181,0.94,0.06,0.09673699011733027,0.9986194195815636,0.001380580418436299,1.0170369598689877,0.9801437344865945,0.9215317860041947,0.2493068645183027,0.1423324423587026,0.87,0.9978553999681026,400,1,0.543149738261903,0.6644273424683371,0.001380580418436299,0.08987501316543581,0.01985626551340547
S4,4,RFOTO-ABC-D,0.2404455250558848,0.5721946274265178,1.2000486517730566,0.05858038908802966,0.94,0.06,0.10456398475465259,0.9986163109555268,0.0013836890444732786,1.0167429688669654,0.9781672790421592,0.574443004369055,0.2493068645183027,0.14939888854581493,0.87,0.7100556999212131,400,1,0.5375237841524846,0.5246313195987523,0.0013836890444732786,0.09527294050152017,0.021832720957840834
S4,4,RFOTO-ABC-G,0.5930757745032057,1.3506378613041148,3.795530901081064,0.14427758525784878,0.51,0.49,0.5163019306876045,0.9968109647063976,0.003189035293602336,1.044128896448128,0.9004508880776181,0.2947205692068272,0.2432225624633034,0.3324977261561993,0.47,1.1608141999458894,400,1,1.207222979384238,1.0846255809452925,0.003189035293602336,0.4520240746730984,0.09954911192238192
S4,4,RFOTO-ABC-S,0.2612195667423825,0.6316261637791242,1.3616553100264783,0.06675798012278975,0.94,0.06,0.09673699011733027,0.9986018938185052,0.0013981061814948926,1.0170414597577264,0.9801429904552048,0.9215317860041947,0.2493068645183027,0.14233516301702548,0.87,0.9625202000606805,400,1,0.5434627841354934,0.6641796316608796,0.0013981061814948926,0.08987501316543581,0.01985700954479519
S4,4,RFOTO-ABC-RF,0.2997528465280649,0.63997543278755,1.2881322257119305,0.06465664183029013,0.91,0.09,0.1082420906164521,0.9985707313930241,0.0014292686069758388,1.0175040714524313,0.977786608485201,0.6242049788589863,0.2493068645183027,0.1507250349018398,0.84,0.8845180000644177,400,1,0.5527815603262153,0.6123752295830485,0.0014292686069758388,0.09780956523379569,0.022213391514798952
S4,4,RFOTO-ABC-DG,0.4869046861345579,1.0951899090850117,3.5683625231329303,0.11828653668831642,0.56,0.44,0.4078020791575214,0.9958532223404579,0.0041467776595420615,1.065733923682141,0.922934073929546,0.2947205692068272,0.2305999378261843,0.2889654107816425,0.49,0.7906700000166893,400,1,1.0398172658292935,0.850452646191859,0.0041467776595420615,0.3479729132239166,0.07706592607045404
S4,5,RFOTO-ABC,0.32328542409182104,0.6684307171878414,1.642497899682497,0.08043820716299978,0.86,0.14,0.09868156629103758,0.9969729118495384,0.0030270881504616976,1.0302528616263003,0.9785965965395723,0.5582888280692289,0.27166097769663833,0.14789025867716213,0.83,1.0028923999052495,400,1,0.7164845592262546,0.6764456926200181,0.0030270881504616976,0.1555260089723925,0.021403403460427683
S4,5,RFOTO-ABC-R,0.3157294409954835,0.6827545398632647,1.6422707070280147,0.07691712171980786,0.85,0.15,0.10292701049482161,0.996471140994116,0.003528859005883964,1.0353093835102838,0.9777917005018506,0.5579094616768194,0.27166097769663833,0.15070736600436785,0.82,0.876801099977456,400,1,0.719362876308935,0.6283224856563437,0.003528859005883964,0.15041332937559582,0.022208299498149398
S4,5,RFOTO-ABC-F,0.3721319990901128,0.669180103644328,1.6167300241765694,0.080241963429402,0.86,0.14,0.08835008517764917,0.9967958772556297,0.003204122744370418,1.033716743955231,0.9812332380335085,0.7056396518312533,0.27166097769663833,0.13829565873011299,0.84,0.97682610002812,400,1,0.7138507152676182,0.6779945245061105,0.003204122744370418,0.14203806873960284,0.01876676196649152
S4,5,RFOTO-ABC-D,0.3070074644443489,0.6157461805797123,1.451627433008682,0.07147148275471317,0.88,0.12,0.09273618227418635,0.996820425000831,0.003179574999169077,1.0316677872787186,0.979556795990176,0.5608245213469679,0.27166097769663833,0.14446401151768132,0.84,0.6986743999877945,400,1,0.7116348712517687,0.587597601018778,0.003179574999169077,0.14902684350913037,0.020443204009824023
S4,5,RFOTO-ABC-G,0.6334688148092884,1.3228193535590844,3.728388578057275,0.15711234884377212,0.36,0.64,0.52358589597375,0.9986041066677038,0.0013958933322961442,1.0563057844115022,0.9082090271216807,0.36013623990191035,0.23862427433521283,0.31791211572955075,0.34,1.1571213999995962,400,1,1.362330635512042,0.9667233690490699,0.0013958933322961442,0.5353193039028417,0.09179097287831928
S4,5,RFOTO-ABC-S,0.32328542409182104,0.6684307171878414,1.642497899682497,0.08043820716299978,0.86,0.14,0.09868156629103758,0.9969729118495384,0.0030270881504616976,1.0302528616263003,0.9785965965395723,0.5582888280692289,0.27166097769663833,0.14789025867716213,0.83,1.014495600014925,400,1,0.7164845592262546,0.6764456926200181,0.0030270881504616976,0.1555260089723925,0.021403403460427683
S4,5,RFOTO-ABC-RF,0.3748764015726748,0.6654752762158607,1.6422707070280147,0.07917229437297582,0.87,0.13,0.09843233925227053,0.9969635976304719,0.0030364023695280875,1.0308249273723418,0.9785982461600967,0.5582888280692289,0.27166097769663833,0.14788443476381502,0.83,0.8634856001008302,400,1,0.7143838040810688,0.6706917704781128,0.0030364023695280875,0.15535177708353576,0.02140175383990328
S4,5,RFOTO-ABC-DG,0.5815499003879872,1.1525000902209488,3.728388578057275,0.13787698797530315,0.48,0.52,0.46190540504356553,0.9977383238103212,0.002261676189678743,1.0746776533893858,0.9140024573196762,0.3775402981966994,0.2280296098109461,0.3067392414169026,0.37,0.7841557000065222,400,1,1.2626832025671995,0.8254394090483685,0.002261676189678743,0.5148448869957908,0.08599754268032378
S4,6,RFOTO-ABC,0.23005946648390954,0.5476823751483556,0.9940916453871937,0.07214423426797549,0.94,0.06,0.043826067427600306,0.9989908919313301,0.0010091080686698561,1.0151180993772007,0.9897748081377438,0.8476176778707015,0.45738626412789246,0.1016406736783176,0.84,1.017698899959214,400,1,0.49410155327075844,0.6340017126343978,0.0010091080686698561,0.03879288351195143,0.010225191862256233
S4,6,RFOTO-ABC-R,0.22819957701339177,0.5508352015665045,1.0873497003024977,0.0711453476340769,0.94,0.06,0.043826067427600306,0.9988984357785742,0.0011015642214257503,1.014344225004751,0.9897723540445873,0.8476176778707015,0.45738626412789246,0.10165299608318018,0.84,0.8890219000168145,400,1,0.4960661641504701,0.618202369067929,0.0011015642214257503,0.03879288351195143,0.0102276459554127
S4,6,RFOTO-ABC-F,0.2688537502406718,0.5476823751483556,0.9940916453871937,0.07214423426797549,0.94,0.06,0.043826067427600306,0.9989908919313301,0.0010091080686698561,1.0151180993772007,0.9897748081377438,0.8476176778707015,0.45738626412789246,0.1016406736783176,0.84,1.044272700091824,400,1,0.49410155327075844,0.6340017126343978,0.0010091080686698561,0.03879288351195143,0.010225191862256233
S4,6,RFOTO-ABC-D,0.20775461435796969,0.4873035502267132,0.994825627491032,0.06435561331570402,0.94,0.06,0.037869709232454744,0.9989154651591344,0.0010845348408655509,1.013610031579746,0.9911772367158153,0.9589234265911207,0.45738626412789246,0.09434668687023942,0.84,0.6721945999888703,400,1,0.4801686978922314,0.5350154588734493,0.0010845348408655509,0.023679198372374546,0.008822763284184743
S4,6,RFOTO-ABC-G,0.5665724196029903,1.2233939240383664,3.128989686758194,0.15160246221811036,0.42,0.58,0.4424503172379612,0.9977379195220564,0.0022620804779434935,1.0971569399429812,0.9196301471116048,0.3854132207537469,0.23709459222083312,0.29562420270944306,0.28,1.1383560999529436,400,1,1.2423207120738047,0.9301266792607216,0.0022620804779434935,0.415861382666332,0.08036985288839515
S4,6,RFOTO-ABC-S,0.23005946648390954,0.5476823751483556,0.9940916453871937,0.07214423426797549,0.94,0.06,0.043826067427600306,0.9989908919313301,0.0010091080686698561,1.0151180993772007,0.9897748081377438,0.8476176778707015,0.45738626412789246,0.1016406736783176,0.84,1.030349100008607,400,1,0.49410155327075844,0.6340017126343978,0.0010091080686698561,0.03879288351195143,0.010225191862256233
S4,6,RFOTO-ABC-RF,0.2676720036767477,0.55365541901691,1.0233688702949268,0.07174639259519934,0.93,0.07,0.043862191892425156,0.9990396829755328,0.0009603170244672666,1.0134036833387028,0.9897745175911109,0.8476176778707015,0.45738626412789246,0.1016421326354635,0.84,0.875219100038521,400,1,0.4979989432277411,0.6208371576431404,0.0009603170244672666,0.03881532106774327,0.010225482408889097
S4,6,RFOTO-ABC-DG,0.4512101646729291,1.0135684930230546,2.767965752353919,0.1342655509789716,0.56,0.44,0.30169226560049417,0.9953831289076251,0.004616871092374903,1.113759666213927,0.9401655076969399,0.4403539491976933,0.3081658638204025,0.25227467084694144,0.4,0.819091200013645,400,1,0.9858952282730198,0.8556488594509136,0.004616871092374903,0.2659619224924125,0.05983449230306015
S4,7,RFOTO-ABC,0.25268867590807986,0.5603654955527684,1.2159043032967465,0.07193687912470603,0.93,0.07,0.024404372203317367,0.9989232838587436,0.001076716141256241,1.024946919242145,0.9950827819890654,0.8568481047086098,0.5735909014696632,0.07029592111205768,0.86,0.9986592999193817,400,1,0.5341649033194115,0.7595201700759462,0.001076716141256241,0.017065994547774386,0.0049172180109345875
S4,7,RFOTO-ABC-R,0.24751863833192583,0.557953742080107,1.1874170608619319,0.06908059094381111,0.92,0.08,0.02844012462675933,0.9989996256284865,0.0010003743715134117,1.0235966009516715,0.9936555967497164,0.947610190314345,0.5296165093560894,0.07990564250950383,0.85,0.9409877000143752,400,1,0.5344436664328308,0.718559577346333,0.0010003743715134117,0.01988819903969184,0.006344403250283626
S4,7,RFOTO-ABC-F,0.29812353809068365,0.5592009823239216,1.2111138409737041,0.07204619369345697,0.93,0.07,0.029069629494475144,0.9990102671594695,0.000989732840530413,1.0239083385514336,0.9935666281028125,0.8568833027359829,0.5383899732950057,0.0804675596833546,0.86,1.0270263999700546,400,1,0.5297887925517485,0.771185064083755,0.000989732840530413,0.0203284122338987,0.006433371897187512
S4,7,RFOTO-ABC-D,0.23722326744573707,0.5059188382903448,1.2874333944401815,0.06324218112526968,0.93,0.07,0.029509674388688407,0.9989008049451074,0.001099195054892539,1.0254130174140377,0.9938182536816177,0.8078602863580335,0.5735909014696632,0.07886823190928068,0.86,0.6807815000647679,400,1,0.5367665065639713,0.6384613672325754,0.001099195054892539,0.02446133904448848,0.0061817463183823085
S4,7,RFOTO-ABC-G,0.5942780767519192,1.2674527475219008,3.1891680232261073,0.16010174134436558,0.44,0.56,0.4497855538614659,0.9954013599534938,0.0045986400465063216,1.092368410752949,0.9177370979856388,0.35052154104054045,0.25718852533218334,0.2993938460108686,0.5,1.203354199999012,400,1,1.2289624618785668,1.1156299269909569,0.0045986400465063216,0.42573523568871413,0.08226290201436115
S4,7,RFOTO-ABC-S,0.25268867590807986,0.5603654955527684,1.2159043032967465,0.07193687912470603,0.93,0.07,0.024404372203317367,0.9989232838587436,0.001076716141256241,1.024946919242145,0.9950827819890654,0.8568481047086098,0.5735909014696632,0.07029592111205768,0.86,1.0282908999361098,400,1,0.5341649033194115,0.7595201700759462,0.001076716141256241,0.017065994547774386,0.0049172180109345875
S4,7,RFOTO-ABC-RF,0.2949480582056777,0.5599234584358496,1.2166964256678168,0.07121735346805294,0.93,0.07,0.027661529407620806,0.99900422106874,0.0009957789312599874,1.0239107938638505,0.9939854528946077,0.8568833027359829,0.5735909014696632,0.07778779321788035,0.86,0.8983359999256209,400,1,0.5309198781865071,0.7529386161821884,0.0009957789312599874,0.01934372685847609,0.006014547105392287
S4,7,RFOTO-ABC-DG,0.4258425953168072,0.9099328415761957,2.4263793604445514,0.13653154454169494,0.61,0.39,0.25367170200923034,0.9961226790026579,0.003877320997341902,1.074629127582028,0.9490554443479855,0.44257915971233436,0.2991210273675834,0.2316877632602823,0.57,0.8230674000224099,400,1,0.8745407941639316,0.9655231693387417,0.003877320997341902,0.21584709531097002,0.0509445556520145
S4,8,RFOTO-ABC,0.26153942092247456,0.6686465925001841,1.846253543854652,0.06009455168617112,0.88,0.12,0.13134719503236295,0.996883510051035,0.003116489948965121,1.0238954242434821,0.9718585135312178,0.517057066875487,0.2772463053676703,0.17016568844751753,0.84,1.0195995999965817,400,1,0.5865892895982369,0.5422799420129245,0.003116489948965121,0.11482234504346531,0.02814148646878223
S4,8,RFOTO-ABC-R,0.26020529469354153,0.6654479585796007,1.846253543854652,0.05940630638162077,0.88,0.12,0.13051101120757824,0.9964514868519703,0.0035485131480296594,1.0245790858290118,0.9720320607643962,0.517057066875487,0.2772463053676703,0.169625030553109,0.84,0.8788143000565469,400,1,0.5845513469031008,0.5371948485942948,0.0035485131480296594,0.11433334865470232,0.02796793923560381
S4,8,RFOTO-ABC-F,0.30281439691901546,0.6678618201922187,1.846253543854652,0.06015856332713899,0.88,0.12,0.13134719503236295,0.9965505113528412,0.0034494886471588306,1.0239418604638248,0.9718674384757431,0.517057066875487,0.2772463053676703,0.17013792145174925,0.84,0.9935283999657258,400,1,0.5860219184574855,0.543275158509958,0.0034494886471588306,0.11482234504346531,0.028132561524256916
S4,8,RFOTO-ABC-D,0.24757884885087217,0.5993863059646837,1.846253543854652,0.05252301735214094,0.89,0.11,0.13012402958710442,0.9956759380401832,0.004324061959816867,1.0273110770799188,0.9718292460968213,0.517057066875487,0.2772463053676703,0.17025671613514998,0.85,0.7040794999338686,400,1,0.5662976541226432,0.4792189030479011,0.004324061959816867,0.11612469754234406,0.02817075390317869
S4,8,RFOTO-ABC-G,0.5357654895936562,1.2770014156212959,3.989947744497844,0.13162153452894304,0.44,0.56,0.4350533447440118,0.9980338252391757,0.001966174760824091,1.0650922101572347,0.9182137581157304,0.3634085753670758,0.2772463053676703,0.29844769456940473,0.39,1.1187972000334412,400,1,1.1938840583162709,0.8270004080695188,0.001966174760824091,0.4023329702774219,0.08178624188426964
S4,8,RFOTO-ABC-S,0.26153942092247456,0.6686465925001841,1.846253543854652,0.06009455168617112,0.88,0.12,0.13134719503236295,0.996883510051035,0.003116489948965121,1.0238954242434821,0.9718585135312178,0.517057066875487,0.2772463053676703,0.17016568844751753,0.84,0.9799320999300107,400,1,0.5865892895982369,0.5422799420129245,0.003116489948965121,0.11482234504346531,0.02814148646878223
S4,8,RFOTO-ABC-RF,0.2971749528024919,0.6686693609393035,1.846253543854652,0.0588850737694847,0.87,0.13,0.13094452835416795,0.9970953749933199,0.002904625006680208,1.0226660882025282,0.9720513694039306,0.517057066875487,0.2772463053676703,0.1695647830479315,0.83,0.8422490999801084,400,1,0.584167843840782,0.5155273803807813,0.002904625006680208,0.11458686745387761,0.027948630596069446
S4,8,RFOTO-ABC-DG,0.49202857738299843,1.2458788915394852,4.043647003726404,0.12895150201017835,0.54,0.46,0.46204480970152845,0.9975818218939091,0.002418178106091019,1.0672880501386226,0.9088468851055324,0.3352822212673795,0.2772463053676703,0.3166944083838283,0.41,0.8204199998872355,400,1,1.052469128624487,0.8143259511194895,0.002418178106091019,0.37042319881425967,0.09115311489446765
S4,9,RFOTO-ABC,0.28705473416287947,0.7466658097975416,1.543197967058897,0.07866947684519675,0.87,0.13,0.10392639972494255,0.9990490014805549,0.0009509985194451953,1.0150911973105894,0.9791517793262956,0.6315968147774161,0.24233548417477346,0.14591820847442627,0.79,1.0258581000380218,400,1,0.621124579434713,0.6683405986159514,0.0009509985194451953,0.11282026682745508,0.0208482206737044
S4,9,RFOTO-ABC-R,0.2875507870347037,0.748545306152532,1.5405341632194045,0.07910948277992585,0.85,0.15,0.10603544031779885,0.9990437713192017,0.0009562286807982889,1.015398206690638,0.9789125103170578,0.6315968147774161,0.24233548417477346,0.14677108413380743,0.79,0.935830199974589,400,1,0.6233927111721387,0.6655775116560363,0.0009562286807982889,0.11404645321865059,0.021087489682942162
S4,9,RFOTO-ABC-F,0.30793025969794174,0.7300107533976226,1.5423295843048204,0.07919253266895715,0.85,0.15,0.08771281400936293,0.9989740807264149,0.0010259192735850198,1.015173035054382,0.9827408805174453,0.6992392321932452,0.24233548417477346,0.1325225568546182,0.8,0.965606200043112,400,1,0.575028921815708,0.6748646195091726,0.0010259192735850198,0.06619445403292254,0.017259119482554652
S4,9,RFOTO-ABC-D,0.2668841306967776,0.6574921093290902,1.4496669424580906,0.06826928865061611,0.9,0.1,0.098885796919878,0.9977220448309473,0.002277955169052819,1.0200765506087275,0.9796425117964891,0.6315968147774161,0.24233548417477346,0.14415452663003953,0.8,0.7858363999985158,400,1,0.6156644046194708,0.5465759621817263,0.002277955169052819,0.10988968380125477,0.02035748820351091
S4,9,RFOTO-ABC-G,0.6347614591465045,1.484935662175918,4.322486382359848,0.1357725165916676,0.44,0.56,0.5294791833848788,0.9984756123154662,0.0015243876845337356,1.0584198192920444,0.9014071736549891,0.3191623828249986,0.24233548417477346,0.330721290036162,0.53,1.165337200043723,400,1,1.3676441503127232,0.9168841076124079,0.0015243876845337356,0.5608960157512163,0.09859282634501088
S4,9,RFOTO-ABC-S,0.28705473416287947,0.7466658097975416,1.543197967058897,0.07866947684519675,0.87,0.13,0.10392639972494255,0.9990490014805549,0.0009509985194451953,1.0150911973105894,0.9791517793262956,0.6315968147774161,0.24233548417477346,0.14591820847442627,0.79,1.0506970999995247,400,1,0.621124579434713,0.6683405986159514,0.0009509985194451953,0.11282026682745508,0.0208482206737044
S4,9,RFOTO-ABC-RF,0.33008354440796284,0.7456649182160947,1.5395421704486907,0.0774796930576104,0.87,0.13,0.10321110668260157,0.9990595194542529,0.0009404805457471954,1.0146871909616257,0.9792719363194601,0.6315968147774161,0.24233548417477346,0.14548818055166457,0.77,0.9318367999512702,400,1,0.6186435909959439,0.6508061279582493,0.0009404805457471954,0.11240439877958242,0.02072806368053992
S4,9,RFOTO-ABC-DG,0.5540065489824674,1.2268047363009154,3.6198774602723955,0.1330825735817899,0.57,0.43,0.4277221274108686,0.9970155133615474,0.0029844866384526993,1.0809744806365782,0.9157047371225957,0.3373598978742516,0.24233548417477346,0.3034057829521635,0.52,0.792267799959518,400,1,1.1905873304643582,0.823831621627961,0.0029844866384526993,0.47817514545152984,0.0842952628774043
S4,10,RFOTO-ABC,0.3499472206830977,0.6975200161660845,1.6203916178332896,0.09263809478134252,0.8,0.2,0.10541143030512763,0.9974967957025831,0.0025032042974168665,1.0290013872754444,0.9783970838741429,0.5918468301737586,0.3029034485930607,0.14859309033031032,0.84,1.0094755000900477,400,1,0.6993285708821227,0.9311552024068287,0.0025032042974168665,0.12680287729272294,0.021602916125857075
S4,10,RFOTO-ABC-R,0.3462785512747408,0.6963149596246354,1.4290392933483207,0.09322889857508716,0.82,0.18,0.10566275824737521,0.9979943931830794,0.0020056068169206865,1.0284548961916742,0.9774806433503318,0.5888301385127916,0.3029034485930607,0.15178327054950666,0.81,0.8655611999565735,400,1,0.6868371273211605,0.9273754906146938,0.0020056068169206865,0.12673568396564877,0.0225193566496682
S4,10,RFOTO-ABC-F,0.4204279872244623,0.7098030162340615,1.3938848963134083,0.09754643073215569,0.8,0.2,0.10693845664003102,0.9976908217740618,0.002309178225938343,1.0280259108646785,0.9776040381807861,0.5917207521501816,0.3029034485930607,0.15135729786374494,0.84,0.9863197000231594,400,1,0.6931264484282919,1.011155516634706,0.002309178225938343,0.12778805557330578,0.022395961819213883
S4,10,RFOTO-ABC-D,0.31246392911966486,0.5726418511692113,1.0613436406501546,0.0772809759008621,0.87,0.13,0.08542587601695922,0.9969929187200265,0.003007081279973507,1.032739672785782,0.9817749472812687,0.6904153308145309,0.3029034485930607,0.13624746286198547,0.84,0.727780400076881,400,1,0.6734513860093922,0.740147773307706,0.003007081279973507,0.11897496982942593,0.018225052718731316
S4,10,RFOTO-ABC-G,0.6681777825590687,1.4547714897551822,4.768123954230148,0.15197782277824065,0.37,0.63,0.5999574830334897,0.9968870739402721,0.0031129260597278986,1.0854165531348894,0.8956731739248402,0.29940731760222733,0.1708706283364226,0.341289725487183,0.34,1.2874542999779806,400,1,1.4264077553919043,0.994335160694405,0.0031129260597278986,0.5846158419348493,0.10432682607515975
S4,10,RFOTO-ABC-S,0.3499472206830977,0.6975200161660845,1.6203916178332896,0.09263809478134252,0.8,0.2,0.10541143030512763,0.9974967957025831,0.0025032042974168665,1.0290013872754444,0.9783970838741429,0.5918468301737586,0.3029034485930607,0.14859309033031032,0.84,0.9881945000961423,400,1,0.6993285708821227,0.9311552024068287,0.0025032042974168665,0.12680287729272294,0.021602916125857075
S4,10,RFOTO-ABC-RF,0.4157610018559932,0.7066527407992217,1.4266995216190637,0.09535398626151836,0.81,0.19,0.10799816834221047,0.9980111505308489,0.001988849469151167,1.028180336208409,0.9774071032772493,0.591104644262582,0.3029034485930607,0.1520366224659107,0.8,0.9185867999913171,400,1,0.7001828121413175,0.9722362900854746,0.001988849469151167,0.1284717405424538,0.022592896722750666
S4,10,RFOTO-ABC-DG,0.4894799996861919,1.0833982088908858,3.3688550511862827,0.11822718833438328,0.53,0.47,0.3829142009609416,0.9973183507793731,0.0026816492206268774,1.0626032019813951,0.9255800973401763,0.3998356734567813,0.2944512777911504,0.2835551536773805,0.48,0.8164369000587612,400,1,1.0543744210160857,0.8440995713067917,0.0026816492206268774,0.35028857397221097,0.07441990265982368
S4,11,RFOTO-ABC,0.2790718282224869,0.714652417439779,1.8086351529817533,0.09531000492014878,0.85,0.15,0.08274400473827022,0.9987984895882256,0.0012015104117744113,1.01315101149092,0.9817725710154015,0.5413739354948482,0.3772052451199742,0.13625650975285863,0.85,1.0907617999473587,400,1,0.5829226605881184,0.76536954738805,0.0012015104117744113,0.06224525814882058,0.018227428984598504
S4,11,RFOTO-ABC-R,0.3115689608261513,0.746130168182109,1.6545010512205338,0.09147752021408223,0.85,0.15,0.10392158489480705,0.9985008759329461,0.001499124067053894,1.0151522923698273,0.977933712288214,0.5413739354948482,0.2621341004493004,0.1502138334080023,0.85,0.9887502000201494,400,1,0.6591828451861983,0.7420156607950588,0.001499124067053894,0.12744452976065698,0.02206628771178598
S4,11,RFOTO-ABC-F,0.32527329102969693,0.7151478985104212,1.8086351529817533,0.09530262133239562,0.85,0.15,0.08274400473827022,0.9987985133539649,0.0012014866460352447,1.013131652143252,0.9817725696143745,0.5413739354948482,0.3772052451199742,0.13625651508666753,0.85,1.0508351000025868,400,1,0.5831104214469044,0.7660205343140273,0.0012014866460352447,0.06224525814882058,0.018227430385625465
S4,11,RFOTO-ABC-D,0.24897416499451802,0.5992927194885732,1.5303753434044898,0.08087863238358974,0.88,0.12,0.05463811290318873,0.9984068283804526,0.001593171619547521,1.0155450264744421,0.9886467745588268,0.8325918937650798,0.3772052451199742,0.10716156660037782,0.86,0.7156499000266194,400,1,0.5675070784612556,0.6256786112587254,0.001593171619547521,0.04489594220123942,0.011353225441173231
S4,11,RFOTO-ABC-G,0.5853454525538194,1.4953804352702047,3.801006655838742,0.16188685141069242,0.44,0.56,0.5471800787755541,0.998679962071024,0.00132003792897598,1.0626226816356872,0.8954924240407242,0.361991282066191,0.286748325784768,0.341619717498684,0.38,1.1783173999283463,400,1,1.2514477591776767,0.9099160627393552,0.00132003792897598,0.4802238374752414,0.10450757595927584
S4,11,RFOTO-ABC-S,0.2790718282224869,0.714652417439779,1.8086351529817533,0.09531000492014878,0.85,0.15,0.08274400473827022,0.9987984895882256,0.0012015104117744113,1.01315101149092,0.9817725710154015,0.5413739354948482,0.3772052451199742,0.13625650975285863,0.85,1.077289400040172,400,1,0.5829226605881184,0.76536954738805,0.0012015104117744113,0.06224525814882058,0.018227428984598504
S4,11,RFOTO-ABC-RF,0.3588152797609128,0.7538362821369173,2.0343379409510183,0.09090187972128928,0.82,0.18,0.1086517266328842,0.9987872502777171,0.0012127497222828721,1.0144995994521142,0.9770193192820247,0.5395683530318583,0.2621341004493004,0.15336627475539624,0.83,0.9299392000539228,400,1,0.6651512069871942,0.7054633721302774,0.0012127497222828721,0.13057252114391685,0.02298068071797532
S4,11,RFOTO-ABC-DG,0.48334193826297156,1.2131549399027362,3.733541689250604,0.14261679533006913,0.56,0.44,0.43464109315455773,0.9977444100674459,0.0022555899325544717,1.046745394909365,0.9132000138136228,0.36836565430509427,0.23398286083186579,0.30830237714413455,0.5,0.7932875000406057,400,1,1.0269257040871793,0.7977338684597417,0.0022555899325544717,0.3739172642309922,0.08679998618637719
S4,12,RFOTO-ABC,0.24589696712538728,0.5909173255132825,1.3504803854565386,0.07082587983010831,0.91,0.09,0.08660599510791116,0.9984029662160969,0.0015970337839030246,1.0241376263947184,0.9816078238287754,0.6538636221586711,0.24180869732949478,0.13688238180447873,0.81,0.9930646999273449,400,1,0.5433949692765253,0.6145395349274183,0.0015970337839030246,0.05915624553871572,0.018392176171224572
S4,12,RFOTO-ABC-R,0.2518518046943586,0.5981062227187252,1.3528791444163901,0.07589718558184487,0.9,0.1,0.09007910581689015,0.9985451191415285,0.0014548808584713936,1.0229625164485157,0.9810973252829404,0.6541767391119867,0.24180869732949478,0.13880515154448184,0.81,0.9179844000609592,400,1,0.5454373074799855,0.6470884352460832,0.0014548808584713936,0.061211340632786146,0.018902674717059642
S4,12,RFOTO-ABC-F,0.28771326803792646,0.5721322577358322,1.296608880615129,0.07280534761993324,0.92,0.08,0.06481466471571311,0.9982312481628013,0.0017687518371986965,1.0275407714154623,0.9867080051018584,0.7427829789983448,0.24180869732949478,0.116064861406483,0.82,0.97134080005344,400,1,0.5345049609818386,0.660071969462026,0.0017687518371986965,0.046261967200137005,0.01329199489814159
S4,12,RFOTO-ABC-D,0.22082190398117876,0.4803436245833159,1.070929575945149,0.05992684493913511,0.92,0.08,0.05730777333854494,0.9978522793515885,0.0021477206484114943,1.0275454745401593,0.9888311658894154,0.8729647631465028,0.24180869732949478,0.10627787133157467,0.83,0.7335731000639498,400,1,0.5181148730130464,0.520658022310708,0.0021477206484114943,0.04435845254016389,0.011168834110584558
S4,12,RFOTO-ABC-G,0.5597593343147744,1.114358288849563,3.377806774625754,0.1384775246871779,0.51,0.49,0.4117783413350152,0.9976865881541146,0.0023134118458853457,1.060179633539065,0.9205507393419964,0.3588033602127192,0.24180869732949478,0.29377921394709816,0.41,1.1754948999732733,400,1,1.1836821012972696,0.9965446566551585,0.0023134118458853457,0.40790815609722264,0.07944926065800362
S4,12,RFOTO-ABC-S,0.24589696712538728,0.5909173255132825,1.3504803854565386,0.07082587983010831,0.91,0.09,0.08660599510791116,0.9984029662160969,0.0015970337839030246,1.0241376263947184,0.9816078238287754,0.6538636221586711,0.24180869732949478,0.13688238180447873,0.81,0.9619994999375194,400,1,0.5433949692765253,0.6145395349274183,0.0015970337839030246,0.05915624553871572,0.018392176171224572
S4,12,RFOTO-ABC-RF,0.2791431567513989,0.592166152445863,1.3496390477363798,0.07114516581448331,0.89,0.11,0.0819078635817608,0.998406887403729,0.0015931125962710103,1.0216480007277369,0.9831916199673821,0.7052040786635021,0.24180869732949478,0.1307506465989804,0.8,0.8935580000979826,400,1,0.5450028507154157,0.5773885101775622,0.0015931125962710103,0.056376286055786526,0.016808380032617865
S4,12,RFOTO-ABC-DG,0.4654629978759322,0.9552644949368818,3.3784337408103613,0.12972099952238803,0.62,0.38,0.329114242597362,0.9981064329703532,0.0018935670296468087,1.0792343729526028,0.9344826294905644,0.3439115302231443,0.24180869732949478,0.2647845331183532,0.4,0.7904645999660715,400,1,1.0084820021724508,0.8473268045529059,0.0018935670296468087,0.30414863067015574,0.06551737050943562
S4,13,RFOTO-ABC,0.2840019258094002,0.5969215679686052,1.3770527481060113,0.0763990071654253,0.85,0.15,0.07734174053683496,0.9988416024850918,0.0011583975149084514,1.0267479460764808,0.9836471234833604,0.6477578792324288,0.33642044923322545,0.1289369567565712,0.83,1.0252716999966651,400,1,0.6260194435173496,0.634585535023029,0.0011583975149084514,0.11849849478452332,0.016352876516639636
S4,13,RFOTO-ABC-R,0.28945825349358845,0.5962664338879088,1.3600569588347826,0.07495124347381282,0.84,0.16,0.08446791522681384,0.9986548977827993,0.0013451022172006044,1.030165217093634,0.982069657020177,0.6440500439873812,0.33642044923322545,0.1351210937708201,0.84,0.8815338000422344,400,1,0.6307193209266119,0.6544756800102902,0.0013451022172006044,0.12259399747991348,0.01793034297982299
S4,13,RFOTO-ABC-F,0.3292478841465381,0.5918273743405741,1.3770527481060113,0.07527663009585804,0.86,0.14,0.06863861633897257,0.9987392349057767,0.0012607650942235737,1.0274955148980591,0.9855804190116868,0.7586482744274448,0.33642044923322545,0.12095679952255914,0.84,1.0279153999872506,400,1,0.6248379340637006,0.633499267817733,0.0012607650942235737,0.11349669926851046,0.014419580988313196
S4,13,RFOTO-ABC-D,0.249800806199685,0.46407617922629724,1.087466852501419,0.05881840764369159,0.89,0.11,0.055103398535878666,0.9979601489695094,0.0020398510304905737,1.0371377535808368,0.9884330634313644,0.762953746871525,0.33642044923322545,0.10817715233588165,0.86,0.697276100050658,400,1,0.5633464194058843,0.5866458116921038,0.0020398510304905737,0.07529727561201963,0.01156693656863561
S4,13,RFOTO-ABC-G,0.633491404238707,1.204084697317748,3.2593070764009124,0.15703339092543322,0.44,0.56,0.4967160647205157,0.9990096913661084,0.000990308633891559,1.0575404815939486,0.9093412391100479,0.335862626275485,0.23778115129275243,0.3157486089615492,0.39,1.1630874999100342,400,1,1.318122615000286,1.050202314006322,0.000990308633891559,0.5305341101096641,0.09065876088995206
S4,13,RFOTO-ABC-S,0.2840019258094002,0.5969215679686052,1.3770527481060113,0.0763990071654253,0.85,0.15,0.07734174053683496,0.9988416024850918,0.0011583975149084514,1.0267479460764808,0.9836471234833604,0.6477578792324288,0.33642044923322545,0.1289369567565712,0.83,1.0249909999547526,400,1,0.6260194435173496,0.634585535023029,0.0011583975149084514,0.11849849478452332,0.016352876516639636
S4,13,RFOTO-ABC-RF,0.33501844303783035,0.6001894335887645,1.3709083990847806,0.07626031856222817,0.85,0.15,0.07909398726530467,0.9987172639868794,0.0012827360131207777,1.028492611593092,0.9830773991491328,0.6440500439873812,0.33642044923322545,0.13120177168181243,0.83,0.8651327999541536,400,1,0.6335225512492701,0.6416807218910633,0.0012827360131207777,0.11950553313421856,0.016922600850867164
S4,13,RFOTO-ABC-DG,0.5464266831866155,0.9715157616535636,3.340124895259717,0.12615836985252757,0.55,0.45,0.3804243869295615,0.9948288243191583,0.005171175680841872,1.125128458768035,0.9260584323231434,0.3814665991515523,0.2719493335403581,0.28256940148054766,0.47,0.7661610000068322,400,1,1.1666023110758745,0.9085762154399174,0.005171175680841872,0.4254568112558499,0.07394156767685656
S4,14,RFOTO-ABC,0.257685282985085,0.5259426703995369,1.1320422841199105,0.0614679616188324,0.92,0.08,0.06439068352244937,0.9965596094918077,0.0034403905081922715,1.0205120028187333,0.9857368975039709,0.7646570040387498,0.30686287971947246,0.12028916079084487,0.84,0.9746880999300629,400,1,0.5345511031283492,0.7037819560898626,0.0034403905081922715,0.06261068125390212,0.014263102496029134
S4,14,RFOTO-ABC-R,0.2539785480614884,0.5205766454453881,1.0857443298219787,0.06421824632734105,0.92,0.08,0.05639561831467812,0.9963804157979981,0.0036195842020019784,1.0181295379757214,0.9870739338118987,0.7646570040387498,0.3871403680973813,0.11443486088560172,0.83,0.8843189000617713,400,1,0.5318214739361911,0.6933705512761081,0.0036195842020019784,0.057419080469635085,0.012926066188101326
S4,14,RFOTO-ABC-F,0.3007387120884138,0.5261197550126079,1.1291325123457154,0.06147129878915042,0.92,0.08,0.06436199687632918,0.9965595589388028,0.0034404410611972337,1.0205120928129405,0.9857385893690974,0.7646570040387498,0.30686287971947246,0.12028192310810579,0.84,0.9413480999646708,400,1,0.5347710802642156,0.7039935573763626,0.0034404410611972337,0.06259205356161629,0.014261410630902582
S4,14,RFOTO-ABC-D,0.2397952900947232,0.475878208193811,0.863452765034922,0.05517208816480673,0.93,0.07,0.06088193777026032,0.9963340917449761,0.003665908255023961,1.0192680347152359,0.9865108557377911,0.825618692768399,0.30686287971947246,0.11693412367909181,0.85,0.6920201999600977,400,1,0.5296182640342912,0.5970073471032418,0.003665908255023961,0.06033227492131183,0.01348914426220893
S4,14,RFOTO-ABC-G,0.6029120941119175,1.2725904439612028,3.658016408629602,0.16106049715517567,0.4,0.6,0.5008193283841557,0.9973623293703335,0.0026376706296664253,1.0577830158080657,0.90667018214615,0.32762849053259513,0.30518001209725426,0.32083780946042467,0.29,1.160269599989988,400,1,1.2923502434793692,0.9547880115406214,0.0026376706296664253,0.48831729882788477,0.09332981785384997
S4,14,RFOTO-ABC-S,0.257685282985085,0.5259426703995369,1.1320422841199105,0.0614679616188324,0.92,0.08,0.06439068352244937,0.9965596094918077,0.0034403905081922715,1.0205120028187333,0.9857368975039709,0.7646570040387498,0.30686287971947246,0.12028916079084487,0.84,0.9558543000603095,400,1,0.5345511031283492,0.7037819560898626,0.0034403905081922715,0.06261068125390212,0.014263102496029134
S4,14,RFOTO-ABC-RF,0.3002982811344388,0.5313453667145246,1.247815552018035,0.06432401578667069,0.91,0.09,0.06623822712187229,0.996284447319744,0.003715552680256,1.0207070595906655,0.985420768670988,0.7646570040387498,0.30686287971947246,0.1216344113995319,0.83,0.86124270001892,400,1,0.536333865703634,0.6964957718656041,0.003715552680256,0.06381038488989103,0.014579231329011955
S4,14,RFOTO-ABC-DG,0.5389998098778412,1.0766408251885535,3.316320670299333,0.13443053041847647,0.49,0.51,0.4489750755445141,0.996252363803463,0.0037476361965369763,1.0824202383959773,0.9195428904837712,0.32762849053259513,0.12991510294480751,0.29579867044225705,0.37,0.7798663000576198,400,1,1.1408815531114123,0.9141768011296066,0.0037476361965369763,0.4153392310552223,0.08045710951622875
S4,15,RFOTO-ABC,0.3408692683047667,0.6528909901759654,2.132815437408187,0.08210470762859037,0.85,0.15,0.10880689949402023,0.9992258773749519,0.0007741226250478971,1.01339289442243,0.9765801837291108,0.5714671548909596,0.27246530166291577,0.1548594769519498,0.83,0.9539238000288606,400,1,0.6709493500199039,0.9114984530338637,0.0007741226250478971,0.1309574635162732,0.023419816270889182
S4,15,RFOTO-ABC-R,0.3342839794111384,0.6538485552256368,1.498779145567761,0.08348098999697033,0.82,0.18,0.09859993802432221,0.9991442231062571,0.0008557768937428401,1.0148251971578537,0.9795568684663621,0.6194131455388074,0.27246530166291577,0.1444637500928803,0.82,0.8813657000428066,400,1,0.6722066223967665,0.8790680065313146,0.0008557768937428401,0.12453799089382157,0.02044313153363786
S4,15,RFOTO-ABC-F,0.3959698021377504,0.6533060994343086,2.132815437408187,0.08208356553061957,0.85,0.15,0.10769410111608067,0.9992072384377494,0.000792761562250548,1.013693091658528,0.9768923146031436,0.585455268189474,0.27246530166291577,0.15379948336193122,0.83,0.9945812000660226,400,1,0.6700744348703453,0.9088851547093421,0.000792761562250548,0.1302575903226005,0.02310768539685637
S4,15,RFOTO-ABC-D,0.3107783285582662,0.5507324929250799,1.319744916822943,0.07094206284983756,0.87,0.13,0.0897405985601727,0.998921979793774,0.001078020206225998,1.0129321371991051,0.9809561375009386,0.6194131455388074,0.27246530166291577,0.1393325945096969,0.84,0.6807220000773668,400,1,0.6593918824019184,0.7451969309661121,0.001078020206225998,0.12431453958706157,0.019043862499061426
S4,15,RFOTO-ABC-G,0.6833329390567365,1.3541394635694153,3.7922327874761583,0.1619790516450891,0.43,0.57,0.5356785291393803,0.9974999646008282,0.0025000353991718994,1.0943145834718893,0.8999192541982936,0.283015405038732,0.2150315689799815,0.33348284248287763,0.33,1.1742152000078931,400,1,1.4094431067462014,1.15714166352036,0.0025000353991718994,0.5675551755681676,0.10008074580170645
S4,15,RFOTO-ABC-S,0.3408692683047667,0.6528909901759654,2.132815437408187,0.08210470762859037,0.85,0.15,0.10880689949402023,0.9992258773749519,0.0007741226250478971,1.01339289442243,0.9765801837291108,0.5714671548909596,0.27246530166291577,0.1548594769519498,0.83,0.950436900020577,400,1,0.6709493500199039,0.9114984530338637,0.0007741226250478971,0.1309574635162732,0.023419816270889182
S4,15,RFOTO-ABC-RF,0.3863878430524183,0.652604498852473,1.4268822460476172,0.08203216507686449,0.84,0.16,0.09884494099584383,0.9991378789872611,0.0008621210127388912,1.0143025191515285,0.9795834521691636,0.6194131455388074,0.27246530166291577,0.14436783218460525,0.79,0.8722027000039816,400,1,0.677134931759761,0.8520032616587545,0.0008621210127388912,0.12469208081301758,0.02041654783083635
S4,15,RFOTO-ABC-DG,0.628678621180513,1.19695330630384,3.364139121348987,0.1325266116109735,0.51,0.49,0.4610747887443084,0.996921676139038,0.0030783238609618712,1.0858662471638034,0.9110885684735752,0.3491534927971795,0.2082534026820311,0.31239099226239786,0.38,0.806033100001514,400,1,1.3123110874782553,0.9823335411177458,0.0030783238609618712,0.5571937545685247,0.08891143152642478
S4,16,RFOTO-ABC,0.25474859203394384,0.6076300084190633,1.3613182725511936,0.07286339066477417,0.88,0.12,0.06625211968262239,0.9985856204830631,0.0014143795169368133,1.0208617948619323,0.9856503491536582,0.6830525532158905,0.39293344601764685,0.12065886256371369,0.79,0.9969748000148684,400,1,0.5424754399387715,0.6979943040805752,0.0014143795169368133,0.0479810516273044,0.014349650846341766
S4,16,RFOTO-ABC-R,0.2547639546091156,0.6078781476037258,1.3613182725511936,0.07196793317034425,0.87,0.13,0.0664623395207043,0.998586917605646,0.0014130823943540416,1.0206894176256798,0.9856565117621187,0.6830525532158905,0.39293344601764685,0.12063257355611022,0.78,0.9232713999226689,400,1,0.54297445134202,0.6970483338374385,0.0014130823943540416,0.048115807933767164,0.014343488237881341
S4,16,RFOTO-ABC-F,0.3013265534910864,0.6048482187796244,1.3533105415421136,0.07250084169941338,0.89,0.11,0.06438597952205485,0.9985802063729773,0.0014197936270228194,1.0210053063117448,0.9858135603501746,0.6826983491860837,0.39293344601764685,0.11996078900683013,0.79,0.9909009999828413,400,1,0.5419502593528687,0.7243989661342904,0.0014197936270228194,0.04678480793463291,0.014186439649825355
S4,16,RFOTO-ABC-D,0.2357377951228198,0.5122480353348725,0.8972465944500675,0.06143134791269196,0.92,0.08,0.05883195144772188,0.9968750924391706,0.003124907560829323,1.027221053040957,0.9863436673949958,0.679084539696637,0.39293344601764685,0.11766652085790043,0.8,0.7666438999585807,400,1,0.5260351630321121,0.6049962638658202,0.003124907560829323,0.0432245335280092,0.013656332605004207
S4,16,RFOTO-ABC-G,0.5088042529586358,1.1629165078107675,3.239407228477066,0.14517064404908103,0.49,0.51,0.3535947068475572,0.9979419991886627,0.0020580008113372404,1.0541414751449976,0.935954642657875,0.41683102017054435,0.2009896996725934,0.26158716138059357,0.42,1.1928013999713585,400,1,1.1059979098486399,0.9061063292858377,0.0020580008113372404,0.34548168936005613,0.06404535734212502
S4,16,RFOTO-ABC-S,0.25474859203394384,0.6076300084190633,1.3613182725511936,0.07286339066477417,0.88,0.12,0.06625211968262239,0.9985856204830631,0.0014143795169368133,1.0208617948619323,0.9856503491536582,0.6830525532158905,0.39293344601764685,0.12065886256371369,0.79,0.9958226999733597,400,1,0.5424754399387715,0.6979943040805752,0.0014143795169368133,0.0479810516273044,0.014349650846341766
S4,16,RFOTO-ABC-RF,0.3025863163091435,0.6108582094238248,1.3613182725511936,0.073728460491304,0.88,0.12,0.0649312092681221,0.998074478523383,0.0019255214766170736,1.0232240703591802,0.9858152927113545,0.6830525532158905,0.39293344601764685,0.1199533589481274,0.8,0.91937609994784,400,1,0.5465566431537763,0.7226035015565104,0.0019255214766170736,0.0471343141821119,0.014184707288645515
S4,16,RFOTO-ABC-DG,0.4999972556499593,1.147711539190776,3.421866562039312,0.1160903533720433,0.52,0.48,0.4169821822826899,0.9983678833554123,0.0016321166445875956,1.0518296437686068,0.9221751138981216,0.39078434373602905,0.19539772905032285,0.2905042884453211,0.37,0.8640831999946386,400,1,1.095932935096284,0.7595786322222104,0.0016321166445875956,0.4003082831934295,0.07782488610187843
S4,17,RFOTO-ABC,0.2410745143162221,0.5494637330429143,1.2475564433081199,0.05857666639667152,0.91,0.09,0.041915621581956934,0.997558890474126,0.0024411095258739424,1.0244022016243213,0.9903684745343969,0.832353718306516,0.43041773806224726,0.09861639781743718,0.9,1.1071812000591308,400,1,0.5196585473716845,0.6545986610673861,0.0024411095258739424,0.0441485103527113,0.009631525465603086
S4,17,RFOTO-ABC-R,0.24832141659446288,0.5711835099775121,1.4499534307580446,0.05550477289366531,0.88,0.12,0.06922900202121367,0.9980991471193975,0.0019008528806024427,1.0236426686843931,0.9840762910690831,0.6271432546716901,0.3936784676297318,0.1272060393997202,0.87,1.0399653000058606,400,1,0.5607993462131402,0.5720760311026986,0.0019008528806024427,0.07816579384006012,0.01592370893091688
S4,17,RFOTO-ABC-F,0.2925225370907916,0.5895643147214005,1.5612121419986877,0.06006453948448624,0.87,0.13,0.04704634844804047,0.9977775739252273,0.0022224260747726408,1.0235789343916766,0.9891752070731327,0.7062475348467655,0.4751583566846588,0.10460999644752239,0.91,1.1153001000639051,400,1,0.5437000078672434,0.6698868206696845,0.0022224260747726408,0.047166584979819265,0.010824792926867333
S4,17,RFOTO-ABC-D,0.21193681101587822,0.4523117701100674,1.0825803269335361,0.04898342497558722,0.95,0.05,0.022919843451295104,0.9974077893533289,0.002592210646671056,1.02561253062257,0.9946287145369007,0.9497154133348037,0.4751583566846588,0.07348667888039058,0.91,0.7302693000528961,400,1,0.5093719442036644,0.49966181869239645,0.002592210646671056,0.03328166884921426,0.0053712854630992846
S4,17,RFOTO-ABC-G,0.6013245078143947,1.35328834462142,3.1498156007660105,0.15159140802400992,0.38,0.62,0.5203604722138683,0.9970160300627969,0.0029839699372030105,1.078079875936402,0.9069794953110691,0.37746465368753185,0.23050229691858878,0.3202510861429127,0.35,1.1614592999685556,400,1,1.2969807042204482,0.9407124283500861,0.0029839699372030105,0.48569039126395847,0.09302050468893086
S4,17,RFOTO-ABC-S,0.2410745143162221,0.5494637330429143,1.2475564433081199,0.05857666639667152,0.91,0.09,0.041915621581956934,0.997558890474126,0.0024411095258739424,1.0244022016243213,0.9903684745343969,0.832353718306516,0.43041773806224726,0.09861639781743718,0.9,1.1204047000501305,400,1,0.5196585473716845,0.6545986610673861,0.0024411095258739424,0.0441485103527113,0.009631525465603086
S4,17,RFOTO-ABC-RF,0.3087375072780579,0.5728376754977402,1.590897408989903,0.06429497661309243,0.88,0.12,0.055935121474821096,0.9976404413053541,0.0023595586946457956,1.027916546882823,0.9872514453925532,0.7161752686812093,0.43041773806224726,0.11363616930696746,0.88,1.0134092998923734,400,1,0.5594641923465529,0.6966830355603989,0.0023595586946457956,0.07034586410688802,0.012748554607446838
S4,17,RFOTO-ABC-DG,0.4756878034376624,1.049366258271388,3.167893696477333,0.1210698798190555,0.55,0.45,0.3410964354032211,0.9943214296593033,0.005678570340696646,1.1160250573262969,0.9326820875589994,0.39212741192578376,0.23050229691858878,0.2686572109783094,0.48,0.7949275999562815,400,1,1.0537314702644858,0.7797896688667921,0.005678570340696646,0.3362123384289309,0.0673179124410006
S4,18,RFOTO-ABC,0.2664028085686305,0.7034342728741314,1.3535878504412453,0.08013642486125189,0.88,0.12,0.10939088266048666,0.9967384130553393,0.003261586944660806,1.0318199722829213,0.9778758881434891,0.6209046970412541,0.21666221744623226,0.15041496740210122,0.87,1.0619838000275195,400,1,0.5829431730976026,0.6460924920083716,0.003261586944660806,0.07912882930226152,0.022124111856510864
S4,18,RFOTO-ABC-R,0.2705407795766701,0.716131901036755,1.4762655201880037,0.07872782276609132,0.85,0.15,0.11343800930295933,0.9965130830266579,0.0034869169733422367,1.0338419785623334,0.977179976072338,0.6247638682262399,0.21666221744623226,0.1528166828066136,0.89,0.9807242000242695,400,1,0.5920375024848206,0.6532831265268423,0.0034869169733422367,0.08167419197048331,0.022820023927662025
S4,18,RFOTO-ABC-F,0.3095108138707693,0.7034342728741314,1.3535878504412453,0.08013642486125189,0.88,0.12,0.10939088266048666,0.9967384130553393,0.003261586944660806,1.0318199722829213,0.9778758881434891,0.6209046970412541,0.21666221744623226,0.15041496740210122,0.87,1.0359619999071583,400,1,0.5829431730976026,0.6460924920083716,0.003261586944660806,0.07912882930226152,0.022124111856510864
S4,18,RFOTO-ABC-D,0.24938221566336802,0.6405870671805985,1.5255317875927987,0.07285699730594318,0.88,0.12,0.1171005877410533,0.996664767491173,0.003335232508826935,1.026288235445011,0.9761050063712914,0.5601100226697968,0.21666221744623226,0.15646067134958602,0.86,0.6885753000387922,400,1,0.5939583551999122,0.5008957978497122,0.003335232508826935,0.08602784655944584,0.023894993628708616
S4,18,RFOTO-ABC-G,0.6253512876508845,1.5843479470195916,4.789514144300466,0.1789721697995504,0.36,0.64,0.610402761363626,0.9982771175238494,0.00172288247615065,1.0588852626505547,0.893603225184005,0.30257696727832717,0.20659916929829408,0.345057815030669,0.34,1.1933180999476463,400,1,1.3816595617545329,0.8287151026200473,0.00172288247615065,0.5573001564064592,0.10639677481599497
S4,18,RFOTO-ABC-S,0.2664028085686305,0.7034342728741314,1.3535878504412453,0.08013642486125189,0.88,0.12,0.10939088266048666,0.9967384130553393,0.003261586944660806,1.0318199722829213,0.9778758881434891,0.6209046970412541,0.21666221744623226,0.15041496740210122,0.87,1.011576300021261,400,1,0.5829431730976026,0.6460924920083716,0.003261586944660806,0.07912882930226152,0.022124111856510864
S4,18,RFOTO-ABC-RF,0.31208599343870663,0.7157439461545928,1.3821754139636464,0.07984805993241345,0.86,0.14,0.11387633263099498,0.9963094038577097,0.0036905961422901232,1.0349158027250966,0.9768063545429516,0.6323315405101625,0.21666221744623226,0.15409206278367593,0.88,0.9282449000747874,400,1,0.5903286772753125,0.6431022608048262,0.0036905961422901232,0.08194986701956236,0.023193645457048384
S4,18,RFOTO-ABC-DG,0.5485489362059638,1.3468364215321282,4.179115615644931,0.16138431162560654,0.5,0.5,0.5267689513604743,0.9965530509681075,0.0034469490318925723,1.0483928148718347,0.901109925232355,0.32362205925811166,0.20659916929829408,0.33127408721594104,0.42,0.7760368000017479,400,1,1.172903818884632,0.8147947386616106,0.0034469490318925723,0.47032347865615604,0.098890074767645
S4,19,RFOTO-ABC,0.26955535224887683,0.6068580033620404,1.2436331070334419,0.07643280114147384,0.93,0.07,0.053991929273478796,0.9984066024948369,0.0015933975051630011,1.0180258136729325,0.9884584012258133,0.8163133310712637,0.30056737274660006,0.10805721941283557,0.84,1.0409830999560654,400,1,0.5835786100504072,0.6764337055186455,0.0015933975051630011,0.08058289836527045,0.011541598774186701
S4,19,RFOTO-ABC-R,0.27340279106293985,0.6091716120597038,1.2269839077728686,0.08167786710823545,0.94,0.06,0.049916814603322576,0.9983830635876799,0.0016169364123201002,1.0181690881963275,0.9895034405825189,0.8163133310712637,0.30056737274660006,0.10299468885527668,0.86,0.9334315999876708,400,1,0.5850762042371168,0.705011258710453,0.0016169364123201002,0.07793672000802615,0.010496559417481066
S4,19,RFOTO-ABC-F,0.3122357842639151,0.6014185140566559,1.218883666056075,0.07568126383133716,0.94,0.06,0.05362851843127497,0.9984107569997902,0.001589243000209729,1.0170794855320717,0.9884503314495546,0.8163133310712637,0.30056737274660006,0.10809543034931283,0.84,1.0381614998914301,400,1,0.5780618765747606,0.6698691303724644,0.001589243000209729,0.08034691729890434,0.011549668550445369
S4,19,RFOTO-ABC-D,0.22998999480532623,0.5159508864948672,1.1270173243612311,0.07057174038043718,0.94,0.06,0.032207924329428414,0.9982612105393446,0.0017387894606554011,1.0193987721661584,0.9937864920077565,0.9154449379995828,0.30056737274660006,0.07907184747319099,0.85,0.72759170003701,400,1,0.5311479389304242,0.5765569653979525,0.0017387894606554011,0.037758724688238765,0.006213507992243517
S4,19,RFOTO-ABC-G,0.610437366957418,1.2827158906040805,3.746538948590143,0.16344853370835222,0.48,0.52,0.4267531371461595,0.997798911764587,0.002201088235413026,1.0564524426918067,0.919364256842789,0.3601058312743162,0.30056737274660006,0.2961556270833318,0.47,1.1985910999355838,400,1,1.252283766421139,1.1614893514628353,0.002201088235413026,0.4424297740481744,0.080635743157211
S4,19,RFOTO-ABC-S,0.26955535224887683,0.6068580033620404,1.2436331070334419,0.07643280114147384,0.93,0.07,0.053991929273478796,0.9984066024948369,0.0015933975051630011,1.0180258136729325,0.9884584012258133,0.8163133310712637,0.30056737274660006,0.10805721941283557,0.84,1.0746484999544919,400,1,0.5835786100504072,0.6764337055186455,0.0015933975051630011,0.08058289836527045,0.011541598774186701
S4,19,RFOTO-ABC-RF,0.3348742378549513,0.6563676283855108,1.8991068906594413,0.08901535148672624,0.9,0.1,0.0937583708636045,0.9983304968214373,0.001669503178562831,1.0176302105881394,0.9789487082841621,0.538997640942404,0.30056737274660006,0.14664234802644047,0.81,0.9928656000411138,400,1,0.622600921796611,0.6557153556731042,0.001669503178562831,0.12120667096351068,0.02105129171583786
S4,19,RFOTO-ABC-DG,0.4274730625931416,0.9581862316073086,2.760682549679594,0.13131125075734185,0.67,0.33,0.24288896327957943,0.9976667351987665,0.0023332648012336955,1.047549082139872,0.950040055885794,0.45958920316875657,0.30056737274660006,0.22931898649198698,0.53,0.8368479000637308,400,1,0.9568323631406608,0.7890725068523907,0.0023332648012336955,0.24777380481096073,0.04995994411420601
