scenario,run,algorithm,objective,delay_mean_s,delay_p95_s,energy_mean_j,success_rate,violation_rate,violation_mean,reliability_mean,link_failure_rate,attempts_mean,jain,utility_p05,utility_min,utility_cv,offload_rate,runtime_s,evaluations,feasible,t_hat,e_hat,r_hat,v_hat,fairness_loss,parameter,value
S4,0,RFOTO-ABC,0.32070918677315474,0.6799150187179198,1.6491331939393603,0.09219698718177276,0.82,0.18,0.07669462577885607,0.9982291067480822,0.0017708932519178633,1.0288358545003573,0.9841726254496675,0.6825853735699363,0.3570558707660864,0.12681446663025533,0.8,0.7236171000404283,280,1,0.6893779439509243,0.8376473324467538,0.0017708932519178633,0.07995726434190864,0.01582737455033245,population,8.0
S4,1,RFOTO-ABC,0.3157018645667868,0.7610512046415299,2.3304221327166896,0.09170606006142144,0.87,0.13,0.15414429192191437,0.9991493305102687,0.0008506694897313749,1.0103754033296124,0.967168367826085,0.43809332692772285,0.23822063161043922,0.18424478102313166,0.78,0.6577396000502631,280,1,0.6735670223920692,0.7135972462233324,0.0008506694897313749,0.14070257324494417,0.03283163217391505,population,8.0
S4,2,RFOTO-ABC,0.2730719150244318,0.6806042750005529,2.135878478936465,0.07616161718610387,0.86,0.14,0.12191006895542746,0.9975357703296487,0.0024642296703512277,1.0272857841200735,0.9750188121511677,0.5695081417485217,0.23860879579044939,0.16006635117255175,0.84,0.7172806999878958,280,1,0.5838340111975541,0.6404991520301997,0.0024642296703512277,0.10719406123647295,0.024981187848832298,population,8.0
S4,3,RFOTO-ABC,0.29223618488889336,0.607676809856579,1.2591009970019678,0.06783292277518811,0.89,0.11,0.09987179995767484,0.9986689458593654,0.001331054140634499,1.015832608637881,0.9791840378682384,0.56805549477151,0.24201108960011772,0.14580287308773549,0.86,0.7118838999886066,280,1,0.6459144600408151,0.5937545399731431,0.001331054140634499,0.15322313493930795,0.020815962131761623,population,8.0
S4,4,RFOTO-ABC,0.25807769356730986,0.6493688410624658,1.489046983350341,0.08841705985379232,0.89,0.11,0.06520278197460815,0.9991086403859242,0.0008913596140757951,1.018942016242292,0.9856320293262998,0.6911407850609577,0.3853131959798628,0.12073698106460266,0.82,0.6449610999552533,280,1,0.5680430729335418,0.6634455248377706,0.0008913596140757951,0.0568665163375544,0.014367970673700214,population,8.0
S4,5,RFOTO-ABC,0.26177073095735093,0.6709911241244645,1.6453985033220013,0.09697122655016026,0.86,0.14,0.0667306646089496,0.9989675566530809,0.0010324433469189377,1.0203689282603643,0.9859320342098484,0.6938436640841457,0.3304339746101377,0.11945165271416736,0.83,0.7169130999827757,280,1,0.5787113226216333,0.6683966821589857,0.0010324433469189377,0.05806685776075292,0.014067965790151571,population,8.0
S4,0,RFOTO-ABC,0.3238327643941604,0.7068471057214044,1.830379009343232,0.09290947178466746,0.82,0.18,0.10245185083398735,0.9980434925556387,0.0019565074443611374,1.029198579774193,0.9782741732677904,0.6072544791627188,0.2872373808768982,0.14902456463046104,0.81,0.7158879999769852,280,1,0.6610478828413106,0.9011454552517408,0.0019565074443611374,0.07899519958947189,0.021725826732209574,population,14.0
S4,1,RFOTO-ABC,0.31582796412929376,0.7608938539713421,2.3304221327166896,0.09145603136821062,0.87,0.13,0.15414429192191437,0.9991502066939387,0.000849793306061265,1.0103707218177542,0.9671683259957964,0.43809332692772285,0.23822063161043922,0.18424490237916646,0.78,0.7008394999429584,280,1,0.6736625012187146,0.7142799050102413,0.000849793306061265,0.14070257324494417,0.032831674004203615,population,14.0
S4,2,RFOTO-ABC,0.27353891482207987,0.6811560715730436,2.135878478936465,0.07639851685055254,0.86,0.14,0.12191006895542746,0.9974918748191882,0.002508125180811652,1.0276594339122544,0.9750203447516659,0.5695081417485217,0.23860879579044939,0.16006131524955786,0.84,0.6810378999216482,280,1,0.5843999795618996,0.6426122086604952,0.002508125180811652,0.10719406123647295,0.02497965524833412,population,14.0
S4,3,RFOTO-ABC,0.29228714723624616,0.6082159202728309,1.2591009970019678,0.06813302307626594,0.89,0.11,0.09974873918807925,0.9986588042123692,0.001341195787630689,1.0158343171077395,0.9791996606342944,0.56805549477151,0.24201108960011772,0.14574698625292923,0.86,0.7901846000459045,280,1,0.6461045995709409,0.5939249522112748,0.001341195787630689,0.1531358577977508,0.020800339365705578,population,14.0
S4,4,RFOTO-ABC,0.2586767503421871,0.6462049598012335,1.6068852671469527,0.08875703693342368,0.9,0.1,0.06567007349534136,0.9991313617181824,0.0008686382818176486,1.0185316517173644,0.9853557306320799,0.692101019960222,0.3853131959798628,0.12190943851415909,0.82,0.7291229999391362,280,1,0.5689052421114744,0.6652695224550921,0.0008686382818176486,0.05715857353801266,0.01464426936792007,population,14.0
S4,5,RFOTO-ABC,0.2651443771916965,0.6737876376816425,1.6453985033220013,0.09803335377797313,0.86,0.14,0.07272876241868771,0.9990698809799773,0.0009301190200226628,1.0196934654349974,0.9846120279305774,0.6887131733862737,0.3304339746101377,0.1250138488828903,0.82,0.7159815001068637,280,1,0.5787489433098857,0.6836552565055054,0.0009301190200226628,0.061658533095925463,0.01538797206942255,population,14.0
S4,0,RFOTO-ABC,0.32358085981538975,0.6952637654305462,1.792225205616028,0.09693370421500132,0.81,0.19,0.08423097639987198,0.9979084829133862,0.002091517086613687,1.0315586478634189,0.9819282435807325,0.6367159291804894,0.3708087155959326,0.13566265310680228,0.84,0.6808333999942988,280,1,0.6576900328536037,0.9336448640547966,0.002091517086613687,0.06393022045422594,0.018071756419267504,population,20.0
S4,1,RFOTO-ABC,0.31497465354238807,0.76122309424558,2.3304221327166896,0.09095297140059945,0.86,0.14,0.1549438303799449,0.9991511598285214,0.0008488401714785199,1.0104929977799961,0.9671573114520255,0.43809332692772285,0.23822063161043922,0.18427685483146727,0.77,0.6537096999818459,280,1,0.6746810265954106,0.7060404867741272,0.0008488401714785199,0.14120861024369769,0.03284268854797445,population,20.0
S4,2,RFOTO-ABC,0.27362964729246564,0.6812325437179267,2.135878478936465,0.07638654808087657,0.86,0.14,0.12191006895542746,0.9975357722775452,0.0024642277224547725,1.0272852862912192,0.9750188120190533,0.5695081417485217,0.23860879579044939,0.1600663516066576,0.84,0.7173277999972925,280,1,0.584505082267818,0.6430989178317332,0.0024642277224547725,0.10719406123647295,0.02498118798094673,population,20.0
S4,3,RFOTO-ABC,0.29104209749557014,0.6090401098115581,1.2591009970019678,0.06772973286396808,0.9,0.1,0.09812152456024627,0.9985779423618156,0.0014220576381843131,1.0158131349624462,0.9794105339045033,0.56805549477151,0.24201108960011772,0.14499070354090246,0.86,0.7454547999659553,280,1,0.6456945868112333,0.5883344542216535,0.0014220576381843131,0.15198180487020968,0.020589466095496722,population,20.0
S4,4,RFOTO-ABC,0.25987542176819994,0.6489155334245218,1.4410375339906356,0.08847254941262804,0.89,0.11,0.06510803515768006,0.9991185363590617,0.0008814636409383891,1.0184495047125817,0.9855822889500708,0.6911407850609577,0.3853131959798628,0.12094884166166602,0.82,0.7067737999605015,280,1,0.5672399103983454,0.6768311325912865,0.0008814636409383891,0.05680729957697435,0.014417711049929172,population,20.0
S4,5,RFOTO-ABC,0.2633464088959303,0.6700278877489335,1.6453985033220013,0.09671987356621628,0.85,0.15,0.0716110552530057,0.9993080069818072,0.0006919930181927602,1.0173637818942798,0.9851419062260629,0.6938436640841457,0.3304339746101377,0.12280955301801146,0.83,0.6780807999894023,280,1,0.5765146553630308,0.6773554702896698,0.0006919930181927602,0.060989247367972156,0.014858093773937098,population,20.0
S4,0,RFOTO-ABC,0.33302605484315523,0.7003389921074359,1.7740586446255764,0.09782647596140948,0.82,0.18,0.09584987488051028,0.9980817964806461,0.0019182035193538649,1.029631604282682,0.9787526507186113,0.577194735073938,0.3708087155959326,0.1473383842618196,0.84,0.6907308000372723,280,1,0.6612296185472382,0.9681185937753805,0.0019182035193538649,0.07572047217583827,0.021247349281388717,population,28.0
S4,1,RFOTO-ABC,0.31584796932979486,0.7608463067599905,2.3304221327166896,0.09146580371978828,0.87,0.13,0.15414429192191437,0.9991512735114584,0.0008487264885414558,1.0103583906748774,0.9671682852602692,0.43809332692772285,0.23822063161043922,0.1842450205590646,0.78,0.7491088999668136,280,1,0.673580459289783,0.7145513912496342,0.0008487264885414558,0.14070257324494417,0.03283171473973079,population,28.0
S4,2,RFOTO-ABC,0.27362964729246564,0.6812325437179267,2.135878478936465,0.07638654808087657,0.86,0.14,0.12191006895542746,0.9975357722775452,0.0024642277224547725,1.0272852862912192,0.9750188120190533,0.5695081417485217,0.23860879579044939,0.1600663516066576,0.84,0.7521953000687063,280,1,0.584505082267818,0.6430989178317332,0.0024642277224547725,0.10719406123647295,0.02498118798094673,population,28.0
S4,3,RFOTO-ABC,0.2914098836153457,0.6104951032302327,1.2591009970019678,0.06794997841707848,0.89,0.11,0.09994326994674511,0.99866014054335,0.0013398594566499,1.0158381661805584,0.9791975842525869,0.56805549477151,0.24201108960011772,0.1457544151605786,0.86,0.747559699928388,280,1,0.6470339548786461,0.5862973661569166,0.0013398594566499,0.15327382287481878,0.02080241574741315,population,28.0
S4,4,RFOTO-ABC,0.25984221444296374,0.6487043600130227,1.4410375339906356,0.08838721407988646,0.89,0.11,0.06510803515768006,0.9991199793259977,0.0008800206740022531,1.0184156718985191,0.9855822246905228,0.6911407850609577,0.3853131959798628,0.12094911513797794,0.82,0.7172945999773219,280,1,0.5673325542933845,0.67645720362768,0.0008800206740022531,0.05680729957697435,0.014417775309477188,population,28.0
S4,5,RFOTO-ABC,0.2658230224341552,0.675134687773435,1.6453985033220013,0.09833639765547669,0.84,0.16,0.06978506943321182,0.9990987877064516,0.0009012122935483757,1.018939084159956,0.9854392352044998,0.6938436640841457,0.3304339746101377,0.12155621495869422,0.83,0.6946016000583768,280,1,0.5782498740549854,0.6928149071400597,0.0009012122935483757,0.059895842685460846,0.01456076479550017,population,28.0
S4,0,RFOTO-ABC,0.3212040626713438,0.7092409688269287,1.830379009343232,0.09322262609134134,0.83,0.17,0.09075139898086988,0.9979929354503994,0.002007064549600783,1.0313328184568749,0.981029789961026,0.6102141517604452,0.2872373808768982,0.13905767762257437,0.82,0.7167969000292942,280,1,0.6589744867002215,0.9024274712352246,0.002007064549600783,0.07139750358095404,0.018970210038974034,abandonment_limit,15.0
S4,1,RFOTO-ABC,0.31582796412929376,0.7608938539713421,2.3304221327166896,0.09145603136821062,0.87,0.13,0.15414429192191437,0.9991502066939387,0.000849793306061265,1.0103707218177542,0.9671683259957964,0.43809332692772285,0.23822063161043922,0.18424490237916646,0.78,0.6753719000844285,280,1,0.6736625012187146,0.7142799050102413,0.000849793306061265,0.14070257324494417,0.032831674004203615,abandonment_limit,15.0
S4,2,RFOTO-ABC,0.27353891482207987,0.6811560715730436,2.135878478936465,0.07639851685055254,0.86,0.14,0.12191006895542746,0.9974918748191882,0.002508125180811652,1.0276594339122544,0.9750203447516659,0.5695081417485217,0.23860879579044939,0.16006131524955786,0.84,0.7096737999236211,280,1,0.5843999795618996,0.6426122086604952,0.002508125180811652,0.10719406123647295,0.02497965524833412,abandonment_limit,15.0
S4,3,RFOTO-ABC,0.292340385653256,0.6083810041624089,1.2591009970019678,0.06819756937787527,0.89,0.11,0.09981532792356716,0.9986606580010554,0.0013393419989444944,1.0158329671517519,0.9791857721250657,0.56805549477151,0.24201108960011772,0.14579667015382577,0.86,0.7643306000391021,280,1,0.6460372787162404,0.5943019495356318,0.0013393419989444944,0.15318308385128832,0.020814227874934255,abandonment_limit,15.0
S4,4,RFOTO-ABC,0.2586761580768134,0.6460480972022089,1.6068852671469527,0.08890143295965164,0.9,0.1,0.0649702300463858,0.9991530237541147,0.0008469762458852215,1.0183398756448259,0.9855705863585638,0.6970118972635099,0.3853131959798628,0.12099863604088185,0.82,0.69961070001591,280,1,0.5694114869492998,0.6653945746566139,0.0008469762458852215,0.05672117138241544,0.01442941364143624,abandonment_limit,15.0
S4,5,RFOTO-ABC,0.2664199605633052,0.6776436519313316,1.6453985033220013,0.0981249674470044,0.86,0.14,0.07232302417488698,0.9990664267651956,0.0009335732348041991,1.0195996977845285,0.9848543525598245,0.6938436640841457,0.3304339746101377,0.12401034543757729,0.83,0.7182543999515474,280,1,0.5798343899006708,0.6909927153948194,0.0009335732348041991,0.06141557606370946,0.015145647440175547,abandonment_limit,15.0
S4,0,RFOTO-ABC,0.3238327643941604,0.7068471057214044,1.830379009343232,0.09290947178466746,0.82,0.18,0.10245185083398735,0.9980434925556387,0.0019565074443611374,1.029198579774193,0.9782741732677904,0.6072544791627188,0.2872373808768982,0.14902456463046104,0.81,0.7273919000290334,280,1,0.6610478828413106,0.9011454552517408,0.0019565074443611374,0.07899519958947189,0.021725826732209574,abandonment_limit,35.0
S4,1,RFOTO-ABC,0.31582796412929376,0.7608938539713421,2.3304221327166896,0.09145603136821062,0.87,0.13,0.15414429192191437,0.9991502066939387,0.000849793306061265,1.0103707218177542,0.9671683259957964,0.43809332692772285,0.23822063161043922,0.18424490237916646,0.78,0.6941775000886992,280,1,0.6736625012187146,0.7142799050102413,0.000849793306061265,0.14070257324494417,0.032831674004203615,abandonment_limit,35.0
S4,2,RFOTO-ABC,0.27353891482207987,0.6811560715730436,2.135878478936465,0.07639851685055254,0.86,0.14,0.12191006895542746,0.9974918748191882,0.002508125180811652,1.0276594339122544,0.9750203447516659,0.5695081417485217,0.23860879579044939,0.16006131524955786,0.84,0.6655179000226781,280,1,0.5843999795618996,0.6426122086604952,0.002508125180811652,0.10719406123647295,0.02497965524833412,abandonment_limit,35.0
S4,3,RFOTO-ABC,0.29228714723624616,0.6082159202728309,1.2591009970019678,0.06813302307626594,0.89,0.11,0.09974873918807925,0.9986588042123692,0.001341195787630689,1.0158343171077395,0.9791996606342944,0.56805549477151,0.24201108960011772,0.14574698625292923,0.86,0.7878020000644028,280,1,0.6461045995709409,0.5939249522112748,0.001341195787630689,0.1531358577977508,0.020800339365705578,abandonment_limit,35.0
S4,4,RFOTO-ABC,0.2586767503421871,0.6462049598012335,1.6068852671469527,0.08875703693342368,0.9,0.1,0.06567007349534136,0.9991313617181824,0.0008686382818176486,1.0185316517173644,0.9853557306320799,0.692101019960222,0.3853131959798628,0.12190943851415909,0.82,0.7146525999996811,280,1,0.5689052421114744,0.6652695224550921,0.0008686382818176486,0.05715857353801266,0.01464426936792007,abandonment_limit,35.0
S4,5,RFOTO-ABC,0.2651443771916965,0.6737876376816425,1.6453985033220013,0.09803335377797313,0.86,0.14,0.07272876241868771,0.9990698809799773,0.0009301190200226628,1.0196934654349974,0.9846120279305774,0.6887131733862737,0.3304339746101377,0.1250138488828903,0.82,0.7059833999956027,280,1,0.5787489433098857,0.6836552565055054,0.0009301190200226628,0.061658533095925463,0.01538797206942255,abandonment_limit,35.0
S4,0,RFOTO-ABC,0.3238327643941604,0.7068471057214044,1.830379009343232,0.09290947178466746,0.82,0.18,0.10245185083398735,0.9980434925556387,0.0019565074443611374,1.029198579774193,0.9782741732677904,0.6072544791627188,0.2872373808768982,0.14902456463046104,0.81,0.6997533000539988,280,1,0.6610478828413106,0.9011454552517408,0.0019565074443611374,0.07899519958947189,0.021725826732209574,abandonment_limit,55.0
S4,1,RFOTO-ABC,0.31582796412929376,0.7608938539713421,2.3304221327166896,0.09145603136821062,0.87,0.13,0.15414429192191437,0.9991502066939387,0.000849793306061265,1.0103707218177542,0.9671683259957964,0.43809332692772285,0.23822063161043922,0.18424490237916646,0.78,0.7060216000536457,280,1,0.6736625012187146,0.7142799050102413,0.000849793306061265,0.14070257324494417,0.032831674004203615,abandonment_limit,55.0
S4,2,RFOTO-ABC,0.27353891482207987,0.6811560715730436,2.135878478936465,0.07639851685055254,0.86,0.14,0.12191006895542746,0.9974918748191882,0.002508125180811652,1.0276594339122544,0.9750203447516659,0.5695081417485217,0.23860879579044939,0.16006131524955786,0.84,0.6810678999172524,280,1,0.5843999795618996,0.6426122086604952,0.002508125180811652,0.10719406123647295,0.02497965524833412,abandonment_limit,55.0
S4,3,RFOTO-ABC,0.29228714723624616,0.6082159202728309,1.2591009970019678,0.06813302307626594,0.89,0.11,0.09974873918807925,0.9986588042123692,0.001341195787630689,1.0158343171077395,0.9791996606342944,0.56805549477151,0.24201108960011772,0.14574698625292923,0.86,0.7681419000728056,280,1,0.6461045995709409,0.5939249522112748,0.001341195787630689,0.1531358577977508,0.020800339365705578,abandonment_limit,55.0
S4,4,RFOTO-ABC,0.2586767503421871,0.6462049598012335,1.6068852671469527,0.08875703693342368,0.9,0.1,0.06567007349534136,0.9991313617181824,0.0008686382818176486,1.0185316517173644,0.9853557306320799,0.692101019960222,0.3853131959798628,0.12190943851415909,0.82,0.7230655000312254,280,1,0.5689052421114744,0.6652695224550921,0.0008686382818176486,0.05715857353801266,0.01464426936792007,abandonment_limit,55.0
S4,5,RFOTO-ABC,0.2651443771916965,0.6737876376816425,1.6453985033220013,0.09803335377797313,0.86,0.14,0.07272876241868771,0.9990698809799773,0.0009301190200226628,1.0196934654349974,0.9846120279305774,0.6887131733862737,0.3304339746101377,0.1250138488828903,0.82,0.7368412000359967,280,1,0.5787489433098857,0.6836552565055054,0.0009301190200226628,0.061658533095925463,0.01538797206942255,abandonment_limit,55.0
S4,0,RFOTO-ABC,0.3142844882497672,0.6943537885148071,1.574740412542294,0.09039830884157977,0.81,0.19,0.09045526929540851,0.998030162356837,0.0019698376431628926,1.0328011776871362,0.9811512832713596,0.6210249643801581,0.3029930436599846,0.1386030878326118,0.82,0.8009258999954909,280,1,0.6589955091504643,0.8573900724381265,0.0019698376431628926,0.07082330023401387,0.018848716728640413,greedy_ratio,0.15
S4,1,RFOTO-ABC,0.31584796932979486,0.7608463067599905,2.3304221327166896,0.09146580371978828,0.87,0.13,0.15414429192191437,0.9991512735114584,0.0008487264885414558,1.0103583906748774,0.9671682852602692,0.43809332692772285,0.23822063161043922,0.1842450205590646,0.78,0.757912699948065,280,1,0.673580459289783,0.7145513912496342,0.0008487264885414558,0.14070257324494417,0.03283171473973079,greedy_ratio,0.15
S4,2,RFOTO-ABC,0.27362964729246564,0.6812325437179267,2.135878478936465,0.07638654808087657,0.86,0.14,0.12191006895542746,0.9975357722775452,0.0024642277224547725,1.0272852862912192,0.9750188120190533,0.5695081417485217,0.23860879579044939,0.1600663516066576,0.84,0.7747335999738425,280,1,0.584505082267818,0.6430989178317332,0.0024642277224547725,0.10719406123647295,0.02498118798094673,greedy_ratio,0.15
S4,3,RFOTO-ABC,0.2924128006085047,0.6111998542887682,1.3640888971020686,0.06757475240763675,0.89,0.11,0.1013980633911551,0.9986106121492888,0.001389387850711078,1.0158528923403065,0.9787768066898234,0.56805549477151,0.24201108960011772,0.14725278930997857,0.86,0.761443700059317,280,1,0.647511478817366,0.5899811767914477,0.001389387850711078,0.15430559127510957,0.021223193310176636,greedy_ratio,0.15
S4,4,RFOTO-ABC,0.25968317946206027,0.6517080856542613,1.4458589574796987,0.08864664970607514,0.89,0.11,0.06248656318095696,0.9991267681410332,0.0008732318589667865,1.0181571385628532,0.9860271577442594,0.6911407850609577,0.3853131959798628,0.11904137641007796,0.83,0.7434901000233367,280,1,0.5683241670270074,0.6769289673151557,0.0008732318589667865,0.05516887959152242,0.01397284225574058,greedy_ratio,0.15
S4,5,RFOTO-ABC,0.26516238182728896,0.6758777048801085,1.764278118350117,0.09657889673873213,0.85,0.15,0.06689958258393928,0.9990870282558691,0.0009129717441308815,1.0197471794692432,0.9863599341087271,0.6938436640841457,0.3304339746101377,0.11759545117017241,0.84,0.758241800009273,280,1,0.5797975938391884,0.6896158504852141,0.0009129717441308815,0.058168006248770714,0.013640065891272868,greedy_ratio,0.15
S4,0,RFOTO-ABC,0.3238327643941604,0.7068471057214044,1.830379009343232,0.09290947178466746,0.82,0.18,0.10245185083398735,0.9980434925556387,0.0019565074443611374,1.029198579774193,0.9782741732677904,0.6072544791627188,0.2872373808768982,0.14902456463046104,0.81,0.7173625999130309,280,1,0.6610478828413106,0.9011454552517408,0.0019565074443611374,0.07899519958947189,0.021725826732209574,greedy_ratio,0.35
S4,1,RFOTO-ABC,0.31582796412929376,0.7608938539713421,2.3304221327166896,0.09145603136821062,0.87,0.13,0.15414429192191437,0.9991502066939387,0.000849793306061265,1.0103707218177542,0.9671683259957964,0.43809332692772285,0.23822063161043922,0.18424490237916646,0.78,0.6759002000326291,280,1,0.6736625012187146,0.7142799050102413,0.000849793306061265,0.14070257324494417,0.032831674004203615,greedy_ratio,0.35
S4,2,RFOTO-ABC,0.27353891482207987,0.6811560715730436,2.135878478936465,0.07639851685055254,0.86,0.14,0.12191006895542746,0.9974918748191882,0.002508125180811652,1.0276594339122544,0.9750203447516659,0.5695081417485217,0.23860879579044939,0.16006131524955786,0.84,0.6905621000332758,280,1,0.5843999795618996,0.6426122086604952,0.002508125180811652,0.10719406123647295,0.02497965524833412,greedy_ratio,0.35
S4,3,RFOTO-ABC,0.29228714723624616,0.6082159202728309,1.2591009970019678,0.06813302307626594,0.89,0.11,0.09974873918807925,0.9986588042123692,0.001341195787630689,1.0158343171077395,0.9791996606342944,0.56805549477151,0.24201108960011772,0.14574698625292923,0.86,0.7896200000541285,280,1,0.6461045995709409,0.5939249522112748,0.001341195787630689,0.1531358577977508,0.020800339365705578,greedy_ratio,0.35
S4,4,RFOTO-ABC,0.2586767503421871,0.6462049598012335,1.6068852671469527,0.08875703693342368,0.9,0.1,0.06567007349534136,0.9991313617181824,0.0008686382818176486,1.0185316517173644,0.9853557306320799,0.692101019960222,0.3853131959798628,0.12190943851415909,0.82,0.6920515999663621,280,1,0.5689052421114744,0.6652695224550921,0.0008686382818176486,0.05715857353801266,0.01464426936792007,greedy_ratio,0.35
S4,5,RFOTO-ABC,0.2651443771916965,0.6737876376816425,1.6453985033220013,0.09803335377797313,0.86,0.14,0.07272876241868771,0.9990698809799773,0.0009301190200226628,1.0196934654349974,0.9846120279305774,0.6887131733862737,0.3304339746101377,0.1250138488828903,0.82,0.7119407000718638,280,1,0.5787489433098857,0.6836552565055054,0.0009301190200226628,0.061658533095925463,0.01538797206942255,greedy_ratio,0.35
S4,0,RFOTO-ABC,0.31366583367188955,0.6818436737037246,1.7209164768149976,0.09186194210130733,0.86,0.14,0.07537538332530618,0.9980272518417145,0.0019727481582855633,1.0274846722975102,0.9834438865014836,0.6396840457561737,0.3570558707660864,0.1297491152292881,0.83,0.6307464999845251,280,1,0.6541190391862532,0.8667908126448354,0.0019727481582855633,0.06895794128866546,0.016556113498516378,greedy_ratio,0.55
S4,1,RFOTO-ABC,0.31584796932979486,0.7608463067599905,2.3304221327166896,0.09146580371978828,0.87,0.13,0.15414429192191437,0.9991512735114584,0.0008487264885414558,1.0103583906748774,0.9671682852602692,0.43809332692772285,0.23822063161043922,0.1842450205590646,0.78,0.6307771999854594,280,1,0.673580459289783,0.7145513912496342,0.0008487264885414558,0.14070257324494417,0.03283171473973079,greedy_ratio,0.55
S4,2,RFOTO-ABC,0.27362964729246564,0.6812325437179267,2.135878478936465,0.07638654808087657,0.86,0.14,0.12191006895542746,0.9975357722775452,0.0024642277224547725,1.0272852862912192,0.9750188120190533,0.5695081417485217,0.23860879579044939,0.1600663516066576,0.84,0.7226073000347242,280,1,0.584505082267818,0.6430989178317332,0.0024642277224547725,0.10719406123647295,0.02498118798094673,greedy_ratio,0.55
S4,3,RFOTO-ABC,0.27189921050757965,0.5596045724823193,1.2591009970019678,0.0713981863422037,0.9,0.1,0.06708403382939174,0.9982251637663828,0.0017748362336172396,1.0155820090353025,0.9850671158123967,0.762697588275696,0.3388862601131657,0.12312292879794917,0.87,0.7486079999944195,280,1,0.601981747308901,0.6124652655752449,0.0017748362336172396,0.1077563358768148,0.014932884187603301,greedy_ratio,0.55
S4,4,RFOTO-ABC,0.2588710292356047,0.6500020817954898,1.3498383448167026,0.08811184471850239,0.89,0.11,0.06488799383856829,0.9991227462736599,0.0008772537263401725,1.0185978402188185,0.9855727327934126,0.6911407850609577,0.3853131959798628,0.12098950443382339,0.81,0.6624957000603899,280,1,0.5679885613706829,0.6691126975236363,0.0008772537263401725,0.05666977375252949,0.01442726720658738,greedy_ratio,0.55
S4,5,RFOTO-ABC,0.26380765782556664,0.6766575099669656,1.6453985033220013,0.09676024437266166,0.86,0.14,0.07302523373167397,0.9990657128509519,0.0009342871490480831,1.0199395381679708,0.9846718517495627,0.6938436640841457,0.3304339746101377,0.12476681378520946,0.82,0.667669799993746,280,1,0.579024359207524,0.6740431543283154,0.0009342871490480831,0.061836060828252555,0.015328148250437268,greedy_ratio,0.55
S4,0,RFOTO-ABC,0.3283526927345875,0.6951814013323393,1.7209164768149976,0.0980063000360563,0.81,0.19,0.0817188982516898,0.9981079631145561,0.0018920368854440917,1.0322613196441857,0.982754230374503,0.597583933980078,0.3708087155959326,0.13247039436043603,0.83,0.60336870001629,280,1,0.6559373145759452,0.9660822479283833,0.0018920368854440917,0.06596301632172141,0.017245769625496954,greedy_ratio,0.75
S4,1,RFOTO-ABC,0.31576274660086046,0.7598805335239178,2.3304221327166896,0.09130311507400918,0.87,0.13,0.15414429192191437,0.999151470372082,0.0008485296279179478,1.0103557186994039,0.967168273531534,0.43809332692772285,0.23822063161043922,0.18424505458588025,0.78,0.6318782999878749,280,1,0.6733522217658436,0.7143638863487335,0.0008485296279179478,0.14070257324494417,0.032831726468465994,greedy_ratio,0.75
S4,2,RFOTO-ABC,0.27362964729246564,0.6812325437179267,2.135878478936465,0.07638654808087657,0.86,0.14,0.12191006895542746,0.9975357722775452,0.0024642277224547725,1.0272852862912192,0.9750188120190533,0.5695081417485217,0.23860879579044939,0.1600663516066576,0.84,0.6479297000914812,280,1,0.584505082267818,0.6430989178317332,0.0024642277224547725,0.10719406123647295,0.02498118798094673,greedy_ratio,0.75
S4,3,RFOTO-ABC,0.2925518823741915,0.6089617794092197,1.2591009970019678,0.06811215348017793,0.89,0.11,0.09987179995767484,0.9986584201625763,0.0013415798374235288,1.0158545848014278,0.9791840860649517,0.56805549477151,0.24201108960011772,0.14580270070533202,0.86,0.6746951999375597,280,1,0.646122497133437,0.5954984753217554,0.0013415798374235288,0.15322313493930795,0.020815913935048336,greedy_ratio,0.75
S4,4,RFOTO-ABC,0.25859818386412936,0.64266661732892,1.39868231657923,0.08785931571588401,0.9,0.1,0.05990616215986933,0.9987565307737808,0.001243469226219084,1.0206780020360213,0.9867380626883195,0.707123453679112,0.3853131959798628,0.11593179088640831,0.82,0.624502099934034,280,1,0.566204950309686,0.6761328640425087,0.001243469226219084,0.05355612895334264,0.01326193731168046,greedy_ratio,0.75
S4,5,RFOTO-ABC,0.26485549581400547,0.6722859615500424,1.764278118350117,0.09623927673235666,0.85,0.15,0.06732966112697322,0.9990881823312262,0.0009118176687738799,1.019709187059507,0.986266582304439,0.6938436640841457,0.3304339746101377,0.11800275734254649,0.84,0.6222646000096574,280,1,0.5790071628936239,0.688366295499291,0.0009118176687738799,0.05842553831046767,0.013733417695561023,greedy_ratio,0.75
S4,0,RFOTO-ABC,0.3242175911800233,0.7144639447119314,1.7824218544538504,0.09052710249011538,0.83,0.17,0.11165072141128604,0.9982683167651083,0.0017316832348917188,1.026751662326534,0.9756416275386174,0.5973958075490742,0.3029930436599846,0.15800796233449046,0.8,0.7072878000326455,280,1,0.6667207671639719,0.8817164865269604,0.0017316832348917188,0.08511933557520203,0.024358372461382616,candidate_limit,2.0
S4,1,RFOTO-ABC,0.31582796412929376,0.7608938539713421,2.3304221327166896,0.09145603136821062,0.87,0.13,0.15414429192191437,0.9991502066939387,0.000849793306061265,1.0103707218177542,0.9671683259957964,0.43809332692772285,0.23822063161043922,0.18424490237916646,0.78,0.6665439999196678,280,1,0.6736625012187146,0.7142799050102413,0.000849793306061265,0.14070257324494417,0.032831674004203615,candidate_limit,2.0
S4,2,RFOTO-ABC,0.2733889133364931,0.6819963924665166,2.135878478936465,0.07636318030822219,0.86,0.14,0.12191006895542746,0.9974988776715233,0.0025011223284766458,1.0276222604603014,0.9750201076912451,0.5695081417485217,0.23860879579044939,0.16006209420814155,0.84,0.6720443000085652,280,1,0.5846724380505472,0.6411672013515302,0.0025011223284766458,0.10719406123647295,0.02497989230875486,candidate_limit,2.0
S4,3,RFOTO-ABC,0.29228714723624616,0.6082159202728309,1.2591009970019678,0.06813302307626594,0.89,0.11,0.09974873918807925,0.9986588042123692,0.001341195787630689,1.0158343171077395,0.9791996606342944,0.56805549477151,0.24201108960011772,0.14574698625292923,0.86,0.7841223999857903,280,1,0.6461045995709409,0.5939249522112748,0.001341195787630689,0.1531358577977508,0.020800339365705578,candidate_limit,2.0
S4,4,RFOTO-ABC,0.2586767503421871,0.6462049598012335,1.6068852671469527,0.08875703693342368,0.9,0.1,0.06567007349534136,0.9991313617181824,0.0008686382818176486,1.0185316517173644,0.9853557306320799,0.692101019960222,0.3853131959798628,0.12190943851415909,0.82,0.7079114000080153,280,1,0.5689052421114744,0.6652695224550921,0.0008686382818176486,0.05715857353801266,0.01464426936792007,candidate_limit,2.0
S4,5,RFOTO-ABC,0.26454075064260346,0.6732790045003079,1.6072603888183448,0.09596314525632275,0.85,0.15,0.06794535817233462,0.9991115347354673,0.0008884652645326863,1.0176856266473226,0.9864231543040582,0.7098834315824699,0.3304339746101377,0.11731885402814236,0.83,0.7228866999503225,280,1,0.5801478675882858,0.6816618145190634,0.0008884652645326863,0.06016116664149881,0.013576845695941753,candidate_limit,2.0
S4,0,RFOTO-ABC,0.3238327643941604,0.7068471057214044,1.830379009343232,0.09290947178466746,0.82,0.18,0.10245185083398735,0.9980434925556387,0.0019565074443611374,1.029198579774193,0.9782741732677904,0.6072544791627188,0.2872373808768982,0.14902456463046104,0.81,0.6804178000893444,280,1,0.6610478828413106,0.9011454552517408,0.0019565074443611374,0.07899519958947189,0.021725826732209574,candidate_limit,4.0
S4,1,RFOTO-ABC,0.31582796412929376,0.7608938539713421,2.3304221327166896,0.09145603136821062,0.87,0.13,0.15414429192191437,0.9991502066939387,0.000849793306061265,1.0103707218177542,0.9671683259957964,0.43809332692772285,0.23822063161043922,0.18424490237916646,0.78,0.6512784999795258,280,1,0.6736625012187146,0.7142799050102413,0.000849793306061265,0.14070257324494417,0.032831674004203615,candidate_limit,4.0
S4,2,RFOTO-ABC,0.27353891482207987,0.6811560715730436,2.135878478936465,0.07639851685055254,0.86,0.14,0.12191006895542746,0.9974918748191882,0.002508125180811652,1.0276594339122544,0.9750203447516659,0.5695081417485217,0.23860879579044939,0.16006131524955786,0.84,0.6721089999191463,280,1,0.5843999795618996,0.6426122086604952,0.002508125180811652,0.10719406123647295,0.02497965524833412,candidate_limit,4.0
S4,3,RFOTO-ABC,0.29228714723624616,0.6082159202728309,1.2591009970019678,0.06813302307626594,0.89,0.11,0.09974873918807925,0.9986588042123692,0.001341195787630689,1.0158343171077395,0.9791996606342944,0.56805549477151,0.24201108960011772,0.14574698625292923,0.86,0.7565843999618664,280,1,0.6461045995709409,0.5939249522112748,0.001341195787630689,0.1531358577977508,0.020800339365705578,candidate_limit,4.0
S4,4,RFOTO-ABC,0.2586767503421871,0.6462049598012335,1.6068852671469527,0.08875703693342368,0.9,0.1,0.06567007349534136,0.9991313617181824,0.0008686382818176486,1.0185316517173644,0.9853557306320799,0.692101019960222,0.3853131959798628,0.12190943851415909,0.82,0.7049802999245003,280,1,0.5689052421114744,0.6652695224550921,0.0008686382818176486,0.05715857353801266,0.01464426936792007,candidate_limit,4.0
S4,5,RFOTO-ABC,0.2651443771916965,0.6737876376816425,1.6453985033220013,0.09803335377797313,0.86,0.14,0.07272876241868771,0.9990698809799773,0.0009301190200226628,1.0196934654349974,0.9846120279305774,0.6887131733862737,0.3304339746101377,0.1250138488828903,0.82,0.7088867999846116,280,1,0.5787489433098857,0.6836552565055054,0.0009301190200226628,0.061658533095925463,0.01538797206942255,candidate_limit,4.0
S4,0,RFOTO-ABC,0.32492772749923604,0.7063745248746923,1.7850348592492575,0.09179873036675196,0.83,0.17,0.10376821531823968,0.9980883010197769,0.0019116989802230155,1.029282246184201,0.9772972140965133,0.574169315602352,0.2872373808768982,0.1524144862104249,0.81,0.6922175999497995,280,1,0.6612624698428915,0.9048162873990375,0.0019116989802230155,0.08040763698835976,0.022702785903486733,candidate_limit,6.0
S4,1,RFOTO-ABC,0.31582796412929376,0.7608938539713421,2.3304221327166896,0.09145603136821062,0.87,0.13,0.15414429192191437,0.9991502066939387,0.000849793306061265,1.0103707218177542,0.9671683259957964,0.43809332692772285,0.23822063161043922,0.18424490237916646,0.78,0.6723089000442997,280,1,0.6736625012187146,0.7142799050102413,0.000849793306061265,0.14070257324494417,0.032831674004203615,candidate_limit,6.0
S4,2,RFOTO-ABC,0.27353891482207987,0.6811560715730436,2.135878478936465,0.07639851685055254,0.86,0.14,0.12191006895542746,0.9974918748191882,0.002508125180811652,1.0276594339122544,0.9750203447516659,0.5695081417485217,0.23860879579044939,0.16006131524955786,0.84,0.6804724000394344,280,1,0.5843999795618996,0.6426122086604952,0.002508125180811652,0.10719406123647295,0.02497965524833412,candidate_limit,6.0
S4,3,RFOTO-ABC,0.2921328351338951,0.6085776232827006,1.2591009970019678,0.06872809151077579,0.9,0.1,0.0994748850928388,0.998637295324058,0.0013627046759418838,1.0173722025832963,0.9792149116249742,0.56805549477151,0.24201108960011772,0.1456924104009872,0.86,0.7812660000054166,280,1,0.6462478817363123,0.5929676783305508,0.0013627046759418838,0.1529416350351689,0.020785088375025795,candidate_limit,6.0
S4,4,RFOTO-ABC,0.2586761580768134,0.6460480972022089,1.6068852671469527,0.08890143295965164,0.9,0.1,0.0649702300463858,0.9991530237541147,0.0008469762458852215,1.0183398756448259,0.9855705863585638,0.6970118972635099,0.3853131959798628,0.12099863604088185,0.82,0.6777726000873372,280,1,0.5694114869492998,0.6653945746566139,0.0008469762458852215,0.05672117138241544,0.01442941364143624,candidate_limit,6.0
S4,5,RFOTO-ABC,0.2641703942229754,0.6793229997431804,1.764278118350117,0.09697717558364438,0.85,0.15,0.06689958258393928,0.9991186966522875,0.0008813033477124266,1.0195581813659713,0.9863596895285571,0.6938436640841457,0.3304339746101377,0.11759652004786138,0.84,0.7076971000060439,280,1,0.5814524074258367,0.6802865570937641,0.0008813033477124266,0.058168006248770714,0.013640310471442874,candidate_limit,6.0
S4,0,RFOTO-ABC,0.3225950704803256,0.7068646255271169,1.830379009343232,0.09265454651470029,0.82,0.18,0.10081378573169292,0.9980325059688634,0.001967494031136411,1.029247706693414,0.9784947617601902,0.6072544791627188,0.2872373808768982,0.14824937685042455,0.81,0.6883235999848694,280,1,0.661408169377293,0.8942724223726599,0.001967494031136411,0.07793152095161837,0.021505238239809765,candidate_limit,8.0
S4,1,RFOTO-ABC,0.31582796412929376,0.7608938539713421,2.3304221327166896,0.09145603136821062,0.87,0.13,0.15414429192191437,0.9991502066939387,0.000849793306061265,1.0103707218177542,0.9671683259957964,0.43809332692772285,0.23822063161043922,0.18424490237916646,0.78,0.6379243000410497,280,1,0.6736625012187146,0.7142799050102413,0.000849793306061265,0.14070257324494417,0.032831674004203615,candidate_limit,8.0
S4,2,RFOTO-ABC,0.27353891482207987,0.6811560715730436,2.135878478936465,0.07639851685055254,0.86,0.14,0.12191006895542746,0.9974918748191882,0.002508125180811652,1.0276594339122544,0.9750203447516659,0.5695081417485217,0.23860879579044939,0.16006131524955786,0.84,0.7052948999917135,280,1,0.5843999795618996,0.6426122086604952,0.002508125180811652,0.10719406123647295,0.02497965524833412,candidate_limit,8.0
S4,3,RFOTO-ABC,0.292340385653256,0.6083810041624089,1.2591009970019678,0.06819756937787527,0.89,0.11,0.09981532792356716,0.9986606580010554,0.0013393419989444944,1.0158329671517519,0.9791857721250657,0.56805549477151,0.24201108960011772,0.14579667015382577,0.86,0.7657632000045851,280,1,0.6460372787162404,0.5943019495356318,0.0013393419989444944,0.15318308385128832,0.020814227874934255,candidate_limit,8.0
S4,4,RFOTO-ABC,0.2586761580768134,0.6460480972022089,1.6068852671469527,0.08890143295965164,0.9,0.1,0.0649702300463858,0.9991530237541147,0.0008469762458852215,1.0183398756448259,0.9855705863585638,0.6970118972635099,0.3853131959798628,0.12099863604088185,0.82,0.6948264000238851,280,1,0.5694114869492998,0.6653945746566139,0.0008469762458852215,0.05672117138241544,0.01442941364143624,candidate_limit,8.0
S4,5,RFOTO-ABC,0.2641703942229754,0.6793229997431804,1.764278118350117,0.09697717558364438,0.85,0.15,0.06689958258393928,0.9991186966522875,0.0008813033477124266,1.0195581813659713,0.9863596895285571,0.6938436640841457,0.3304339746101377,0.11759652004786138,0.84,0.6980324001051486,280,1,0.5814524074258367,0.6802865570937641,0.0008813033477124266,0.058168006248770714,0.013640310471442874,candidate_limit,8.0
S4,0,RFOTO-ABC,0.6125794837696413,1.2196550779864632,3.370988199453605,0.16242564090355616,0.5,0.5,0.46811057533012534,0.9985031586268076,0.0014968413731924512,1.0290494862553599,0.9087659601718676,0.29361686302128037,0.21369654864084647,0.31684906309626293,0.73,0.7656668999698013,280,1,1.1113645599875528,1.5277728530766603,0.0014968413731924512,0.3663517662495826,0.09123403982813238,resource_temperature,0.4
S4,1,RFOTO-ABC,0.4485477321250278,1.0877456784567416,2.933820078897638,0.12515024490002327,0.55,0.45,0.3489503372676454,0.9994094985665272,0.0005905014334727921,1.0113939932075366,0.931028224893912,0.3364410655704433,0.23822063161043922,0.2721787894290826,0.75,0.6718580999877304,280,1,0.8908895633403149,0.9942498283337635,0.0005905014334727921,0.26489600194910706,0.06897177510608798,resource_temperature,0.4
S4,2,RFOTO-ABC,0.4735299336893657,1.0459652630307792,2.5564184181220795,0.12043399312734036,0.53,0.47,0.36474893793868723,0.9980607495604056,0.0019392504395943744,1.0237690658837952,0.9335226890127335,0.3955031833297727,0.2320542168714961,0.2668543477803282,0.82,0.7163184999953955,280,1,0.8819107777997667,1.1482274105983894,0.0019392504395943744,0.2818347236546271,0.0664773109872665,resource_temperature,0.4
S4,3,RFOTO-ABC,0.40699848762598223,0.8405823145919061,1.9571810514594987,0.08901401707493285,0.73,0.27,0.18886664106937512,0.9989881265925691,0.0010118734074309643,1.016592348531161,0.9621588212016152,0.5187828528169349,0.24201108960011772,0.1983165439612997,0.84,0.8035676000872627,280,1,0.8549986494084011,0.8337781301399771,0.0010118734074309643,0.2492142170065659,0.03784117879838478,resource_temperature,0.4
S4,4,RFOTO-ABC,0.41569366970182325,1.0067787640407324,2.9012805249055185,0.12561934916031342,0.68,0.32,0.27833477112718213,0.9993857750195824,0.0006142249804175959,1.0185012822782602,0.9418968535326273,0.4118352374423348,0.30455775490076936,0.24836943688541777,0.75,0.743812800035812,280,1,0.8400934616917096,0.9331576666440615,0.0006142249804175959,0.22743334926438866,0.05810314646737269,resource_temperature,0.4
S4,5,RFOTO-ABC,0.44128187708177863,1.1433051063809387,2.939190581410381,0.14664000585065615,0.52,0.48,0.3568307561340041,0.9992396515511223,0.000760348448877728,1.0185011718642873,0.933155239552565,0.3341447097134823,0.216937250670502,0.2676435219432992,0.79,0.7894674999406561,280,1,0.866387520481599,1.0304275661390485,0.000760348448877728,0.23976831313452335,0.06684476044743504,resource_temperature,0.4
S4,0,RFOTO-ABC,0.3238327643941604,0.7068471057214044,1.830379009343232,0.09290947178466746,0.82,0.18,0.10245185083398735,0.9980434925556387,0.0019565074443611374,1.029198579774193,0.9782741732677904,0.6072544791627188,0.2872373808768982,0.14902456463046104,0.81,0.6871900999685749,280,1,0.6610478828413106,0.9011454552517408,0.0019565074443611374,0.07899519958947189,0.021725826732209574,resource_temperature,0.8
S4,1,RFOTO-ABC,0.31582796412929376,0.7608938539713421,2.3304221327166896,0.09145603136821062,0.87,0.13,0.15414429192191437,0.9991502066939387,0.000849793306061265,1.0103707218177542,0.9671683259957964,0.43809332692772285,0.23822063161043922,0.18424490237916646,0.78,0.6795857000397518,280,1,0.6736625012187146,0.7142799050102413,0.000849793306061265,0.14070257324494417,0.032831674004203615,resource_temperature,0.8
S4,2,RFOTO-ABC,0.27353891482207987,0.6811560715730436,2.135878478936465,0.07639851685055254,0.86,0.14,0.12191006895542746,0.9974918748191882,0.002508125180811652,1.0276594339122544,0.9750203447516659,0.5695081417485217,0.23860879579044939,0.16006131524955786,0.84,0.6932813000166789,280,1,0.5843999795618996,0.6426122086604952,0.002508125180811652,0.10719406123647295,0.02497965524833412,resource_temperature,0.8
S4,3,RFOTO-ABC,0.29228714723624616,0.6082159202728309,1.2591009970019678,0.06813302307626594,0.89,0.11,0.09974873918807925,0.9986588042123692,0.001341195787630689,1.0158343171077395,0.9791996606342944,0.56805549477151,0.24201108960011772,0.14574698625292923,0.86,0.7868712999625131,280,1,0.6461045995709409,0.5939249522112748,0.001341195787630689,0.1531358577977508,0.020800339365705578,resource_temperature,0.8
S4,4,RFOTO-ABC,0.2586767503421871,0.6462049598012335,1.6068852671469527,0.08875703693342368,0.9,0.1,0.06567007349534136,0.9991313617181824,0.0008686382818176486,1.0185316517173644,0.9853557306320799,0.692101019960222,0.3853131959798628,0.12190943851415909,0.82,0.7260612999089062,280,1,0.5689052421114744,0.6652695224550921,0.0008686382818176486,0.05715857353801266,0.01464426936792007,resource_temperature,0.8
S4,5,RFOTO-ABC,0.2651443771916965,0.6737876376816425,1.6453985033220013,0.09803335377797313,0.86,0.14,0.07272876241868771,0.9990698809799773,0.0009301190200226628,1.0196934654349974,0.9846120279305774,0.6887131733862737,0.3304339746101377,0.1250138488828903,0.82,0.7439746999880299,280,1,0.5787489433098857,0.6836552565055054,0.0009301190200226628,0.061658533095925463,0.01538797206942255,resource_temperature,0.8
S4,0,RFOTO-ABC,0.29086180053201727,0.6148649221495499,1.412126585660086,0.08606326246562389,0.89,0.11,0.05267607942892418,0.9979391113987316,0.0020608886012685157,1.0322971389799196,0.988632841117237,0.7775986952588114,0.3708087155959326,0.10722805998603918,0.85,0.7170302000595257,280,1,0.6058565374372635,0.837997206489813,0.0020608886012685157,0.04632333458624499,0.011367158882762962,resource_temperature,1.2
S4,1,RFOTO-ABC,0.3019346799114404,0.7204546273461035,2.3304221327166896,0.08643804116194101,0.87,0.13,0.15414429192191437,0.9990130178646237,0.0009869821353763475,1.010587529890029,0.9671683074122188,0.43809332692772285,0.23822063161043922,0.18424495629293164,0.78,0.675423700013198,280,1,0.6516918436380407,0.6580928358363453,0.0009869821353763475,0.14070257324494417,0.03283169258778118,resource_temperature,1.2
S4,2,RFOTO-ABC,0.252442448817526,0.6292240275354785,2.135878478936465,0.0692895046105065,0.87,0.13,0.11966946012420973,0.9972937002002685,0.0027062997997316252,1.0274652401270539,0.9752416883940911,0.5695081417485217,0.23860879579044939,0.15933250477074945,0.84,0.6911349000874907,280,1,0.5543945003870908,0.5542988561640178,0.0027062997997316252,0.10577595438127184,0.02475831160590891,resource_temperature,1.2
S4,3,RFOTO-ABC,0.2776171045136865,0.5573445060620184,1.2380940143291064,0.06797723214405864,0.89,0.11,0.08828061051998379,0.9973537896331923,0.002646210366807561,1.02073447684623,0.9800893928387746,0.5491249556051527,0.3388862601131657,0.14253102468353598,0.85,0.7123592999996617,280,1,0.6195531276997606,0.5901043146234906,0.002646210366807561,0.12278936899070987,0.01991060716122539,resource_temperature,1.2
S4,4,RFOTO-ABC,0.24109705789866054,0.5949807568609078,1.2271078860107991,0.08135103167634092,0.92,0.08,0.05444776949638776,0.998909387432125,0.0010906125678749035,1.0194757359372553,0.9875110602580605,0.707123453679112,0.3853131959798628,0.11245837424730226,0.83,0.6950693998951465,280,1,0.5433423149593114,0.6042257153286675,0.0010906125678749035,0.05014463353866666,0.012488939741939542,resource_temperature,1.2
S4,5,RFOTO-ABC,0.24726820570320143,0.6177680563200703,1.5577836468518742,0.09015992214493306,0.89,0.11,0.06493454821642983,0.9991300082148529,0.0008699917851471695,1.0196483767828024,0.9860032576723837,0.6938436640841457,0.3304339746101377,0.11914458499410008,0.83,0.6668806000379845,280,1,0.5511719335260329,0.619692519165414,0.0008699917851471695,0.0569913389628369,0.013996742327616274,resource_temperature,1.2
S4,0,RFOTO-ABC,0.285626892850314,0.5975055858352833,1.2539071190566011,0.08309817273306228,0.88,0.12,0.0506630381569543,0.9979129176842457,0.0020870823157543806,1.0321640448856009,0.989003398682555,0.8832921395249184,0.3708087155959326,0.10544605782172838,0.85,0.7253274999093264,280,1,0.6014262330852387,0.8113068827773674,0.0020870823157543806,0.04602958200652657,0.010996601317444954,resource_temperature,1.6
S4,1,RFOTO-ABC,0.29838569150271654,0.7089246149161117,2.3304221327166896,0.08507034157150946,0.87,0.13,0.15414429192191437,0.998866488059252,0.001133511940748001,1.0106238544380213,0.9671644476181137,0.43809332692772285,0.23822063161043922,0.18425615384156435,0.78,0.6604347999673337,280,1,0.6480509715063739,0.6403018004630303,0.001133511940748001,0.14070257324494417,0.03283555238188629,resource_temperature,1.6
S4,2,RFOTO-ABC,0.2475310593421789,0.6155191472174316,2.135878478936465,0.06755726348953893,0.87,0.13,0.11924469568108315,0.9971413348822629,0.0028586651177371016,1.0295284157517735,0.975255187040643,0.5695081417485217,0.23860879579044939,0.15928796109716173,0.84,0.6749622999923304,280,1,0.5504391914456515,0.5284068498785529,0.0028586651177371016,0.10550711612612843,0.024744812959357043,resource_temperature,1.6
S4,3,RFOTO-ABC,0.267269160355178,0.5370611485732331,1.200757030959146,0.0657813787727803,0.9,0.1,0.07773717857377989,0.9976867186845462,0.0023132813154537104,1.018115367823409,0.9825422310408933,0.56805549477151,0.3388862601131657,0.13329650356383158,0.86,0.7246917000738904,280,1,0.6070131680314218,0.5573773821335294,0.0023132813154537104,0.1153117576813454,0.017457768959106668,resource_temperature,1.6
S4,4,RFOTO-ABC,0.2364712341449855,0.583853609345907,1.2309986411849774,0.07956889700562056,0.93,0.07,0.053239576410871764,0.9989870587430952,0.0010129412569047237,1.0194062925755527,0.9877334862250425,0.707123453679112,0.3853131959798628,0.11143989306657386,0.83,0.7093417000724003,280,1,0.5401809460579604,0.5802403606521068,0.0010129412569047237,0.049389512860219156,0.012266513774957466,resource_temperature,1.6
S4,5,RFOTO-ABC,0.2433965374033309,0.6009586200762116,1.5203355063979804,0.08851101618111169,0.91,0.09,0.05976905059897293,0.9991174576241935,0.0008825423758064677,1.0200728596590767,0.9868765779084668,0.7177990654176306,0.3304339746101377,0.11531667930314012,0.84,0.6668358000461012,280,1,0.5466004320679934,0.6075123396211848,0.0008825423758064677,0.05389822661705433,0.013123422091533166,resource_temperature,1.6
S4,0,RFOTO-ABC,0.310825676605549,0.6500787609908051,1.381655086000548,0.08395417183806801,0.88,0.12,0.08647076775424185,0.9978810926345537,0.0021189073654462954,1.030953041019266,0.9809729636833958,0.6378318399983194,0.2872373808768982,0.13926983290038641,0.82,0.6790570999728516,280,1,0.6387384698831747,0.8546945770478607,0.0021189073654462954,0.07863614262798545,0.019027036316604184,reliability_risk_weight,0.15
S4,1,RFOTO-ABC,0.31582796412929376,0.7608938539713421,2.3304221327166896,0.09145603136821062,0.87,0.13,0.15414429192191437,0.9991502066939387,0.000849793306061265,1.0103707218177542,0.9671683259957964,0.43809332692772285,0.23822063161043922,0.18424490237916646,0.78,0.6834330999990925,280,1,0.6736625012187146,0.7142799050102413,0.000849793306061265,0.14070257324494417,0.032831674004203615,reliability_risk_weight,0.15
S4,2,RFOTO-ABC,0.27353891482207987,0.6811560715730436,2.135878478936465,0.07639851685055254,0.86,0.14,0.12191006895542746,0.9974918748191882,0.002508125180811652,1.0276594339122544,0.9750203447516659,0.5695081417485217,0.23860879579044939,0.16006131524955786,0.84,0.6626020999392495,280,1,0.5843999795618996,0.6426122086604952,0.002508125180811652,0.10719406123647295,0.02497965524833412,reliability_risk_weight,0.15
S4,3,RFOTO-ABC,0.29228714723624616,0.6082159202728309,1.2591009970019678,0.06813302307626594,0.89,0.11,0.09974873918807925,0.9986588042123692,0.001341195787630689,1.0158343171077395,0.9791996606342944,0.56805549477151,0.24201108960011772,0.14574698625292923,0.86,0.7789312000386417,280,1,0.6461045995709409,0.5939249522112748,0.001341195787630689,0.1531358577977508,0.020800339365705578,reliability_risk_weight,0.15
S4,4,RFOTO-ABC,0.2586767503421871,0.6462049598012335,1.6068852671469527,0.08875703693342368,0.9,0.1,0.06567007349534136,0.9991313617181824,0.0008686382818176486,1.0185316517173644,0.9853557306320799,0.692101019960222,0.3853131959798628,0.12190943851415909,0.82,0.6927965999348089,280,1,0.5689052421114744,0.6652695224550921,0.0008686382818176486,0.05715857353801266,0.01464426936792007,reliability_risk_weight,0.15
S4,5,RFOTO-ABC,0.26527550219076024,0.6746410787331967,1.6453985033220013,0.09751883939223281,0.87,0.13,0.07286464607643443,0.9990746594147859,0.0009253405852141361,1.0196037595439194,0.9844732195264759,0.6887131733862737,0.3304339746101377,0.12558528429894572,0.83,0.7307831000071019,280,1,0.5796856963606393,0.6827001184907696,0.0009253405852141361,0.06173990055565404,0.015526780473524071,reliability_risk_weight,0.15
S4,0,RFOTO-ABC,0.3238327643941604,0.7068471057214044,1.830379009343232,0.09290947178466746,0.82,0.18,0.10245185083398735,0.9980434925556387,0.0019565074443611374,1.029198579774193,0.9782741732677904,0.6072544791627188,0.2872373808768982,0.14902456463046104,0.81,0.7088301000185311,280,1,0.6610478828413106,0.9011454552517408,0.0019565074443611374,0.07899519958947189,0.021725826732209574,reliability_risk_weight,0.35
S4,1,RFOTO-ABC,0.31582796412929376,0.7608938539713421,2.3304221327166896,0.09145603136821062,0.87,0.13,0.15414429192191437,0.9991502066939387,0.000849793306061265,1.0103707218177542,0.9671683259957964,0.43809332692772285,0.23822063161043922,0.18424490237916646,0.78,0.6653723999625072,280,1,0.6736625012187146,0.7142799050102413,0.000849793306061265,0.14070257324494417,0.032831674004203615,reliability_risk_weight,0.35
S4,2,RFOTO-ABC,0.27353891482207987,0.6811560715730436,2.135878478936465,0.07639851685055254,0.86,0.14,0.12191006895542746,0.9974918748191882,0.002508125180811652,1.0276594339122544,0.9750203447516659,0.5695081417485217,0.23860879579044939,0.16006131524955786,0.84,0.6660003000870347,280,1,0.5843999795618996,0.6426122086604952,0.002508125180811652,0.10719406123647295,0.02497965524833412,reliability_risk_weight,0.35
S4,3,RFOTO-ABC,0.29228714723624616,0.6082159202728309,1.2591009970019678,0.06813302307626594,0.89,0.11,0.09974873918807925,0.9986588042123692,0.001341195787630689,1.0158343171077395,0.9791996606342944,0.56805549477151,0.24201108960011772,0.14574698625292923,0.86,0.7588048999896273,280,1,0.6461045995709409,0.5939249522112748,0.001341195787630689,0.1531358577977508,0.020800339365705578,reliability_risk_weight,0.35
S4,4,RFOTO-ABC,0.2586767503421871,0.6462049598012335,1.6068852671469527,0.08875703693342368,0.9,0.1,0.06567007349534136,0.9991313617181824,0.0008686382818176486,1.0185316517173644,0.9853557306320799,0.692101019960222,0.3853131959798628,0.12190943851415909,0.82,0.6982179000042379,280,1,0.5689052421114744,0.6652695224550921,0.0008686382818176486,0.05715857353801266,0.01464426936792007,reliability_risk_weight,0.35
S4,5,RFOTO-ABC,0.2651443771916965,0.6737876376816425,1.6453985033220013,0.09803335377797313,0.86,0.14,0.07272876241868771,0.9990698809799773,0.0009301190200226628,1.0196934654349974,0.9846120279305774,0.6887131733862737,0.3304339746101377,0.1250138488828903,0.82,0.6864498000359163,280,1,0.5787489433098857,0.6836552565055054,0.0009301190200226628,0.061658533095925463,0.01538797206942255,reliability_risk_weight,0.35
S4,0,RFOTO-ABC,0.32263375053827936,0.7074745588393521,1.7994692989912613,0.09177804492538395,0.84,0.16,0.10470487316258391,0.9981581725583659,0.0018418274416341462,1.0292190394050444,0.9769936032144889,0.5763549076449347,0.2872373808768982,0.15345408102298078,0.81,0.7061902000568807,280,1,0.6638929979631083,0.8839147463293188,0.0018418274416341462,0.08101585636780406,0.023006396785511085,reliability_risk_weight,0.55
S4,1,RFOTO-ABC,0.31584796932979486,0.7608463067599905,2.3304221327166896,0.09146580371978828,0.87,0.13,0.15414429192191437,0.9991512735114584,0.0008487264885414558,1.0103583906748774,0.9671682852602692,0.43809332692772285,0.23822063161043922,0.1842450205590646,0.78,0.6800072999903932,280,1,0.673580459289783,0.7145513912496342,0.0008487264885414558,0.14070257324494417,0.03283171473973079,reliability_risk_weight,0.55
S4,2,RFOTO-ABC,0.2729559215636197,0.6805855127508049,2.135878478936465,0.07613442167726964,0.86,0.14,0.12191006895542746,0.9975458900128855,0.0024541099871145046,1.0271316513821975,0.9750177413005541,0.5695081417485217,0.23860879579044939,0.1600698697617318,0.84,0.683976500062272,280,1,0.5838742374052522,0.639671240672324,0.0024541099871145046,0.10719406123647295,0.024982258699445925,reliability_risk_weight,0.55
S4,3,RFOTO-ABC,0.2925518823741915,0.6089617794092197,1.2591009970019678,0.06811215348017793,0.89,0.11,0.09987179995767484,0.9986584201625763,0.0013415798374235288,1.0158545848014278,0.9791840860649517,0.56805549477151,0.24201108960011772,0.14580270070533202,0.86,0.7885117999976501,280,1,0.646122497133437,0.5954984753217554,0.0013415798374235288,0.15322313493930795,0.020815913935048336,reliability_risk_weight,0.55
S4,4,RFOTO-ABC,0.2586767503421871,0.6462049598012335,1.6068852671469527,0.08875703693342368,0.9,0.1,0.06567007349534136,0.9991313617181824,0.0008686382818176486,1.0185316517173644,0.9853557306320799,0.692101019960222,0.3853131959798628,0.12190943851415909,0.82,0.7338485000655055,280,1,0.5689052421114744,0.6652695224550921,0.0008686382818176486,0.05715857353801266,0.01464426936792007,reliability_risk_weight,0.55
S4,5,RFOTO-ABC,0.26603684164599256,0.6800398697791995,1.6453985033220013,0.09824530103180784,0.86,0.14,0.07232302417488698,0.999067597930881,0.0009324020691188928,1.0195431719886021,0.9848542921014956,0.6938436640841457,0.3304339746101377,0.12401059675569207,0.83,0.7462550000054762,280,1,0.5809696508798294,0.6865479887433894,0.0009324020691188928,0.06141557606370946,0.015145707898504446,reliability_risk_weight,0.55
S4,0,RFOTO-ABC,0.3238327643941604,0.7068471057214044,1.830379009343232,0.09290947178466746,0.82,0.18,0.10245185083398735,0.9980434925556387,0.0019565074443611374,1.029198579774193,0.9782741732677904,0.6072544791627188,0.2872373808768982,0.14902456463046104,0.81,0.6908278999617323,280,1,0.6610478828413106,0.9011454552517408,0.0019565074443611374,0.07899519958947189,0.021725826732209574,fairness_strength,0.0
S4,1,RFOTO-ABC,0.31582796412929376,0.7608938539713421,2.3304221327166896,0.09145603136821062,0.87,0.13,0.15414429192191437,0.9991502066939387,0.000849793306061265,1.0103707218177542,0.9671683259957964,0.43809332692772285,0.23822063161043922,0.18424490237916646,0.78,0.6696767000248656,280,1,0.6736625012187146,0.7142799050102413,0.000849793306061265,0.14070257324494417,0.032831674004203615,fairness_strength,0.0
S4,2,RFOTO-ABC,0.27353891482207987,0.6811560715730436,2.135878478936465,0.07639851685055254,0.86,0.14,0.12191006895542746,0.9974918748191882,0.002508125180811652,1.0276594339122544,0.9750203447516659,0.5695081417485217,0.23860879579044939,0.16006131524955786,0.84,0.696942700073123,280,1,0.5843999795618996,0.6426122086604952,0.002508125180811652,0.10719406123647295,0.02497965524833412,fairness_strength,0.0
S4,3,RFOTO-ABC,0.29228714723624616,0.6082159202728309,1.2591009970019678,0.06813302307626594,0.89,0.11,0.09974873918807925,0.9986588042123692,0.001341195787630689,1.0158343171077395,0.9791996606342944,0.56805549477151,0.24201108960011772,0.14574698625292923,0.86,0.758593300008215,280,1,0.6461045995709409,0.5939249522112748,0.001341195787630689,0.1531358577977508,0.020800339365705578,fairness_strength,0.0
S4,4,RFOTO-ABC,0.2571572488556984,0.6453713931865053,1.5391424154926183,0.08772625761871074,0.9,0.1,0.06549294302891884,0.9991181408719305,0.0008818591280695665,1.0186901046962793,0.9853817465236876,0.6911407850609577,0.3853131959798628,0.12179949497689796,0.82,0.724700800026767,280,1,0.5689618784751942,0.6552380176047627,0.0008818591280695665,0.05704786699649858,0.014618253476312404,fairness_strength,0.0
S4,5,RFOTO-ABC,0.26523043471517005,0.6767869878483898,1.6453985033220013,0.09705758986284074,0.86,0.14,0.07389775951201369,0.999045966945847,0.0009540330541529995,1.0199655893894146,0.9844312967651248,0.6887131733862737,0.3304339746101377,0.12575738963315014,0.82,0.7122514999937266,280,1,0.582131006458916,0.6772129211035243,0.0009540330541529995,0.06235853135540209,0.015568703234875247,fairness_strength,0.0
S4,0,RFOTO-ABC,0.3238327643941604,0.7068471057214044,1.830379009343232,0.09290947178466746,0.82,0.18,0.10245185083398735,0.9980434925556387,0.0019565074443611374,1.029198579774193,0.9782741732677904,0.6072544791627188,0.2872373808768982,0.14902456463046104,0.81,0.6980995000340044,280,1,0.6610478828413106,0.9011454552517408,0.0019565074443611374,0.07899519958947189,0.021725826732209574,fairness_strength,0.5
S4,1,RFOTO-ABC,0.31582796412929376,0.7608938539713421,2.3304221327166896,0.09145603136821062,0.87,0.13,0.15414429192191437,0.9991502066939387,0.000849793306061265,1.0103707218177542,0.9671683259957964,0.43809332692772285,0.23822063161043922,0.18424490237916646,0.78,0.6628215999808162,280,1,0.6736625012187146,0.7142799050102413,0.000849793306061265,0.14070257324494417,0.032831674004203615,fairness_strength,0.5
S4,2,RFOTO-ABC,0.27353891482207987,0.6811560715730436,2.135878478936465,0.07639851685055254,0.86,0.14,0.12191006895542746,0.9974918748191882,0.002508125180811652,1.0276594339122544,0.9750203447516659,0.5695081417485217,0.23860879579044939,0.16006131524955786,0.84,0.71088119992055,280,1,0.5843999795618996,0.6426122086604952,0.002508125180811652,0.10719406123647295,0.02497965524833412,fairness_strength,0.5
S4,3,RFOTO-ABC,0.29228714723624616,0.6082159202728309,1.2591009970019678,0.06813302307626594,0.89,0.11,0.09974873918807925,0.9986588042123692,0.001341195787630689,1.0158343171077395,0.9791996606342944,0.56805549477151,0.24201108960011772,0.14574698625292923,0.86,0.7766024000011384,280,1,0.6461045995709409,0.5939249522112748,0.001341195787630689,0.1531358577977508,0.020800339365705578,fairness_strength,0.5
S4,4,RFOTO-ABC,0.25858103702900687,0.6457255006940165,1.6068852671469527,0.08881744841770545,0.9,0.1,0.06502633997364196,0.9991408919078951,0.000859108092105002,1.0184487682881906,0.9855490524153857,0.6936442515726303,0.3853131959798628,0.121090212279161,0.82,0.7059888999210671,280,1,0.5690184522337447,0.6653193346181325,0.000859108092105002,0.056756240086950537,0.014450947584614293,fairness_strength,0.5
S4,5,RFOTO-ABC,0.2653040424460127,0.6770793071376269,1.6453985033220013,0.09711032532806152,0.86,0.14,0.07389775951201369,0.9990378451047103,0.0009621548952896919,1.0199863504944746,0.984431285233875,0.6887131733862737,0.3304339746101377,0.12575743694195343,0.82,0.711385800037533,280,1,0.5822390624270377,0.6775127053761736,0.0009621548952896919,0.06235853135540209,0.01556871476612498,fairness_strength,0.5
S4,0,RFOTO-ABC,0.3238327643941604,0.7068471057214044,1.830379009343232,0.09290947178466746,0.82,0.18,0.10245185083398735,0.9980434925556387,0.0019565074443611374,1.029198579774193,0.9782741732677904,0.6072544791627188,0.2872373808768982,0.14902456463046104,0.81,0.702328099985607,280,1,0.6610478828413106,0.9011454552517408,0.0019565074443611374,0.07899519958947189,0.021725826732209574,fairness_strength,1.0
S4,1,RFOTO-ABC,0.31582796412929376,0.7608938539713421,2.3304221327166896,0.09145603136821062,0.87,0.13,0.15414429192191437,0.9991502066939387,0.000849793306061265,1.0103707218177542,0.9671683259957964,0.43809332692772285,0.23822063161043922,0.18424490237916646,0.78,0.6737078999867663,280,1,0.6736625012187146,0.7142799050102413,0.000849793306061265,0.14070257324494417,0.032831674004203615,fairness_strength,1.0
S4,2,RFOTO-ABC,0.27353891482207987,0.6811560715730436,2.135878478936465,0.07639851685055254,0.86,0.14,0.12191006895542746,0.9974918748191882,0.002508125180811652,1.0276594339122544,0.9750203447516659,0.5695081417485217,0.23860879579044939,0.16006131524955786,0.84,0.6817177999764681,280,1,0.5843999795618996,0.6426122086604952,0.002508125180811652,0.10719406123647295,0.02497965524833412,fairness_strength,1.0
S4,3,RFOTO-ABC,0.29228714723624616,0.6082159202728309,1.2591009970019678,0.06813302307626594,0.89,0.11,0.09974873918807925,0.9986588042123692,0.001341195787630689,1.0158343171077395,0.9791996606342944,0.56805549477151,0.24201108960011772,0.14574698625292923,0.86,0.8013287000358105,280,1,0.6461045995709409,0.5939249522112748,0.001341195787630689,0.1531358577977508,0.020800339365705578,fairness_strength,1.0
S4,4,RFOTO-ABC,0.2586767503421871,0.6462049598012335,1.6068852671469527,0.08875703693342368,0.9,0.1,0.06567007349534136,0.9991313617181824,0.0008686382818176486,1.0185316517173644,0.9853557306320799,0.692101019960222,0.3853131959798628,0.12190943851415909,0.82,0.7318869000300765,280,1,0.5689052421114744,0.6652695224550921,0.0008686382818176486,0.05715857353801266,0.01464426936792007,fairness_strength,1.0
S4,5,RFOTO-ABC,0.2651443771916965,0.6737876376816425,1.6453985033220013,0.09803335377797313,0.86,0.14,0.07272876241868771,0.9990698809799773,0.0009301190200226628,1.0196934654349974,0.9846120279305774,0.6887131733862737,0.3304339746101377,0.1250138488828903,0.82,0.7010850999504328,280,1,0.5787489433098857,0.6836552565055054,0.0009301190200226628,0.061658533095925463,0.01538797206942255,fairness_strength,1.0
S4,0,RFOTO-ABC,0.30258112105199686,0.6547704642923351,1.2969151917735084,0.08583509792421504,0.85,0.15,0.08047334664308,0.9978454330125679,0.0021545669874319705,1.0346727220941663,0.9832148766970465,0.6715050465125695,0.2872373808768982,0.13065861413142385,0.81,0.6928562000393867,280,1,0.6348916642364995,0.8208066559903271,0.0021545669874319705,0.07115409880557405,0.016785123302953453,fairness_strength,2.0
S4,1,RFOTO-ABC,0.31582796412929376,0.7608938539713421,2.3304221327166896,0.09145603136821062,0.87,0.13,0.15414429192191437,0.9991502066939387,0.000849793306061265,1.0103707218177542,0.9671683259957964,0.43809332692772285,0.23822063161043922,0.18424490237916646,0.78,0.6938423999818042,280,1,0.6736625012187146,0.7142799050102413,0.000849793306061265,0.14070257324494417,0.032831674004203615,fairness_strength,2.0
S4,2,RFOTO-ABC,0.2730976984987481,0.6827488356343262,2.135878478936465,0.0761335238113528,0.86,0.14,0.12191006895542746,0.9976283859006122,0.0023716140993878688,1.02774567386217,0.9750167878573762,0.5695081417485217,0.23860879579044939,0.1600730025162631,0.84,0.6763534999918193,280,1,0.5851160959887651,0.6386556970077829,0.0023716140993878688,0.10719406123647295,0.02498321214262378,fairness_strength,2.0
S4,3,RFOTO-ABC,0.2921328351338951,0.6085776232827006,1.2591009970019678,0.06872809151077579,0.9,0.1,0.0994748850928388,0.998637295324058,0.0013627046759418838,1.0173722025832963,0.9792149116249742,0.56805549477151,0.24201108960011772,0.1456924104009872,0.86,0.7309955999953672,280,1,0.6462478817363123,0.5929676783305508,0.0013627046759418838,0.1529416350351689,0.020785088375025795,fairness_strength,2.0
S4,4,RFOTO-ABC,0.2592588691023829,0.6451077842894801,1.3236492959828097,0.08807287732959189,0.9,0.1,0.06264151752970384,0.9990647828701938,0.0009352171298062551,1.0186295284724263,0.9859836023368577,0.6911407850609577,0.3853131959798628,0.11922940016910935,0.82,0.7506269000004977,280,1,0.5670214367774438,0.6759838354514466,0.0009352171298062551,0.05526572605948922,0.014016397663142333,fairness_strength,2.0
S4,5,RFOTO-ABC,0.2653305446053406,0.6749496844806311,1.6453985033220013,0.09757422907499912,0.87,0.13,0.07286464607643443,0.9990672062756423,0.0009327937243577644,1.0196227460110159,0.9844732248283117,0.6887131733862737,0.3304339746101377,0.1255852625193544,0.83,0.778089200030081,280,1,0.5797958423536357,0.6828735590492891,0.0009327937243577644,0.06173990055565404,0.015526775171688323,fairness_strength,2.0
S4,0,RFOTO-ABC,0.35959679294413804,0.7068471057214044,1.830379009343232,0.09290947178466746,0.82,0.18,0.10245185083398735,0.9980434925556387,0.0019565074443611374,1.029198579774193,0.9782741732677904,0.6072544791627188,0.2872373808768982,0.14902456463046104,0.81,0.7559322000015527,280,1,0.6610478828413106,0.9011454552517408,0.0019565074443611374,0.07899519958947189,0.021725826732209574,objective_reliability_weight,0.1
S4,1,RFOTO-ABC,0.3508255386652084,0.7608938539713421,2.3304221327166896,0.09145603136821062,0.87,0.13,0.15414429192191437,0.9991502066939387,0.000849793306061265,1.0103707218177542,0.9671683259957964,0.43809332692772285,0.23822063161043922,0.18424490237916646,0.78,0.689663799945265,280,1,0.6736625012187146,0.7142799050102413,0.000849793306061265,0.14070257324494417,0.032831674004203615,objective_reliability_weight,0.1
S4,2,RFOTO-ABC,0.30365344700444297,0.6811560715730436,2.135878478936465,0.07639851685055254,0.86,0.14,0.12191006895542746,0.9974918748191882,0.002508125180811652,1.0276594339122544,0.9750203447516659,0.5695081417485217,0.23860879579044939,0.16006131524955786,0.84,0.6870104999979958,280,1,0.5843999795618996,0.6426122086604952,0.002508125180811652,0.10719406123647295,0.02497965524833412,objective_reliability_weight,0.1
S4,3,RFOTO-ABC,0.3246144751749812,0.6082159202728309,1.2591009970019678,0.06813302307626594,0.89,0.11,0.09974873918807925,0.9986588042123692,0.001341195787630689,1.0158343171077395,0.9791996606342944,0.56805549477151,0.24201108960011772,0.14574698625292923,0.86,0.798898300039582,280,1,0.6461045995709409,0.5939249522112748,0.001341195787630689,0.1531358577977508,0.020800339365705578,objective_reliability_weight,0.1
S4,4,RFOTO-ABC,0.28732209612667264,0.6462049598012335,1.6068852671469527,0.08875703693342368,0.9,0.1,0.06567007349534136,0.9991313617181824,0.0008686382818176486,1.0185316517173644,0.9853557306320799,0.692101019960222,0.3853131959798628,0.12190943851415909,0.82,0.6962678999407217,280,1,0.5689052421114744,0.6652695224550921,0.0008686382818176486,0.05715857353801266,0.01464426936792007,objective_reliability_weight,0.1
S4,5,RFOTO-ABC,0.29450151698854915,0.6737876376816425,1.6453985033220013,0.09803335377797313,0.86,0.14,0.07272876241868771,0.9990698809799773,0.0009301190200226628,1.0196934654349974,0.9846120279305774,0.6887131733862737,0.3304339746101377,0.1250138488828903,0.82,0.7167168000014499,280,1,0.5787489433098857,0.6836552565055054,0.0009301190200226628,0.061658533095925463,0.01538797206942255,objective_reliability_weight,0.1
S4,0,RFOTO-ABC,0.3238327643941604,0.7068471057214044,1.830379009343232,0.09290947178466746,0.82,0.18,0.10245185083398735,0.9980434925556387,0.0019565074443611374,1.029198579774193,0.9782741732677904,0.6072544791627188,0.2872373808768982,0.14902456463046104,0.81,0.7021083000581712,280,1,0.6610478828413106,0.9011454552517408,0.0019565074443611374,0.07899519958947189,0.021725826732209574,objective_reliability_weight,0.2
S4,1,RFOTO-ABC,0.31582796412929376,0.7608938539713421,2.3304221327166896,0.09145603136821062,0.87,0.13,0.15414429192191437,0.9991502066939387,0.000849793306061265,1.0103707218177542,0.9671683259957964,0.43809332692772285,0.23822063161043922,0.18424490237916646,0.78,0.6760600000852719,280,1,0.6736625012187146,0.7142799050102413,0.000849793306061265,0.14070257324494417,0.032831674004203615,objective_reliability_weight,0.2
S4,2,RFOTO-ABC,0.27353891482207987,0.6811560715730436,2.135878478936465,0.07639851685055254,0.86,0.14,0.12191006895542746,0.9974918748191882,0.002508125180811652,1.0276594339122544,0.9750203447516659,0.5695081417485217,0.23860879579044939,0.16006131524955786,0.84,0.6990990999620408,280,1,0.5843999795618996,0.6426122086604952,0.002508125180811652,0.10719406123647295,0.02497965524833412,objective_reliability_weight,0.2
S4,3,RFOTO-ABC,0.29228714723624616,0.6082159202728309,1.2591009970019678,0.06813302307626594,0.89,0.11,0.09974873918807925,0.9986588042123692,0.001341195787630689,1.0158343171077395,0.9791996606342944,0.56805549477151,0.24201108960011772,0.14574698625292923,0.86,0.7897837000200525,280,1,0.6461045995709409,0.5939249522112748,0.001341195787630689,0.1531358577977508,0.020800339365705578,objective_reliability_weight,0.2
S4,4,RFOTO-ABC,0.2586767503421871,0.6462049598012335,1.6068852671469527,0.08875703693342368,0.9,0.1,0.06567007349534136,0.9991313617181824,0.0008686382818176486,1.0185316517173644,0.9853557306320799,0.692101019960222,0.3853131959798628,0.12190943851415909,0.82,0.6906489999964833,280,1,0.5689052421114744,0.6652695224550921,0.0008686382818176486,0.05715857353801266,0.01464426936792007,objective_reliability_weight,0.2
S4,5,RFOTO-ABC,0.2651443771916965,0.6737876376816425,1.6453985033220013,0.09803335377797313,0.86,0.14,0.07272876241868771,0.9990698809799773,0.0009301190200226628,1.0196934654349974,0.9846120279305774,0.6887131733862737,0.3304339746101377,0.1250138488828903,0.82,0.6948526999913156,280,1,0.5787489433098857,0.6836552565055054,0.0009301190200226628,0.061658533095925463,0.01538797206942255,objective_reliability_weight,0.2
S4,0,RFOTO-ABC,0.2945712864896332,0.7068471057214044,1.830379009343232,0.09290947178466746,0.82,0.18,0.10245185083398735,0.9980434925556387,0.0019565074443611374,1.029198579774193,0.9782741732677904,0.6072544791627188,0.2872373808768982,0.14902456463046104,0.81,0.6829271999886259,280,1,0.6610478828413106,0.9011454552517408,0.0019565074443611374,0.07899519958947189,0.021725826732209574,objective_reliability_weight,0.3
S4,1,RFOTO-ABC,0.28719358496354525,0.7608938539713421,2.3304221327166896,0.09145603136821062,0.87,0.13,0.15414429192191437,0.9991502066939387,0.000849793306061265,1.0103707218177542,0.9671683259957964,0.43809332692772285,0.23822063161043922,0.18424490237916646,0.78,0.6682813999941573,280,1,0.6736625012187146,0.7142799050102413,0.000849793306061265,0.14070257324494417,0.032831674004203615,objective_reliability_weight,0.3
S4,2,RFOTO-ABC,0.24889975212741916,0.6811560715730436,2.135878478936465,0.07639851685055254,0.86,0.14,0.12191006895542746,0.9974918748191882,0.002508125180811652,1.0276594339122544,0.9750203447516659,0.5695081417485217,0.23860879579044939,0.16006131524955786,0.84,0.671461799996905,280,1,0.5843999795618996,0.6426122086604952,0.002508125180811652,0.10719406123647295,0.02497965524833412,objective_reliability_weight,0.3
S4,3,RFOTO-ABC,0.265837515286372,0.6082159202728309,1.2591009970019678,0.06813302307626594,0.89,0.11,0.09974873918807925,0.9986588042123692,0.001341195787630689,1.0158343171077395,0.9791996606342944,0.56805549477151,0.24201108960011772,0.14574698625292923,0.86,0.7888750000856817,280,1,0.6461045995709409,0.5939249522112748,0.001341195787630689,0.1531358577977508,0.020800339365705578,objective_reliability_weight,0.3
S4,4,RFOTO-ABC,0.23523964924578994,0.6462049598012335,1.6068852671469527,0.08875703693342368,0.9,0.1,0.06567007349534136,0.9991313617181824,0.0008686382818176486,1.0185316517173644,0.9853557306320799,0.692101019960222,0.3853131959798628,0.12190943851415909,0.82,0.7181499999715015,280,1,0.5689052421114744,0.6652695224550921,0.0008686382818176486,0.05715857353801266,0.01464426936792007,objective_reliability_weight,0.3
S4,5,RFOTO-ABC,0.24112489917608984,0.6737876376816425,1.6453985033220013,0.09803335377797313,0.86,0.14,0.07272876241868771,0.9990698809799773,0.0009301190200226628,1.0196934654349974,0.9846120279305774,0.6887131733862737,0.3304339746101377,0.1250138488828903,0.82,0.6926891999319196,280,1,0.5787489433098857,0.6836552565055054,0.0009301190200226628,0.061658533095925463,0.01538797206942255,objective_reliability_weight,0.3
