scenario,run,algorithm,objective,delay_mean_s,delay_p95_s,energy_mean_j,success_rate,violation_rate,violation_mean,reliability_mean,link_failure_rate,attempts_mean,jain,utility_p05,utility_min,utility_cv,offload_rate,runtime_s,evaluations,feasible,t_hat,e_hat,r_hat,v_hat,fairness_loss,n_users,n_servers,candidate_limit
S1,0,RFOTO-ABC,0.10175695046475522,0.22301513283351543,0.38807219570728907,0.024010403198241378,1.0,0.0,0.0,0.9963317282459722,0.0036682717540279797,1.0100592638795605,0.999906320234995,0.9749174705123123,0.962284104693653,0.00967928415345554,1.0,0.32623060001060367,320,1,0.24757161726993537,0.2607755988781003,0.0036682717540279797,0.0,9.367976500496145e-05,20,3,4
S1,0,Standard-ABC,0.27266431980020456,0.6486373468882816,1.6315755243138692,0.05738211090026131,0.85,0.15,0.16619959610164786,0.9984280579266777,0.0015719420733223632,1.0318433483716456,0.9700584564560921,0.7743713468137404,0.25456436604351274,0.17568639833712607,0.8,0.2973675000248477,320,1,0.6001568160391204,0.580278619082581,0.0015719420733223632,0.12311081192714655,0.029941543543907878,20,3,4
S1,0,Delay-Greedy,0.1007213377748122,0.22204511674883123,0.42175551167662445,0.02322684410328508,1.0,0.0,0.0,0.9967177340282507,0.003282265971749132,1.0109183731582436,0.999926018991839,0.9777369896600685,0.9664013226467307,0.008601539498983596,1.0,0.0014070000033825636,1,1,0.24652083159485008,0.2561571968701713,0.003282265971749132,0.0,7.398100816102815e-05,20,3,4
S1,1,RFOTO-ABC,0.1891133490525095,0.36447359738784857,0.5404956416875564,0.030174740881011415,0.9,0.1,0.052094025293410486,0.9990443696954957,0.000955630304504268,1.0202081425273652,0.988840374160136,0.7011494933166139,0.6154736469282419,0.10623355666835138,0.85,0.3383397998986766,320,1,0.48655128739863734,0.2944532782861961,0.000955630304504268,0.08576986209216114,0.011159625839863963,20,3,4
S1,1,Standard-ABC,0.3676152002838798,0.7666247909510596,2.385132442504279,0.056537152342513185,0.7,0.3,0.24381422746975798,0.9983970966524008,0.0016029033475990107,1.0164059907094312,0.9485255812880167,0.48178012164623885,0.38974113827257445,0.2329545521662346,0.7,0.33912439993582666,320,1,0.8967567224579056,0.43703073990312563,0.0016029033475990107,0.27931866083046886,0.05147441871198333,20,3,4
S1,1,Delay-Greedy,0.2288821350168377,0.41337350335683964,1.4162477381879706,0.039376987398234656,0.85,0.15,0.07176818364475071,0.9991461468304612,0.0008538531695387319,1.0156279742673862,0.9854847297622127,0.7011494933166139,0.6154736469282419,0.12136336605469678,0.85,0.0015619000187143683,1,1,0.5989188832235787,0.29192568796006085,0.0008538531695387319,0.13206199938943228,0.014515270237787314,20,3,4
S1,2,RFOTO-ABC,0.10521388716006082,0.3569434253510123,0.6440799563141272,0.028378026382057348,1.0,0.0,0.0,0.9980213061606953,0.001978693839304457,1.0202235227274952,0.9999758131888621,0.9926479900908837,0.9780248257463134,0.004918068335337336,1.0,0.335158700007014,320,1,0.2867887899344765,0.22078215257940087,0.001978693839304457,0.0,2.418681113791621e-05,20,3,4
S1,2,Standard-ABC,0.27131818136438457,0.8763833653217137,2.856642037484438,0.14302018306876957,0.8,0.2,0.14208472432702782,0.9972771496002382,0.0027228503997619056,1.0290815149744033,0.9685222626704557,0.53858083854309,0.4586630475251612,0.1802797509888969,0.75,0.29964740003924817,320,1,0.647210591262474,0.4953498097500564,0.0027228503997619056,0.11978732562749432,0.031477737329544286,20,3,4
S1,2,Delay-Greedy,0.13319779096085504,0.4517231777577696,0.9434010986956863,0.06333850854017412,0.95,0.05,0.042117159204379535,0.9978607584504624,0.002139241549537524,1.0172094127244984,0.9897260706632426,0.951176827683382,0.5427870380703494,0.10188512486358943,0.95,0.0015484999166801572,1,1,0.32616951754701023,0.28283263127008323,0.002139241549537524,0.02904631669267554,0.010273929336757415,20,3,4
S1,3,RFOTO-ABC,0.1679306094740327,0.5614981216362569,1.062037040115329,0.07950333483308956,0.95,0.05,0.05991958566839167,0.9967654696351163,0.003234530364883653,1.01861915710682,0.9853193470785093,0.9467585341627643,0.4548779882671804,0.12206303957658639,0.9,0.38591740000993013,320,1,0.37280955087541456,0.423713687118755,0.003234530364883653,0.033288658704662036,0.014680652921490678,20,3,4
S1,3,Standard-ABC,0.32005861658801293,0.9647189402422127,3.6843435056718614,0.19107717742179442,0.65,0.35,0.2266877980146981,0.9971510740422993,0.002848925957700754,1.075078128199477,0.9560352749868816,0.44841781797646707,0.3256745824529138,0.21444465310762406,0.65,0.343766100006178,320,1,0.6960878885418424,0.7032713565232371,0.002848925957700754,0.13352578812223528,0.04396472501311843,20,3,4
S1,3,Delay-Greedy,0.17794834319441252,0.5673282443974249,1.019655922022286,0.07927277392175985,0.9,0.1,0.07483032227188534,0.9965989636261456,0.003401036373854477,1.0273106450810774,0.9829988244518353,0.7516271322621472,0.4548779882671804,0.1315112714806964,0.95,0.0012289999285712838,1,1,0.38399183276746346,0.4555126738667428,0.003401036373854477,0.04157240126215852,0.017001175548164715,20,3,4
S1,4,RFOTO-ABC,0.11980872098908532,0.2833322185484321,0.48534006769328475,0.02989247045563683,1.0,0.0,0.0,0.9997931147766881,0.00020688522331192561,1.0034621155581975,0.9999994263882642,0.9993772083651281,0.9965242902524776,0.0007573718124319661,0.95,0.32806979992892593,320,1,0.2990348133725972,0.30005703039675524,0.00020688522331192561,0.0,5.736117357768578e-07,20,3,4
S1,4,Standard-ABC,0.20061610609967784,0.4345749721783253,1.2052757415179887,0.0491057631892599,0.85,0.15,0.0749769190057443,0.9980253193813994,0.0019746806186005995,1.032293395371244,0.9830241390795346,0.7137489429127883,0.473270087445495,0.1314116332649214,0.8,0.3311669999966398,320,1,0.5059081689382352,0.4052285842020603,0.0019746806186005995,0.04165384389208017,0.016975860920465435,20,3,4
S1,4,Delay-Greedy,0.1616455256482066,0.28134505854972125,0.5015178784669853,0.03426257870664488,0.95,0.05,0.005831947512961016,0.9990079974069968,0.0009920025930031605,1.0089935210624366,0.9993213559743813,0.9908396791506684,0.8810201864091405,0.026059641135224212,1.0,0.0012243000091984868,1,1,0.2911821284244319,0.584932024730145,0.0009920025930031605,0.0032399708405338977,0.0006786440256186799,20,3,4
S1,5,RFOTO-ABC,0.10760107098689353,0.3178458744892077,0.5535515315657636,0.033994769061400136,1.0,0.0,0.0,0.9999103842059934,8.96157940063702e-05,1.0126296564402355,0.9999999530363135,0.9993333913766063,0.9992033313966306,0.00021671106521434352,1.0,0.3096559999976307,320,1,0.2690258483389471,0.2688445246586834,8.96157940063702e-05,0.0,4.6963686495260504e-08,20,3,4
S1,5,Standard-ABC,0.3106323108186526,0.7881698375074774,2.9251465401982855,0.12582813603514914,0.7,0.3,0.19739702844759974,0.9993045529715394,0.0006954470284605996,1.0420939112372831,0.9582476858268102,0.49944368048277366,0.4015327420950582,0.20873793671765695,0.75,0.28799500002060086,320,1,0.6880780491006884,0.6075323840317562,0.0006954470284605996,0.16432401762818596,0.04175231417318981,20,3,4
S1,5,Delay-Greedy,0.11816930725944232,0.31909265886468424,0.5607463552368875,0.03484536135259737,1.0,0.0,0.0,0.9993629982998911,0.0006370017001088302,1.0171997050322423,0.9999954566206722,0.9986055901365708,0.990184266283889,0.0021315252678534686,1.0,0.001377799897454679,1,1,0.27656193874998886,0.32600493816682785,0.0006370017001088302,0.0,4.543379327759389e-06,20,3,4
S1,6,RFOTO-ABC,0.1388205029670409,0.3538328065147249,0.5917812683049483,0.03985706919523762,1.0,0.0,0.0,0.9989503610001828,0.001049638999817315,1.012916059950881,0.9999852475279601,0.9972322291675537,0.9823482807790967,0.0038409230239632142,1.0,0.33899039996322244,320,1,0.3432126657544433,0.35203463905107096,0.001049638999817315,0.0,1.475247203985841e-05,20,3,4
S1,6,Standard-ABC,0.38230040915996655,0.7865900710659588,1.9404501458513759,0.08846761414081578,0.7,0.3,0.2695315557955187,0.9969100635229191,0.003089936477080818,1.0343965432627233,0.9425811979901096,0.4091783873457787,0.4048917843108905,0.2468127990607301,0.7,0.2963883000193164,320,1,0.8705107291283443,0.7043449241876625,0.003089936477080818,0.19916072261132556,0.05741880200989036,20,3,4
S1,6,Delay-Greedy,0.21592347807485346,0.5232768734468352,1.0309842755386496,0.05465412014216222,0.95,0.05,0.07511284957951145,0.9992942888277276,0.0007057111722722942,1.0097141234691358,0.9821401683932462,0.9591488689643598,0.3996392070682085,0.13485030812205445,0.95,0.001738599967211485,1,1,0.46369846352592026,0.5719867362208759,0.0007057111722722942,0.04552293913909785,0.01785983160675375,20,3,4
S1,7,RFOTO-ABC,0.1372571493738263,0.3262210112730477,0.8177518847234352,0.04101049894136423,0.95,0.05,0.018178883541549118,0.9991257887792997,0.0008742112207002662,1.0159934546062566,0.9965531477340849,0.9751848688326868,0.7333648983783863,0.05881134371383361,0.9,0.31041609996464103,320,1,0.3247867461560717,0.3513015168272178,0.0008742112207002662,0.010693460906793599,0.0034468522659151235,20,3,4
S1,7,Standard-ABC,0.19720640833924166,0.39493562969406926,0.831557829291795,0.06915937844699978,0.95,0.05,0.00532848007797203,0.9987210138221909,0.0012789861778088774,1.0187086938429584,0.9995481993591397,0.9768945250511623,0.9036936183041677,0.021260405850823158,0.85,0.27521790005266666,320,1,0.40953833625984865,0.6247643795408149,0.0012789861778088774,0.0031344000458658995,0.00045180064086025595,20,3,4
S1,7,Delay-Greedy,0.1731104634379144,0.34697072182897076,0.7201139307246257,0.045491626664262805,1.0,0.0,0.0,0.9994693547027754,0.0005306452972245578,1.0071607679652967,0.9999974949009163,0.9947499008780598,0.9946946870833205,0.0015827524622188914,1.0,0.001581300050020218,1,1,0.3426680263929418,0.5822463467691432,0.0005306452972245578,0.0,2.5050990837272025e-06,20,3,4
S1,8,RFOTO-ABC,0.12876207815157836,0.30261319664353176,0.5273759215484688,0.030053507057015753,1.0,0.0,0.0,0.9971126885772013,0.002887311422798766,1.0043590164559215,0.9998581336691539,0.9955232626949789,0.9453804708080387,0.011911610292273458,0.9,0.33665640000253916,320,1,0.30711141855356705,0.34256987519333276,0.002887311422798766,0.0,0.00014186633084611877,20,3,4
S1,8,Standard-ABC,0.2945247988613693,0.664517776569686,1.834981755553285,0.08983583505529716,0.65,0.35,0.17586121319575918,0.9988115210872278,0.001188478912772295,1.0121110109592077,0.9655244086445075,0.5391133155174418,0.49790115230026455,0.18896189408640937,0.6,0.29584879998583347,320,1,0.6472960062113969,0.646472426638578,0.001188478912772295,0.12128359530742015,0.034475591355492496,20,3,4
S1,8,Delay-Greedy,0.14993296134151976,0.3248577072709745,0.6682332591487301,0.03521155129404349,1.0,0.0,0.0,0.9970262637162068,0.0029737362837932214,1.0035244663242033,0.9998463888943001,0.9958081699414534,0.9431856973181498,0.01239494678062319,1.0,0.001483400003053248,1,1,0.30974934100298923,0.47918558112105886,0.0029737362837932214,0.0,0.00015361110569989123,20,3,4
S1,9,RFOTO-ABC,0.1762195825167258,0.3163916102874836,0.7612969802801933,0.03332367151334344,0.9,0.1,0.05630862078716918,0.999671015931954,0.0003289840680459954,1.010009138862554,0.9876028943137072,0.6420268408406494,0.6372619971023864,0.11203893573877721,0.85,0.35520490002818406,320,1,0.4216972060292159,0.3331395560812256,0.0003289840680459954,0.0755959397227395,0.01239710568629282,20,3,4
S1,9,Standard-ABC,0.25446215288927193,0.5402760060681305,1.2310357805064487,0.07479485928562599,0.8,0.2,0.06542753548809052,0.9951450105355903,0.004854989464409609,1.0127376345789816,0.988109259729036,0.6904756480787098,0.6422776220900317,0.10969882148418703,0.75,0.30950380000285804,320,1,0.6045744040829387,0.5162639566913559,0.004854989464409609,0.09249739772522936,0.01189074027096404,20,3,4
S1,9,Delay-Greedy,0.19120265824235597,0.3447059942585239,0.7612969802801933,0.03726423921685753,0.9,0.1,0.05630862078716918,0.9997561018545763,0.00024389814542360443,1.0091955939057355,0.9875989799464296,0.6420268408406494,0.6372619971023864,0.11205684447363772,0.85,0.0014962999848648906,1,1,0.45000978579783757,0.3859486281672762,0.00024389814542360443,0.0755959397227395,0.012401020053570355,20,3,4
S2,0,RFOTO-ABC,0.18414788552809666,0.3547189876667168,0.8970594863051955,0.04092539563474566,0.94,0.06,0.04349552096712186,0.9996231840327069,0.0003768159672931026,1.005159786549101,0.9898614406914416,0.831763617034873,0.4713683521317608,0.10120475539176768,0.92,0.5013976000482216,320,1,0.3590071851349552,0.575515962611006,0.0003768159672931026,0.025890191051858247,0.010138559308558448,50,5,4
S2,0,Standard-ABC,0.5343807816595421,0.9748827547289397,2.463286155486598,0.09090821109731788,0.48,0.52,0.38745545270892323,0.9986293680866517,0.0013706319133483414,1.0541312467687718,0.9274056234722199,0.42977068991364137,0.3483326858626035,0.27977997520698766,0.46,0.5563382999971509,320,1,1.1457161014033308,0.8950031364747454,0.0013706319133483414,0.41015201190264355,0.07259437652778011,50,5,4
S2,0,Delay-Greedy,0.21401792465031821,0.38209455781780266,1.0433848058509354,0.043756636405749345,0.92,0.08,0.051901031629913295,0.9976986718901992,0.002301328109800853,1.0217436034455711,0.987637738572527,0.7704054432802591,0.39030528465083986,0.11187939869310128,0.96,0.0026029000291600823,1,1,0.39101239842959035,0.7081790160317939,0.002301328109800853,0.03089347120828172,0.012362261427472987,50,5,4
S2,1,RFOTO-ABC,0.1694021519160703,0.4732282529981686,1.010484072630071,0.04815457223154715,0.94,0.06,0.022074939863136064,0.9985451385861097,0.0014548614138902404,1.0175759914330287,0.9949937685737787,0.9714093956994541,0.5207675628131259,0.07093250227177199,0.88,0.5506696000229567,320,1,0.4148475128588528,0.3897634508033455,0.0014548614138902404,0.024735396336576048,0.005006231426221253,50,5,4
S2,1,Standard-ABC,0.41639497005794857,0.9741262030310852,2.4442302326336587,0.15208972329995676,0.58,0.42,0.2510243337391455,0.9992229390936646,0.0007770609063353517,1.0241445224717185,0.9518569312083011,0.47105739089181864,0.32045448891724443,0.22489564557718356,0.46,0.567341500078328,320,1,0.9451718831392583,0.742585143864474,0.0007770609063353517,0.2453494207737641,0.04814306879169894,50,5,4
S2,1,Delay-Greedy,0.1825602741094584,0.4951194068771603,1.2385749619049542,0.04935867208691132,0.94,0.06,0.03410097362499843,0.9986240179963726,0.0013759820036274451,1.0152381462718922,0.9922684552815106,0.9055203216944125,0.5207675628131259,0.08827110099123883,0.96,0.0022738000843673944,1,1,0.43386129054418476,0.4319141639674301,0.0013759820036274451,0.031491595079195356,0.007731544718489358,50,5,4
S2,2,RFOTO-ABC,0.15448668703612048,0.42005968546895284,0.7879205637172704,0.04527310389759045,1.0,0.0,0.0,0.9998882449928346,0.00011175500716550158,1.0070587048481416,0.9999998311733698,0.9994835587215866,0.9976649325217573,0.00041088521304045317,0.92,0.5171735000330955,320,1,0.3713155417587711,0.4109028351400005,0.00011175500716550158,0.0,1.6882663023132238e-07,50,5,4
S2,2,Standard-ABC,0.44917396778995106,1.0853392059746365,3.295096227484885,0.12420582231424943,0.62,0.38,0.3301558009105124,0.9976198715971359,0.002380128402863995,1.0465091183292023,0.9313838090147197,0.40887315197062485,0.324526137785138,0.2714244465515793,0.58,0.5425351000158116,320,1,0.9613695695538362,0.8092708347290152,0.002380128402863995,0.30668998345509924,0.06861619098528027,50,5,4
S2,2,Delay-Greedy,0.16153374817538643,0.44809292185895366,0.82106909970841,0.04231203432236806,1.0,0.0,0.0,0.9996567545029206,0.0003432454970794674,1.012085623295416,0.9999969054791492,0.9987705644155848,0.9875702335545894,0.0017591277459595347,0.96,0.00376029999461025,1,1,0.3952926662511449,0.4176097889003778,0.0003432454970794674,0.0,3.094520850788207e-06,50,5,4
S2,3,RFOTO-ABC,0.269518413649688,0.5351564620466198,1.2833528632674915,0.05681969146030745,0.9,0.1,0.07544470419208223,0.9987728573576976,0.001227142642302339,1.0192836547696769,0.9841517586245853,0.8581092794582595,0.31236803198958973,0.1268993805425489,0.9,0.5877332000527531,320,1,0.5501467650833302,0.6996686407675896,0.001227142642302339,0.09763504611577753,0.01584824137541474,50,5,4
S2,3,Standard-ABC,0.6544422532190415,1.4321346942226354,4.013565813377564,0.11628503578843277,0.5,0.5,0.6220375495335033,0.9979335483534872,0.0020664516465128523,1.0441663717068874,0.8935145010469251,0.2846798756000629,0.1275148803483295,0.3452187951680605,0.62,0.5553162000142038,320,1,1.371328884435524,0.9555006140827933,0.0020664516465128523,0.6075952993019107,0.10648549895307491,50,5,4
S2,3,Delay-Greedy,0.293785878308435,0.5741468306788026,1.437584414618588,0.06026793117469438,0.9,0.1,0.07322903340231413,0.9996910288167649,0.00030897118323509166,1.0084264117806285,0.9844126711372919,0.8739932023257757,0.31236803198958973,0.1258337825187417,0.92,0.002539200009778142,1,1,0.5921578800713623,0.795347818222584,0.00030897118323509166,0.09617736796461429,0.015587328862708083,50,5,4
S2,4,RFOTO-ABC,0.20225880858562448,0.44755654131692757,1.0863714598684726,0.05097307423490369,0.94,0.06,0.0230600348855026,0.998869574996769,0.0011304250032310593,1.0148278755981142,0.9948437607570273,0.952292489896139,0.5059813456574264,0.07199280411640127,0.96,0.5624270999105647,320,1,0.49612021967572945,0.46292453635611125,0.0011304250032310593,0.031162209304733242,0.005156239242972704,50,5,4
S2,4,Standard-ABC,0.5392134868357138,0.9967440007790033,2.9166378147558545,0.15695739632967073,0.5,0.5,0.3403020994861884,0.9987445810112819,0.0012554189887179735,1.0476806809872956,0.9350693420663346,0.4256602847444176,0.38070845215950705,0.2635135748502747,0.6,0.49373450002167374,320,1,1.1355596252311364,1.046388934404079,0.0012554189887179735,0.35349823151809784,0.06493065793366537,50,5,4
S2,4,Delay-Greedy,0.2340928026251457,0.5200729786533769,1.2578028964082413,0.060823264427913595,0.96,0.04,0.0441845262387121,0.9985329845378562,0.0014670154621436481,1.018736710602693,0.9891219737686126,0.9718291027210024,0.4478543344984795,0.10486972420613952,0.96,0.0027482999721542,1,1,0.5592954555008239,0.5161108460828477,0.0014670154621436481,0.05970881924150284,0.01087802623138745,50,5,4
S2,5,RFOTO-ABC,0.1878677530818258,0.5466737558558032,1.1316034057202966,0.07203283307307329,0.96,0.04,0.038179202771527386,0.9978461993059006,0.0021538006940994593,1.0174022416651083,0.9914004730853162,0.9632084077766468,0.3618011967249559,0.09313495715999018,0.96,0.521991099929437,320,1,0.4077620321621197,0.5200575555828538,0.0021538006940994593,0.02479169011138142,0.008599526914683797,50,5,4
S2,5,Standard-ABC,0.5801249638574785,1.2243395588011843,3.344026814971158,0.17634739732089413,0.5,0.5,0.42155409283681733,0.9968683644882408,0.0031316355117592186,1.0731366418834487,0.9186981025208902,0.3679828011273754,0.22449900874075365,0.29748421828476823,0.64,0.5017888000002131,320,1,1.0708227315668126,1.4320869466614272,0.0031316355117592186,0.33913850896937153,0.08130189747910976,50,5,4
S2,5,Delay-Greedy,0.19562121267448035,0.5767356464921313,1.2097634529523682,0.07261495957267078,0.94,0.06,0.041439856946092195,0.9978857420336651,0.0021142579663348425,1.0190683011541806,0.9907904011973071,0.9562382243961163,0.3618011967249559,0.09641163779032942,0.96,0.003336199908517301,1,1,0.42697230099332845,0.5356439767216107,0.0021142579663348425,0.026908998016942985,0.009209598802692898,50,5,4
S2,6,RFOTO-ABC,0.1738683032439716,0.4386056026424567,0.7943857045845026,0.057292123421984205,1.0,0.0,0.0,0.9980706474013732,0.0019293525986266479,1.0037083771651647,0.9998605786380479,0.9972424396613461,0.9158852789179559,0.011808505535343452,0.92,0.5361440000124276,320,1,0.38844644124719946,0.508999394721024,0.0019293525986266479,0.0,0.00013942136195210786,50,5,4
S2,6,Standard-ABC,0.5332323952349527,1.0820431825944907,3.1344964545431226,0.1706429236390063,0.58,0.42,0.39759219408977836,0.9961566571945935,0.0038433428054065245,1.0537611721148996,0.9213054167136366,0.39077828915352447,0.26451689080086144,0.2922608262258619,0.56,0.5535263000056148,320,1,1.0309025311245383,1.1201769738103735,0.0038433428054065245,0.37962944131290494,0.07869458328636336,50,5,4
S2,6,Delay-Greedy,0.19281811240525878,0.5061467573944598,1.0893950630625284,0.063640754465243,0.94,0.06,0.007032852031478649,0.9988325419240996,0.001167458075900325,1.008205613670701,0.9988996523273954,0.9909676733108621,0.7906735205242107,0.03318975401136712,1.0,0.0027140999445691705,1,1,0.42675873713311074,0.5652307236348514,0.001167458075900325,0.003781103242730457,0.0011003476726045847,50,5,4
S2,7,RFOTO-ABC,0.20166667243264794,0.4720087847366626,0.7280274345456342,0.04442430737391866,0.98,0.02,0.04441244749037791,0.9986133466547986,0.0013866533452012587,1.005061290404308,0.9904904109260845,0.9817378896664687,0.3104989917203138,0.0979841292692179,0.96,0.5654389000264928,320,1,0.4226655764159988,0.533745003250014,0.0013866533452012587,0.056939035244074246,0.009509589073915525,50,5,4
S2,7,Standard-ABC,0.4578049613935743,1.0384838287752967,3.4784628330914438,0.11701378131051463,0.62,0.38,0.31422236860831015,0.9939572816583359,0.006042718341664212,1.043151765025709,0.936724414559516,0.35970989577683227,0.3104989917203138,0.2599035228465951,0.58,0.5918282000347972,320,1,0.9646221132422269,0.7926244632852447,0.006042718341664212,0.34822352842330184,0.06327558544048395,50,5,4
S2,7,Delay-Greedy,0.23408536438022157,0.5351675418549906,0.6982240024443812,0.04432114169351628,0.96,0.04,0.09457763478070247,0.9992889598446455,0.0007110401553545476,1.005746241221458,0.980341834473006,0.9826912339710064,0.2850416391998701,0.1416063490870541,0.96,0.0028089999686926603,1,1,0.48752172803342486,0.5253377002050067,0.0007110401553545476,0.12125337792397752,0.019658165526993954,50,5,4
S2,8,RFOTO-ABC,0.21509419857389203,0.5247719751558343,1.2081876296847152,0.06840374305692422,0.96,0.04,0.015072711377576709,0.9987558069749798,0.0012441930250202571,1.0134806133600713,0.9968116848351567,0.9821729129128827,0.6303164452812585,0.05655539790726562,0.98,0.6015051000285894,320,1,0.43744821915385895,0.6849004750163149,0.0012441930250202571,0.009079946612998019,0.003188315164843303,50,5,4
S2,8,Standard-ABC,0.5729510668872971,1.3211522143044858,4.518022058099417,0.10794861353244806,0.56,0.44,0.5279045968380939,0.9968169974498113,0.003183002550188583,1.0385696048082973,0.8948903250430671,0.29593115264781494,0.2735367226890649,0.34271762546460544,0.46,0.5544590000063181,320,1,1.245422840104719,0.8190199190794243,0.003183002550188583,0.48935726898250476,0.10510967495693291,50,5,4
S2,8,Delay-Greedy,0.2540458784765511,0.5341195812230073,1.4446879214941266,0.05968478920755569,0.94,0.06,0.05270844843187559,0.9990194282349774,0.0009805717650226175,1.0133227959824447,0.9878514756768287,0.9529405677849208,0.3638556730248603,0.11089601424765025,0.96,0.003836899995803833,1,1,0.5194841951761769,0.6766344645901473,0.0009805717650226175,0.08264506797001814,0.012148524323171261,50,5,4
S2,9,RFOTO-ABC,0.16118087262270417,0.4455201304214901,0.8350699060253421,0.04407207561826039,1.0,0.0,0.0,0.9996624951798029,0.00033750482019712314,1.011120557078609,0.9999986363025246,0.9978961426292311,0.9940387990477452,0.0011677753784697174,0.94,0.4697143000084907,320,1,0.4095328588096747,0.39153301601083174,0.00033750482019712314,0.0,1.3636974753872266e-06,50,5,4
S2,9,Standard-ABC,0.5766939511890745,1.2300692455958113,3.684492856603375,0.14079905380124322,0.48,0.52,0.4393450878549176,0.9982714237299583,0.0017285762700417128,1.0368641079546725,0.9166149697251821,0.3432561746368663,0.3024116334077691,0.30161335847713205,0.66,0.4994004999753088,320,1,1.234321601778297,0.9605509207440379,0.0017285762700417128,0.4447097713506545,0.08338503027481792,50,5,4
S2,9,Delay-Greedy,0.17551622307461867,0.4530639529306869,0.9684801956415966,0.0470936676599161,1.0,0.0,0.0,0.9993193183895509,0.000680681610449112,1.0091947312674876,0.9999915171078669,0.9972806861547733,0.9802050482844211,0.002912552848091287,1.0,0.0024443999864161015,1,1,0.42344595955749764,0.46344882952889643,0.000680681610449112,0.0,8.482892133065967e-06,50,5,4
S3,0,RFOTO-ABC,0.3392898695030829,0.7695606073215089,1.5213971708104355,0.09375081548316883,0.7,0.3,0.13690537353848303,0.9989951477086634,0.001004852291336662,1.0199947359418853,0.9732732472488486,0.5875466477463042,0.26809547044883575,0.16571266627322062,0.69,0.6828148000640795,320,1,0.7323791218714206,0.8107754208191104,0.001004852291336662,0.12147517016568456,0.02672675275115144,100,5,4
S3,0,Standard-ABC,0.7330964568640124,1.5039885583801669,4.372017174168654,0.1747272532020351,0.29,0.71,0.6296045130684746,0.9982913258461765,0.0017086741538234907,1.0447867503106116,0.895594002986899,0.32143432015548606,0.23720104541827522,0.34143428939079196,0.43,0.6551781999878585,320,1,1.535213884188256,1.1351315978402126,0.0017086741538234907,0.6520824470327462,0.10440599701310105,100,5,4
S3,0,Delay-Greedy,0.400103445572963,0.8647933539435718,2.0429799223511718,0.1072478735798332,0.65,0.35,0.1460176786050579,0.9987458861457074,0.0012541138542927221,1.0152606685881398,0.9738875362005,0.6228576633173393,0.26809547044883575,0.1637455557562995,0.95,0.003961200010962784,1,1,0.792755002401203,1.1180144086760186,0.0012541138542927221,0.12017936532190386,0.026112463799500052,100,5,4
S3,1,RFOTO-ABC,0.302040313261729,0.7632405800977815,1.5448759311440132,0.09249465138826432,0.76,0.24,0.06035241673282541,0.9974744928337728,0.00252550716622715,1.0127920708747988,0.988737532973011,0.7307748796232698,0.4650726358478191,0.1067274802003945,0.7,0.6328726999927312,320,1,0.6659925019819872,0.805530574086734,0.00252550716622715,0.05007252066371315,0.011262467026988965,100,5,4
S3,1,Standard-ABC,0.7075518875457298,1.5136007417591317,4.8492027879039075,0.180946541230955,0.36,0.64,0.6344217223928682,0.9976161304809311,0.002383869519068883,1.0737043500425554,0.8883158168342942,0.2736510045167163,0.20946774726570033,0.3545782878609467,0.39,0.6246704000514001,320,1,1.4691250433762093,1.1524645408635492,0.002383869519068883,0.6006861767739022,0.11168418316570583,100,5,4
S3,1,Delay-Greedy,0.3339377643664444,0.8432192299193016,1.8643913287541536,0.09825576639223571,0.73,0.27,0.11175753145740874,0.9959657087499693,0.0040342912500307545,1.0197273679079877,0.9779398969535662,0.6345333767206469,0.42397905146702103,0.1501923062936149,0.91,0.0039221999468281865,1,1,0.7207610252524363,0.8582453898094543,0.0040342912500307545,0.0835793034997838,0.0220601030464338,100,5,4
S3,2,RFOTO-ABC,0.3143737161145925,0.8429685362528635,1.695000730003551,0.11042328819943567,0.74,0.26,0.09175837846289853,0.9994511135613711,0.0005488864386289217,1.0135465019581402,0.9827356095819658,0.6562447866744765,0.38651622606287933,0.13254314695413047,0.69,0.6862167000072077,320,1,0.7114200437831003,0.7661088190971204,0.0005488864386289217,0.07561178581527417,0.01726439041803418,100,5,4
S3,2,Standard-ABC,0.6982837425159618,1.6151051656150697,4.530073014288736,0.1904961729857414,0.36,0.64,0.6617052874654843,0.9989616884306962,0.001038311569303847,1.0484169363211286,0.8848890122501353,0.29427672103032204,0.16170784705565172,0.3606732963296168,0.38,0.6671909000724554,320,1,1.46632502190184,1.0442253064195746,0.001038311569303847,0.6303775224049004,0.11511098774986472,100,5,4
S3,2,Delay-Greedy,0.3876698104688468,0.9676041679798401,1.9860287503773397,0.1338922887522291,0.57,0.43,0.15604172340860994,0.9982607836078857,0.0017392163921143068,1.029779996802169,0.9707481480594021,0.5320156940222281,0.3817523359285254,0.17358947829491977,0.94,0.00430239993147552,1,1,0.79108346306693,1.0445513106803805,0.0017392163921143068,0.11392250812217893,0.029251851940597873,100,5,4
S3,3,RFOTO-ABC,0.30906122115704726,0.7855696618393239,1.7337441571642336,0.10154816065657489,0.76,0.24,0.09222289394825361,0.9996349863322681,0.0003650136677318372,1.0082206770776616,0.9814689664103134,0.625207171491212,0.4080660911225039,0.13740784725523106,0.63,0.6005518999882042,320,1,0.6762715616175541,0.7866453479928704,0.0003650136677318372,0.07657548312691538,0.018531033589686552,100,5,4
S3,3,Standard-ABC,0.7100455327868505,1.570993850804064,3.80067782920008,0.18805808976195157,0.32,0.68,0.6553894759472065,0.9993317829726098,0.0006682170273902576,1.0581778493576366,0.889818021770836,0.30747602862550377,0.21837658142452263,0.35188818406762734,0.29,0.6443563000066206,320,1,1.475532056137328,1.1200631127477505,0.0006682170273902576,0.625968446802013,0.11018197822916398,100,5,4
S3,3,Delay-Greedy,0.40865510091928914,0.8862701029046017,2.247839805899829,0.11950007492235307,0.68,0.32,0.14037093467776626,0.9991928338094691,0.0008071661905308925,1.01980357321448,0.9731900352427431,0.5964538281861766,0.3972278282235592,0.16597752904454147,0.93,0.004413699964061379,1,1,0.8039099161005793,1.1277741467059637,0.0008071661905308925,0.1373142877462201,0.026809964757256943,100,5,4
S3,4,RFOTO-ABC,0.36010169742755377,0.7693451150685279,1.773279974109427,0.08606738811082935,0.69,0.31,0.1484671230245945,0.9988114503789757,0.0011885496210244462,1.0268371053931402,0.9720013012836525,0.6006886616476889,0.29825941280010354,0.16972096814897755,0.6,0.6382841999875382,320,1,0.8286102834776692,0.7307237824645321,0.0011885496210244462,0.15561217782719836,0.027998698716347525,100,5,4
S3,4,Standard-ABC,0.7030336655206201,1.4418147366097045,3.7363079328318833,0.16310017564434273,0.34,0.66,0.6281377059968682,0.9954368815493079,0.004563118450692052,1.0762369256362776,0.891398855773263,0.2985455033321395,0.23831060900257026,0.349044793582986,0.37,0.6388556999154389,320,1,1.4985001690256818,0.983397348930878,0.004563118450692052,0.6547849024016756,0.10860114422673695,100,5,4
S3,4,Delay-Greedy,0.4247078083400959,0.8600217990441058,1.7703160215184839,0.09421653654737408,0.64,0.36,0.1845432246886023,0.9975355698438539,0.002464430156146001,1.0236229505082406,0.9658895410344761,0.5495444176180663,0.26152637338571344,0.18792304885172165,0.9,0.004445299971848726,1,1,0.871730366455502,1.052356450147058,0.002464430156146001,0.1732491773124159,0.03411045896552389,100,5,4
S3,5,RFOTO-ABC,0.4051712631037824,0.9323146603515766,2.253041019773375,0.12491844549553446,0.68,0.32,0.17089634403161413,0.9992197568983957,0.0007802431016043243,1.0105704801244466,0.9640858936494894,0.49365815183435435,0.3052329891716264,0.19300771446910542,0.61,0.6284761999268085,320,1,0.8992827599958124,0.8629149174740476,0.0007802431016043243,0.18148068364329867,0.03591410635051062,100,5,4
S3,5,Standard-ABC,0.8754593297293344,1.784979076316829,4.868412962073641,0.24388037520096761,0.3,0.7,0.8757673865857245,0.9975258647528565,0.002474135247143566,1.0680867889111458,0.8641295798941961,0.24469059870748594,0.10402901997672169,0.3965272364662383,0.41,0.63438100006897,320,1,1.7273709472681171,1.445980134904305,0.002474135247143566,0.8233767304454405,0.13587042010580386,100,5,4
S3,5,Delay-Greedy,0.521667707289258,1.0529003736283171,2.5531489710656103,0.16348528809552193,0.54,0.46,0.23085862281877642,0.9981963309597092,0.0018036690402908507,1.0167511593003917,0.9564085351414392,0.44075235025332576,0.3052329891716264,0.21349072404401676,0.93,0.0036201999755576253,1,1,0.9965068232409489,1.3973769126567652,0.0018036690402908507,0.22414004417465472,0.0435914648585608,100,5,4
S3,6,RFOTO-ABC,0.3175257950872286,0.8797393585106158,1.966713931526537,0.1140061368118361,0.73,0.27,0.08990660763864958,0.9990552000620261,0.0009447999379739858,1.0150412094763304,0.9841683354612563,0.7006766926650322,0.2648720447781669,0.1268319283396344,0.65,0.6552309000398964,320,1,0.728372086912434,0.7808287723377384,0.0009447999379739858,0.06297899136021187,0.01583166453874374,100,5,4
S3,6,Standard-ABC,0.7220172847582869,1.63883773641779,4.468944525254587,0.18903912876097093,0.38,0.62,0.6524342042806377,0.9976112504888568,0.002388749511143361,1.048686684260958,0.8853255195606216,0.28986990417037295,0.22598785099692897,0.35990004344943943,0.38,0.6290751000633463,320,1,1.439124865486205,1.321113364449824,0.002388749511143361,0.585560567004506,0.11467448043937845,100,5,4
S3,6,Delay-Greedy,0.37637202675338366,0.9762372832597265,2.1003109619393325,0.12150248742631466,0.62,0.38,0.14398016010889594,0.9981344036377345,0.0018655963622655626,1.0194726297608605,0.9745197388478194,0.5651911958310482,0.2648720447781669,0.16169873313787642,0.91,0.004593800054863095,1,1,0.8101338248197464,0.9401865870946631,0.0018655963622655626,0.11446169615586972,0.025480261152180605,100,5,4
S3,7,RFOTO-ABC,0.33194617381570085,0.822638194707269,1.7975866536274865,0.1022953618999486,0.73,0.27,0.11421357330457706,0.9994751258107225,0.0005248741892774955,1.0058000048033353,0.9774758901602448,0.6045638074817336,0.35006158426212103,0.15179965732928788,0.73,0.6487079999642447,320,1,0.7190422372154152,0.8380675700992717,0.0005248741892774955,0.09196755073255018,0.02252410983975517,100,5,4
S3,7,Standard-ABC,0.793014279163222,1.6117849874034682,4.02084459012265,0.20809313504398932,0.35,0.65,0.6985014557724258,0.9972210242622485,0.002778975737751387,1.0446531515181152,0.8804000253380354,0.25902554376281056,0.2164749121013215,0.368574699928488,0.47,0.6620930000208318,320,1,1.5578371181808106,1.397532753770374,0.002778975737751387,0.7017171808224728,0.11959997466196459,100,5,4
S3,7,Delay-Greedy,0.3923980797119047,0.9326316406320729,2.231977898079606,0.1112002195923311,0.59,0.41,0.17440393965413187,0.9980552500102704,0.0019447499897296706,1.0172220975538937,0.9671408631682494,0.5376885119128177,0.27855977923341724,0.18432456124167285,0.97,0.005855600000359118,1,1,0.7927377877130787,1.0378177331547587,0.0019447499897296706,0.13289260915085085,0.03285913683175057,100,5,4
S3,8,RFOTO-ABC,0.35213169491379276,0.8658749649227669,2.0943601763248356,0.10595553714771883,0.76,0.24,0.14076370828180337,0.999429968384014,0.0005700316159860808,1.0257045989561604,0.9697030790856448,0.5453321100252373,0.3832075653018475,0.17675831762400027,0.66,0.6990676999557763,320,1,0.7791450507479671,0.8203873309342634,0.0005700316159860808,0.11851515250524396,0.030296920914355208,100,5,4
S3,8,Standard-ABC,0.7748531818214645,1.6454447275171413,4.818201142116001,0.2082541383530611,0.34,0.66,0.7116672939907464,0.9962110020598122,0.0037889979401876427,1.0978008735440867,0.8806083115160727,0.27499018244406115,0.15574215212169454,0.3682100660753687,0.43,0.6941955999936908,320,1,1.480521531542364,1.5410123256517767,0.0037889979401876427,0.6196175889099211,0.11939168848392734,100,5,4
S3,8,Delay-Greedy,0.3921086468466673,0.9655392638014406,2.4874288853280904,0.10968049549271998,0.71,0.29,0.16067028192365884,0.9980508959957186,0.0019491040042814134,1.0243998293852143,0.965379208324169,0.46469367011921703,0.41333606995446764,0.1893736399483006,0.92,0.004614899982698262,1,1,0.843890789854508,0.9580581167263889,0.0019491040042814134,0.12737716928740433,0.034620791675830986,100,5,4
S3,9,RFOTO-ABC,0.29581665222340414,0.7107215420239608,1.6497219108970245,0.08299081104266998,0.82,0.18,0.07200627950232462,0.9988912820963435,0.0011087179036565354,1.0175137106644705,0.9848857196283308,0.6406617898427082,0.39693028052373003,0.12387989165971287,0.73,0.6004932000068948,320,1,0.6680197509264514,0.7309655271934551,0.0011087179036565354,0.06671199910516548,0.015114280371669175,100,5,4
S3,9,Standard-ABC,0.7558119011820306,1.6231469367749995,4.541234668257059,0.20680115497152723,0.39,0.61,0.7915890105349667,0.9981641595166232,0.001835840483376815,1.070686394909705,0.878143129492248,0.2753108005575684,0.0571744777302777,0.3725137916535255,0.38,0.6692945000249892,320,1,1.5689851997601454,1.0824844291517752,0.001835840483376815,0.7301889527855588,0.12185687050775196,100,5,4
S3,9,Delay-Greedy,0.34849795100545083,0.7483086778126338,1.6252325623624728,0.08495983720058653,0.81,0.19,0.0506872831920305,0.9974433874427433,0.002556612557256741,1.018463073880184,0.99007897410024,0.7377134663535928,0.5520308287543845,0.1001021425042964,0.95,0.004672800074331462,1,1,0.6737525386560982,1.1023534925383562,0.002556612557256741,0.050829264257030146,0.009921025899759961,100,5,4
S5,0,RFOTO-ABC,0.33857909929974705,0.7818715188837875,1.7959821634778612,0.10589956751339984,0.76,0.24,0.12410749788958553,0.9987477847450503,0.0012522152549496882,1.0216086803156559,0.9734810046879862,0.5330904321869019,0.31460247561468513,0.16504972020516798,0.66,1.001934300060384,320,1,0.7485162444294036,0.7835682990119278,0.0012522152549496882,0.11874600397125995,0.02651899531201385,150,8,4
S5,0,Standard-ABC,0.6815532301853982,1.4671476029932031,3.8978708311838957,0.17356114954270419,0.3333333333333333,0.6666666666666666,0.5942479334675852,0.997293480267309,0.0027065197326910278,1.1050781382853523,0.8960781869512383,0.31666227363861416,0.24666131209546513,0.3405496236909628,0.24666666666666667,0.9697315999073908,320,1,1.472316988680641,0.9685160172125628,0.0027065197326910278,0.6082680181180041,0.10392181304876169,150,8,4
S5,0,Delay-Greedy,0.3956886717229984,0.8982805079920831,2.1591099604366377,0.12561235129126572,0.6733333333333333,0.32666666666666666,0.16110561867435155,0.9979033742048532,0.002096625795146921,1.0247442977643497,0.9667574864029922,0.4827452849186474,0.3344061913497782,0.1854334829379279,0.9266666666666666,0.0059766999911516905,1,1,0.8113232116174696,1.020038483114682,0.002096625795146921,0.13778557661139257,0.033242513597007806,150,8,4
S5,1,RFOTO-ABC,0.3338442468291416,0.8026111767793683,1.808922302033924,0.0971352532040235,0.7533333333333333,0.24666666666666667,0.1186293003441822,0.998019299447011,0.001980700552989087,1.0233144690206408,0.9756098393050999,0.5330528470468978,0.33447777495855685,0.15811360656213985,0.7133333333333334,0.9241093000164255,320,1,0.7502825241509969,0.723969649102379,0.001980700552989087,0.1344940168448108,0.024390160694900076,150,8,4
S5,1,Standard-ABC,0.7599373798078042,1.7231251746245517,4.470614011564764,0.18274046772867839,0.32666666666666666,0.6733333333333333,0.7473822555830477,0.9979743179628394,0.0020256820371606114,1.063709176882354,0.8708299140894813,0.29133133619891216,0.20287988140272772,0.38513616768507486,0.3,0.9363432999234647,320,1,1.579951554595155,1.107987697855059,0.0020256820371606114,0.7158827487469867,0.1291700859105187,150,8,4
S5,1,Delay-Greedy,0.35897458960843576,0.8787269539848461,2.060049645206268,0.10306128817210017,0.7133333333333334,0.2866666666666667,0.12098332447793805,0.9973072437877536,0.002692756212246543,1.0236232975630142,0.9759292213954276,0.5518388058721917,0.33447777495855685,0.1570492650120885,0.94,0.00603180006146431,1,1,0.7669177895972151,0.8947735547615857,0.002692756212246543,0.11551976384703584,0.024070778604572407,150,8,4
S5,2,RFOTO-ABC,0.38195712724102826,0.882669507994572,1.7629886523028306,0.10421804610098157,0.64,0.36,0.14031191417296238,0.9977993787991501,0.0022006212008499606,1.0246730413286143,0.97395857642011,0.5722226298619839,0.29470343628270035,0.1635167014547611,0.7,0.9490492000477389,320,1,0.8092192598537642,0.9094681444737849,0.0022006212008499606,0.15554301131746381,0.026041423579890033,150,8,4
S5,2,Standard-ABC,0.8349773130608689,1.8417865597584369,4.951696289508072,0.18842051578763921,0.28,0.72,0.8741672906644056,0.9965437753095322,0.003456224690467762,1.084745278254667,0.8582006151785652,0.27705237390641196,0.11081138868575123,0.40648335138994574,0.30666666666666664,0.9824784999946132,320,1,1.720160132735305,1.1136116736458703,0.003456224690467762,0.863737504675413,0.14179938482143484,150,8,4
S5,2,Delay-Greedy,0.493281705988074,0.9732239915009874,2.027846709500535,0.1244894823064465,0.58,0.42,0.1948594968056757,0.9971062182915182,0.002893781708481807,1.025284929241686,0.9640488211474391,0.5302572860032105,0.26959104233055814,0.19311101826250265,0.9466666666666667,0.0063868999714031816,1,1,0.8728394015524803,1.4846982596674567,0.002893781708481807,0.18558273392101995,0.03595117885256094,150,8,4
S5,3,RFOTO-ABC,0.3132129032479031,0.7385990911570682,1.5291310318367082,0.0965591476378521,0.7466666666666667,0.25333333333333335,0.07456540187008397,0.998545028418732,0.0014549715812680363,1.01790126711214,0.9863028147968339,0.7166050776231914,0.4564924218519882,0.1178448282338467,0.68,0.9412843000609428,320,1,0.695226876879513,0.8115272225480622,0.0014549715812680363,0.06132611419634801,0.013697185203166096,150,8,4
S5,3,Standard-ABC,0.7415995538324838,1.486343071905747,4.174987581142049,0.18914787734418984,0.34,0.66,0.619809365652866,0.9957111175929647,0.004288882407035382,1.1121799448550043,0.8926393260792728,0.30777530098695555,0.19910899074400687,0.34680440602454526,0.32666666666666666,1.0263743000105023,320,1,1.479673500885152,1.3649683696174117,0.004288882407035382,0.5998961823962711,0.10736067392072723,150,8,4
S5,3,Delay-Greedy,0.41098003432690944,0.8493215561864232,2.097292140701698,0.12084117079645658,0.6066666666666667,0.3933333333333333,0.1380866528086689,0.9974704394042277,0.0025295605957723517,1.0230898090226972,0.9737557621677012,0.5478799419526145,0.43737073748234157,0.16416930592952234,0.92,0.0077420000452548265,1,1,0.7882132941407041,1.217712416345201,0.0025295605957723517,0.10730920218381595,0.02624423783229879,150,8,4
S5,4,RFOTO-ABC,0.36991689577943476,0.7925809815737931,1.7908744026347396,0.12351953640535598,0.6733333333333333,0.32666666666666666,0.13205515179076108,0.9995593177764018,0.0004406822235982958,1.007835338119953,0.9742600270867743,0.5609680060891301,0.3905811017148395,0.1625423747986665,0.62,1.0309972000541165,320,1,0.8041044486157898,0.8561305484389198,0.0004406822235982958,0.14608827591178314,0.025739972913225717,150,8,4
S5,4,Standard-ABC,0.8034800922029751,1.6866754226761076,4.031475446321225,0.22473493046331441,0.26,0.74,0.7914716854715171,0.9972181509773048,0.002781849022695188,1.1072210220931833,0.8807844950775376,0.29526271711526053,0.1003989190973938,0.36790148498380304,0.21333333333333335,0.9978255999740213,320,1,1.654194740287318,1.1701910641969517,0.002781849022695188,0.7838562078347779,0.11921550492246236,150,8,4
S5,4,Delay-Greedy,0.43430955826347367,0.8777321042949077,1.9475168233566287,0.12860349866274312,0.6533333333333333,0.3466666666666667,0.1376834519302218,0.997420687418523,0.0025793125814768795,1.0173740471680235,0.9736260083325966,0.5692898817982833,0.3905811017148395,0.16458560529257507,0.8933333333333333,0.00823619996663183,1,1,0.8465494888869273,1.2151535405928429,0.0025793125814768795,0.14370877474563826,0.026373991667403396,150,8,4
S5,5,RFOTO-ABC,0.328059903056977,0.7628473145914014,1.9441998608951256,0.09444015464618748,0.8,0.2,0.12177670064938241,0.9993714509116921,0.0006285490883078393,1.014285351304752,0.973497690052318,0.5130914562704222,0.38316435319095915,0.1649963745947879,0.7333333333333333,0.92813799995929,320,1,0.6746205637160176,0.8727097564180597,0.0006285490883078393,0.09758896942179902,0.02650230994768199,150,8,4
S5,5,Standard-ABC,0.7718178293440265,1.6577777099849136,4.490774561271203,0.16603245447783038,0.35333333333333333,0.6466666666666666,0.7319036126029091,0.9977954646394028,0.002204535360597399,1.0583492144512952,0.8760376633320458,0.28634973484995024,0.11867679928948822,0.37616942040875456,0.2866666666666667,1.013237600098364,320,1,1.6416044603344104,0.984054372552191,0.002204535360597399,0.7790932032211308,0.1239623366679542,150,8,4
S5,5,Delay-Greedy,0.37583985384506235,0.8360806880694374,2.032559560015612,0.10399902586983135,0.6466666666666666,0.35333333333333333,0.1500643956993405,0.9993050525491238,0.0006949474508761918,1.0152704405746498,0.9705853592368673,0.5185468282134804,0.35667862119112237,0.17408642484936898,0.9266666666666666,0.005575799965299666,1,1,0.7357606961001724,1.0577104087726825,0.0006949474508761918,0.11476773159788693,0.029414640763132716,150,8,4
S5,6,RFOTO-ABC,0.31544991879291034,0.853204193022656,1.7226278896040854,0.10331529198621667,0.7333333333333333,0.26666666666666666,0.08641466922022387,0.9978501472704352,0.00214985272956509,1.0227501607227836,0.9831264716698241,0.6486432965118369,0.318605178592426,0.13100813297558486,0.7733333333333333,0.9655401000054553,320,1,0.6963019082951369,0.8156890483961399,0.00214985272956509,0.0642403386570629,0.016873528330175858,150,8,4
S5,6,Standard-ABC,0.7013684974462617,1.5466511708883681,4.043491005825419,0.19351245951175622,0.38,0.62,0.6200389733596261,0.996674947517451,0.003325052482548921,1.0752413897911994,0.8906440471244652,0.3003391821139371,0.14648783445321287,0.35040406023818893,0.3466666666666667,1.0433632000349462,320,1,1.43804111641702,1.177046039316225,0.003325052482548921,0.592931636066932,0.10935595287553479,150,8,4
S5,6,Delay-Greedy,0.404014399277803,0.9478934481733156,2.3679456204089306,0.11535634920552343,0.6933333333333334,0.30666666666666664,0.1750239211877151,0.9973606196844458,0.0026393803155541616,1.0244087376421693,0.9647749159748961,0.5291485455682644,0.22760773945278873,0.19107902526970086,0.9533333333333334,0.006909300107508898,1,1,0.7896786788346746,1.1125833349861607,0.0026393803155541616,0.1355823626173355,0.03522508402510394,150,8,4
S5,7,RFOTO-ABC,0.3628141152464049,0.8746753285497186,2.0707783613632627,0.10662923349469444,0.7533333333333333,0.24666666666666667,0.17492183429021843,0.9980516168210869,0.0019483831789131208,1.0261328109762036,0.964652147394996,0.4611495576825469,0.25158282441685437,0.1914238955243573,0.6933333333333334,0.8715863999677822,320,1,0.7752568391054713,0.8181325921305551,0.0019483831789131208,0.1623526484956826,0.03534785260500395,150,8,4
S5,7,Standard-ABC,0.7813051783470119,1.798630460572995,4.890221093836497,0.1884276175513826,0.29333333333333333,0.7066666666666667,0.815956108761497,0.9991693045829205,0.0008306954170795145,1.0701267030982937,0.8610391173734127,0.2642620969944624,0.2207649651914093,0.40173053295545974,0.18,0.9789358000271022,320,1,1.6527320087757942,0.9912334894223364,0.0008306954170795145,0.7937075250492356,0.13896088262658735,150,8,4
S5,7,Delay-Greedy,0.40431870273955794,0.9403149410853446,2.4018041269524497,0.11125843680261033,0.6733333333333333,0.32666666666666666,0.19205174923816443,0.9984627747274065,0.001537225272593515,1.0176890502598301,0.9611900787890605,0.4545257266970324,0.25158282441685437,0.20094015864576933,0.8933333333333333,0.0064990000100806355,1,1,0.8277394948817007,0.9772997444667272,0.001537225272593515,0.17863973645185643,0.03880992121093951,150,8,4
S5,8,RFOTO-ABC,0.3165886103724061,0.7975463253907653,1.7001023495136984,0.10733035354799488,0.78,0.22,0.11886160439600531,0.9980193901086686,0.001980609891331182,1.0144617001588365,0.9777010885181998,0.5937868523045818,0.20841508744073747,0.1510215010070383,0.66,0.9488037000410259,320,1,0.7126227517021233,0.7276601501519925,0.001980609891331182,0.10217176489416045,0.022298911481800188,150,8,4
S5,8,Standard-ABC,0.7370358878237102,1.6437332833636609,4.577055049030949,0.2160763965623649,0.28,0.72,0.6809700889626435,0.9983014145762361,0.0016985854237637403,1.0677820183132505,0.8885615647626214,0.3070690939392134,0.16801264078555148,0.3541389871279232,0.26666666666666666,0.9500300999497995,320,1,1.5360568045788927,1.126287029044743,0.0016985854237637403,0.6680925998076642,0.11143843523737862,150,8,4
S5,8,Delay-Greedy,0.37332239954627006,0.9002554919324613,2.021731828586309,0.11187586792648165,0.7066666666666667,0.29333333333333333,0.1530791162996402,0.997716052921283,0.002283947078717025,1.012506287540292,0.9703527457236281,0.5387047936056988,0.20841508744073747,0.17479436168919002,0.9,0.006171399960294366,1,1,0.8188582537901685,0.8509669556248435,0.002283947078717025,0.1442356607912089,0.029647254276371937,150,8,4
S5,9,RFOTO-ABC,0.34372714124675435,0.8382811695243687,1.8232560001530012,0.10193992904005926,0.7133333333333334,0.2866666666666667,0.1236329543290384,0.9988123251470309,0.0011876748529692982,1.0147655350886928,0.9751035068757833,0.5549751473380022,0.4162066116346162,0.1597878412970149,0.6866666666666666,0.9981373000191525,320,1,0.7610910313566919,0.818704658454076,0.0011876748529692982,0.10670670280097427,0.024896493124216712,150,8,4
S5,9,Standard-ABC,0.6881945827431366,1.5578998985406296,4.64945956716703,0.1657919822012844,0.3333333333333333,0.6666666666666666,0.661503776998271,0.9982932012403076,0.0017067987596924954,1.0470980448653178,0.8858430586181122,0.2899813496097844,0.21961681263559177,0.3589820793907636,0.24666666666666667,1.0470268999924883,320,1,1.476577782534124,0.9714409534018197,0.0017067987596924954,0.6234763725604441,0.11415694138188781,150,8,4
S5,9,Delay-Greedy,0.46790142677729823,0.9947328242626118,2.3060372055474003,0.1262983577041388,0.56,0.44,0.2380863726968091,0.9974718595397482,0.0025281404602519827,1.0242724513927355,0.9549881227973653,0.4913555617257915,0.2750730361059977,0.2171023765453727,0.9466666666666667,0.007633900037035346,1,1,0.9145379336685631,1.202393253281169,0.0025281404602519827,0.20660218278214618,0.045011877202634665,150,8,4
S6,0,RFOTO-ABC,0.3277631421829538,0.787172374850628,1.9536234955840814,0.09832527988913987,0.785,0.215,0.11863629508959757,0.9994546507659785,0.0005453492340214666,1.0147825093063283,0.9754395460129323,0.5803594823745243,0.2845073104566541,0.1586784742008651,0.685,1.160670799901709,320,1,0.7357203999775911,0.726860224458635,0.0005453492340214666,0.12404348229958528,0.024560453987067743,200,10,4
S6,0,Standard-ABC,0.685692323594931,1.5720530406363076,4.289145877948314,0.179440312233629,0.32,0.68,0.6242459538825799,0.9991780973504945,0.0008219026495056392,1.0605024620729169,0.8942073766662525,0.31128283984170807,0.1930072579885142,0.34396049803794093,0.195,1.2101558999856934,320,1,1.4938466654378029,0.9201621795008842,0.0008219026495056392,0.6326922251215381,0.1057926233337475,200,10,4
S6,0,Delay-Greedy,0.3660408526757578,0.8378058016116333,2.0551048344161793,0.10497085538314196,0.76,0.24,0.11263908369523346,0.9983537902210305,0.0016462097789695024,1.0231463295189642,0.9772681381076219,0.5911427389127369,0.2845073104566541,0.15251432415569785,0.91,0.009755300008691847,1,1,0.768312211871713,0.9441751469061263,0.0016462097789695024,0.1143900257290401,0.02273186189237808,200,10,4
S6,1,RFOTO-ABC,0.36616342415741604,0.868814729109923,2.052348779425466,0.1063770318614239,0.75,0.25,0.14175921225602092,0.9987491342810896,0.0012508657189105343,1.0205539814033262,0.9712692513194294,0.500241948921052,0.26687294352453855,0.17199018024276597,0.725,1.244600500096567,320,1,0.802070826175759,0.7815447935310386,0.0012508657189105343,0.17541685255181125,0.028730748680570573,200,10,4
S6,1,Standard-ABC,0.7477361012059519,1.7963546370768477,4.36302788245072,0.20537041779283322,0.285,0.715,0.7933027514813188,0.997277532421111,0.0027224675788890896,1.0911305375760176,0.8721831032010071,0.2791598603745291,0.0813056290661633,0.38281619321012417,0.24,1.098609600099735,320,1,1.5800684687681823,1.0392445724524904,0.0027224675788890896,0.7084610804416243,0.12781689679899289,200,10,4
S6,1,Delay-Greedy,0.3860298322140108,0.9178811570052577,2.050469093268467,0.10774562761596297,0.695,0.305,0.15015249019406876,0.9983058197897361,0.001694180210263912,1.024039035095586,0.9701151528084544,0.5043884400420755,0.26687294352453855,0.17551485341402098,0.895,0.007271299953572452,1,1,0.8158062787980707,0.8984009759544566,0.001694180210263912,0.1699862120021604,0.029884847191545605,200,10,4
S6,2,RFOTO-ABC,0.4225112839328289,0.9956886500527711,2.306197420755068,0.11665199604163703,0.675,0.325,0.2163574977905887,0.9989251310600263,0.0010748689399736593,1.018451140122761,0.957705552968608,0.4568160532018062,0.20960873208927253,0.21014819922170505,0.63,1.1767229000106454,320,1,0.9015742190295017,0.9054321506686653,0.0010748689399736593,0.21897506292980057,0.04229444703139196,200,10,4
S6,2,Standard-ABC,0.8631289792460296,1.8985839115185192,4.8490976801669365,0.2351028079953581,0.275,0.725,0.8582176430992079,0.998632895722485,0.0013671042775149245,1.0829601357513239,0.8656182719227833,0.28283118073838115,0.08005789222936037,0.3940096904646985,0.205,1.270377300097607,320,1,1.745995775023619,1.273167402075419,0.0013671042775149245,0.8608969804469062,0.1343817280772167,200,10,4
S6,2,Delay-Greedy,0.49827057214483955,1.1222221992361134,2.891470922429575,0.13126306237394922,0.56,0.44,0.2805131136390004,0.9975085742907219,0.0024914257092778763,1.0200832979740238,0.9471333933177031,0.44389879691356193,0.20960873208927253,0.2362572493256645,0.87,0.008083099965006113,1,1,0.9816682222988385,1.2191423287506011,0.0024914257092778763,0.24621556445335846,0.052866606682296924,200,10,4
S6,3,RFOTO-ABC,0.3626643380246459,0.8237261867996214,1.724341761531294,0.10559550743925211,0.72,0.28,0.1370413773110214,0.9993798292582368,0.0006201707417632818,1.0112389193116342,0.9727434304601785,0.5539846123984806,0.29450745213907015,0.16739267303470773,0.655,1.1350709999678656,320,1,0.7860842214438559,0.8448313984924399,0.0006201707417632818,0.14082421324196032,0.027256569539821474,200,10,4
S6,3,Standard-ABC,0.7833497250281943,1.6458483115305926,4.073617759392572,0.17348818136743818,0.28,0.72,0.7555922932823417,0.996775211267039,0.003224788732960902,1.09174776878815,0.8777790256328677,0.2767588397086552,0.19974975056955607,0.3731472722385423,0.215,1.1950511999893934,320,1,1.646843406837737,1.0620186150373447,0.003224788732960902,0.7734319086459851,0.1222209743671323,200,10,4
S6,3,Delay-Greedy,0.4244649724460805,0.9622727558507583,2.1688915152887107,0.11697505934205137,0.59,0.41,0.19443914663825324,0.9979748377244456,0.002025162275554303,1.0266735397857603,0.9625793763330176,0.5007734650647107,0.29450745213907015,0.19716836468975454,0.905,0.008598399930633605,1,1,0.8902632667034246,1.0124502914997953,0.002025162275554303,0.1760539441603875,0.0374206236669824,200,10,4
S6,4,RFOTO-ABC,0.37320555378947745,0.8599398764559547,1.8761897385227992,0.10711982230574044,0.665,0.335,0.14682923693946426,0.9983749293115823,0.001625070688417713,1.0263537634476267,0.9718850590073324,0.5491957065436268,0.22744868165369506,0.1700830892179853,0.63,1.2458206000737846,320,1,0.8071492001386542,0.8630599390612044,0.001625070688417713,0.14966803043619833,0.028114940992667647,200,10,4
S6,4,Standard-ABC,0.7734002956184911,1.6193136424995356,4.560880463481081,0.16658709253956824,0.285,0.715,0.7036809975448537,0.9967917949054246,0.0032082050945755804,1.1199415305299303,0.8836914745671977,0.282160319201946,0.19303142052963052,0.36279011252841253,0.17,1.2479450999526307,320,1,1.6617386067316544,0.9944579978303516,0.0032082050945755804,0.7628360977087574,0.11630852543280235,200,10,4
S6,4,Delay-Greedy,0.5222011594108438,1.026174917596973,2.0405273195194926,0.1435986916977162,0.5,0.5,0.24919480825438328,0.996469731547646,0.003530268452353974,1.0349045736860072,0.9556283619656998,0.48672282600004607,0.22534600218639125,0.2154806194951237,0.935,0.007212200085632503,1,1,0.9364834013681614,1.5069040077068632,0.003530268452353974,0.21873163406863244,0.04437163803430022,200,10,4
S6,5,RFOTO-ABC,0.33911896170332745,0.8460460761798054,1.860884083849457,0.11354512524388997,0.71,0.29,0.12388065037768292,0.9982874278150365,0.0017125721849633735,1.0209816417101656,0.9751006722626812,0.5588096606520677,0.4002496009028783,0.15979716969816712,0.655,1.1758774999761954,320,1,0.7449459431585048,0.8374738693363711,0.0017125721849633735,0.09273592766262032,0.024899327737318844,200,10,4
S6,5,Standard-ABC,0.7453754498422693,1.7003963267903268,4.529260468712598,0.19685015815728316,0.29,0.71,0.705500257649279,0.9975773278458591,0.0024226721541408653,1.0902658324188539,0.8834186950037497,0.3061278407507001,0.20267992273652474,0.36327136301910073,0.275,1.3148707000073045,320,1,1.5624677135579987,1.103773007169706,0.0024226721541408653,0.6848833607881921,0.1165813049962503,200,10,4
S6,5,Delay-Greedy,0.4490752864570146,0.9614615240532742,2.1586960304372695,0.13524732203044346,0.605,0.395,0.16325420975681296,0.997393374540736,0.0026066254592640725,1.0239841446838844,0.9693713954541343,0.5471361679484896,0.31242978874594096,0.17775364093425836,0.92,0.010438899975270033,1,1,0.8219487131013339,1.3918144046914984,0.0026066254592640725,0.11880132681689504,0.03062860454586569,200,10,4
S6,6,RFOTO-ABC,0.39892323599259716,0.8746655780836556,2.3751653042304333,0.09979451084877557,0.725,0.275,0.19597228375175887,0.9977286902375222,0.002271309762477743,1.02931633392123,0.9613089493289874,0.440902424850849,0.2040815722257767,0.2006197888372087,0.645,1.225267400033772,320,1,0.8588522745094201,0.8038432176068602,0.002271309762477743,0.22950306068426274,0.03869105067101264,200,10,4
S6,6,Standard-ABC,0.7810361169589266,1.7337104730807587,4.554940343119374,0.1887168024653557,0.28,0.72,0.7790065964458123,0.9984144761948707,0.0015855238051291649,1.0836622812391785,0.8754488735949056,0.2891383135761653,0.15108304046560625,0.37718849344400657,0.205,1.3083673999644816,320,1,1.6381454197346943,1.06461334851197,0.0015855238051291649,0.7712319441066702,0.12455112640509436,200,10,4
S6,6,Delay-Greedy,0.4526743037501503,0.9717833003930108,2.4019860966805666,0.12185324273168158,0.62,0.38,0.21241078933191113,0.9970663484432062,0.002933651556793801,1.0288372863728097,0.9593659366013089,0.48211165841282916,0.2040815722257767,0.20580360589825125,0.895,0.008515800000168383,1,1,0.9208457145253057,1.0393469812437441,0.002933651556793801,0.23951595244439924,0.040634063398691134,200,10,4
S6,7,RFOTO-ABC,0.37418295054770495,0.8769342798012432,1.9597522653165322,0.10631660693618636,0.715,0.285,0.15256307406536224,0.9993674065445642,0.0006325934554357148,1.0130065532414028,0.971184174367936,0.5708361970581094,0.21238171955903817,0.17225218330540815,0.67,1.14615349995438,320,1,0.8195563221316517,0.8319225173104843,0.0006325934554357148,0.16022639952929052,0.028815825632063974,200,10,4
S6,7,Standard-ABC,0.7857498278354222,1.7926441694995408,4.7168119105690645,0.1896768041288808,0.285,0.715,0.790516848097896,0.9973534684555746,0.002646531544425359,1.1028393964319607,0.8707285043901855,0.2896238626528292,0.10062507565831165,0.3853097562976381,0.24,1.2844124999828637,320,1,1.6353442826646973,1.1168749613035949,0.002646531544425359,0.7578499292934061,0.12927149560981455,200,10,4
S6,7,Delay-Greedy,0.4626809021800476,1.0074102072679911,2.156976014243952,0.12297825504108163,0.61,0.39,0.2162375949709313,0.9969837614105757,0.003016238589424281,1.0268776486617586,0.9605137384907052,0.5105575575116006,0.15423215396960596,0.20275483441897804,0.89,0.00973869999870658,1,1,0.9100002984751554,1.1909535575015697,0.003016238589424281,0.2000464279669769,0.039486261509294796,200,10,4
S6,8,RFOTO-ABC,0.3633924717135306,0.8810834633052488,2.065274267100189,0.11504136476155231,0.63,0.37,0.1827071484491775,0.998782637275161,0.0012173627248390979,1.017845087646767,0.9655039313186501,0.48876509107107036,0.2633101847443942,0.18902000864329177,0.605,1.2234648000448942,320,1,0.8210451475384914,0.7641009867267918,0.0012173627248390979,0.1523926158908747,0.03449606868134991,200,10,4
S6,8,Standard-ABC,0.7330913041610724,1.6325196310414372,4.146014764445886,0.18577525910275167,0.315,0.685,0.7329315871944189,0.9976923709174506,0.0023076290825495833,1.0975415985623005,0.8752795800286269,0.28683499533979806,0.19031237608426838,0.37748124952899437,0.225,1.2477270999224856,320,1,1.5722544276170742,0.9562506625906725,0.0023076290825495833,0.7096820362239482,0.12472041997137306,200,10,4
S6,8,Delay-Greedy,0.4817327483145174,1.0433698122913777,2.3677772532212846,0.15377840243439322,0.585,0.415,0.27950790775104734,0.9973938671721589,0.002606132827840948,1.0313739697692363,0.9466734726017542,0.4475119201702836,0.151991179032133,0.23734033332061938,0.895,0.009554999996908009,1,1,0.928610738355039,1.2401743353498162,0.002606132827840948,0.22013483099192044,0.05332652739824584,200,10,4
S6,9,RFOTO-ABC,0.392796800329139,0.9411509151171292,2.467295572670037,0.11795848173870041,0.66,0.34,0.21077669968052234,0.9979660117231463,0.0020339882768538016,1.0233967650284517,0.9588223492490126,0.4959291197555226,0.1934946361382368,0.2072343334985742,0.575,1.179335099994205,320,1,0.8426365404092703,0.8520868354271538,0.0020339882768538016,0.19096477857891803,0.04117765075098745,200,10,4
S6,9,Standard-ABC,0.7129616817187475,1.6599747712531434,4.6659462102427245,0.18533901275666723,0.32,0.68,0.6822399815282324,0.9984039359541752,0.0015960640458247677,1.0953172492309453,0.8828120820945955,0.28399007950868116,0.1834382723306859,0.36434036154354615,0.235,1.2670862999511883,320,1,1.4998525578741129,1.0961717134983786,0.0015960640458247677,0.6227015389219479,0.1171879179054045,200,10,4
S6,9,Delay-Greedy,0.46899497673224333,1.0564629939309886,2.370202227932749,0.13953218920524477,0.54,0.46,0.24737620891664377,0.9973192034762104,0.0026807965237897295,1.0316297796517344,0.9552609090351437,0.47326161391706967,0.1934946361382368,0.21641261598510717,0.87,0.00805260008201003,1,1,0.923385577249004,1.198517687399317,0.0026807965237897295,0.20449562544243371,0.04473909096485629,200,10,4
