scenario,run,algorithm,objective,delay_mean_s,delay_p95_s,energy_mean_j,success_rate,violation_rate,violation_mean,reliability_mean,link_failure_rate,attempts_mean,jain,utility_p05,utility_min,utility_cv,offload_rate,runtime_s,evaluations,feasible,t_hat,e_hat,r_hat,v_hat,fairness_loss,bandwidth_scale,cpu_scale
S3,0,RFOTO-ABC,0.5533812020694118,1.378083469082892,2.7093260384618363,0.1648709089104286,0.35,0.65,0.4766173988593863,0.9994131627319177,0.0005868372680822853,1.0082384243833056,0.919611211080362,0.37707300582466685,0.21709136599337844,0.2956620708261913,0.52,0.4986263000173494,280,1,1.1590989592379668,1.0977012384911988,0.0005868372680822853,0.3471023627787124,0.08038878891963797,0.5,0.5
S3,1,RFOTO-ABC,0.4687279490607705,1.0498724708614284,2.3000837472776863,0.14528955468221955,0.48,0.52,0.27854054800489814,0.9996090549242629,0.00039094507573711137,1.0092431487590634,0.9490115147760773,0.4849554766059276,0.31958408901372876,0.23179299874165188,0.47,0.5431477999081835,280,1,1.031583190216795,0.9732544253326705,0.00039094507573711137,0.22847010363174106,0.05098848522392274,0.5,0.5
S3,2,RFOTO-ABC,0.5050737677485269,1.1880933635442543,2.9397184246622055,0.1398029810387505,0.49,0.51,0.3435578124945588,0.999081269230044,0.0009187307699559011,1.0127350450430728,0.9357309730033002,0.4045664081902789,0.2960964668047695,0.26207485849120454,0.46,0.5692863999865949,280,1,1.0765174919363705,1.0144313736435961,0.0009187307699559011,0.2958223540575948,0.06426902699669979,0.5,0.5
S3,3,RFOTO-ABC,0.45881996437379136,0.9995102829797514,2.0743053404377307,0.128238637933721,0.43,0.57,0.2268825429659241,0.99932447645093,0.0006755235490700173,1.0102722733048388,0.9620571188774734,0.538518728638285,0.3146223577246927,0.1985933600438892,0.53,0.5308626999612898,280,1,1.0385185556308882,0.9389331717746349,0.0006755235490700173,0.21009525128672435,0.03794288112252664,0.5,0.5
S3,4,RFOTO-ABC,0.46616727618133935,1.1501665743772698,2.5452898152741614,0.1321439577554155,0.41,0.59,0.28274312816689556,0.9990856324569866,0.0009143675430134535,1.0103186295949704,0.9525732593717867,0.48370759615140635,0.35361398007349587,0.2231323023347921,0.54,0.5012926000636071,280,1,1.0084594259728485,1.00078816838764,0.0009143675430134535,0.22654923930858611,0.04742674062821328,0.5,0.5
S3,5,RFOTO-ABC,0.45415363159185046,0.9179812556562905,1.9940921030744903,0.1200522474691044,0.47,0.53,0.21305044261558714,0.9994808361054258,0.0005191638945739973,1.0273213732424105,0.9621955616662843,0.5053900156361367,0.37098249497974883,0.1982164621429961,0.45,0.5629497000481933,280,1,0.9945347922089415,0.9826109712497627,0.0005191638945739973,0.2094151572927141,0.03780443833371572,0.5,0.5
S3,6,RFOTO-ABC,0.4583349432735848,1.247276508735655,2.463400292435051,0.164961829739219,0.48,0.52,0.3083241138054486,0.9998479968526532,0.00015200314734674535,1.0151916065666746,0.9451922521361622,0.48987744868361804,0.3215072885602193,0.24080245029880243,0.5,0.516829900094308,280,1,1.0166519151353697,0.9374359431754055,0.00015200314734674535,0.2212200408175462,0.0548077478638378,0.5,0.5
S3,7,RFOTO-ABC,0.44078064554021495,1.2427711552603211,2.9248823500999963,0.13216759432794972,0.4,0.6,0.34057923295402454,0.9991408448152191,0.0008591551847809742,1.0139322801137711,0.942739930396551,0.45702628995610844,0.2959343269603696,0.24645065949047917,0.56,0.5183733000885695,280,1,1.0109529927625136,0.7959139916188004,0.0008591551847809742,0.239577828517172,0.05726006960344898,0.5,0.5
S3,0,RFOTO-ABC,0.5227089040658405,1.2449792660224044,2.6496570869787526,0.1723047158799806,0.4,0.6,0.3813194071744266,0.9990374992721434,0.00096250072785663,1.010118607306565,0.9333607195731545,0.42118379372467035,0.21709136599337844,0.2672024215187993,0.6,0.47176060010679066,280,1,1.0574639962835704,1.1827752311980615,0.00096250072785663,0.28295291242256193,0.06663928042684553,0.5,0.75
S3,1,RFOTO-ABC,0.4463321573316202,0.9311813019623328,1.8099754842140185,0.13798912072469818,0.55,0.45,0.20997838884072764,0.9997261264566947,0.00027387354330526303,1.0083634940079584,0.9619543378085832,0.5184458371935631,0.31958408901372876,0.19887278016564347,0.51,0.5481831000652164,280,1,0.9711503523520287,0.9816769342905287,0.00027387354330526303,0.20212562025064043,0.03804566219141681,0.5,0.75
S3,2,RFOTO-ABC,0.47720777757618227,1.1182335040448763,2.764538537905301,0.1359725962079893,0.54,0.46,0.3147086950247778,0.9991157239821546,0.0008842760178452869,1.009701349336869,0.9395651479883296,0.4205271303320502,0.2567412015641857,0.2536181218539184,0.47,0.5534318999852985,280,1,1.0062988509022226,0.9959044140050003,0.0008842760178452869,0.2680212789782278,0.060434852011670426,0.5,0.75
S3,3,RFOTO-ABC,0.4279921608010176,0.9029343924570409,2.0303489322019472,0.12898065992810326,0.52,0.48,0.1787659806977352,0.9990408990430647,0.0009591009569352271,1.0089688453490815,0.9697459038970824,0.5657005822084424,0.3146223577246927,0.17662944899160088,0.55,0.5211864999728277,280,1,0.9513898520497315,0.9413668718733328,0.0009591009569352271,0.17683892960304068,0.030254096102917627,0.5,0.75
S3,4,RFOTO-ABC,0.4296490886077774,1.0251764232527578,2.2776017233967005,0.13844585407463483,0.52,0.48,0.20277962612989583,0.9994110236812126,0.0005889763187873243,1.0093566150678173,0.9652046424806533,0.5611260717234657,0.39303783816669724,0.18986763923899022,0.6,0.47636540001258254,280,1,0.8922564958971292,1.068640347349436,0.0005889763187873243,0.1638072545576807,0.034795357519346704,0.5,0.75
S3,5,RFOTO-ABC,0.45508143187062466,0.8404344178184283,1.8253925272129194,0.12402641905873357,0.59,0.41,0.17555320644539152,0.9995641905838211,0.0004358094161790027,1.0244697363937776,0.9671229159940373,0.5053900156361367,0.37098249497974883,0.18437660278441406,0.49,0.572216400061734,280,1,0.9625140030494758,1.0526287808041586,0.0004358094161790027,0.20615955801400707,0.032877084005962676,0.5,0.75
S3,6,RFOTO-ABC,0.42963977177590756,1.134262105468425,2.1828627226145185,0.16561486739719608,0.51,0.49,0.2542688009759391,0.9998373726594383,0.00016262734056167515,1.014201653815905,0.955175621556743,0.5442831761318528,0.3215072885602193,0.2166284654319369,0.53,0.5208854000084102,280,1,0.9299007815589058,0.9606443880532298,0.00016262734056167515,0.18524694377438283,0.04482437844325704,0.5,0.75
S3,7,RFOTO-ABC,0.4058934917188966,1.0987826153201052,2.272291620582938,0.12966706339584236,0.48,0.52,0.2591181108654107,0.9991907855086488,0.0008092144913511701,1.0119302929283422,0.9531366799278314,0.4839897850465934,0.2959343269603696,0.22173739198185988,0.59,0.5390052000293508,280,1,0.9089798881814977,0.8313440819639165,0.0008092144913511701,0.1870222658793566,0.046863320072168646,0.5,0.75
S3,0,RFOTO-ABC,0.512119910951862,1.1663815345156074,2.60835462471479,0.17774290557641773,0.48,0.52,0.3394197853048281,0.9987595279736076,0.0012404720263924217,1.0095255614991676,0.9355613597925815,0.42118379372467035,0.21709136599337844,0.262444239946302,0.62,0.47823639994021505,280,1,0.9948380806847715,1.2615620406572159,0.0012404720263924217,0.25704877698278217,0.06443864020741852,0.5,1.0
S3,1,RFOTO-ABC,0.4399743425862943,0.8774947033655474,1.7066175383077324,0.1408674651744115,0.62,0.38,0.1856742581937949,0.9996848550513391,0.00031514494866089816,1.0090514887832287,0.9648202579671485,0.5184458371935631,0.31958408901372876,0.19095151942469182,0.54,0.5396452000131831,280,1,0.9248377318295434,1.045939361204156,0.00031514494866089816,0.18613606061450047,0.03517974203285146,0.5,1.0
S3,2,RFOTO-ABC,0.46832893183491375,1.0579082681062573,2.580667265818534,0.1356644502388709,0.57,0.43,0.3044143160515229,0.9991152726951543,0.0008847273048458226,1.0095038566524153,0.9402376672543019,0.4205271303320502,0.2567412015641857,0.2521128302078092,0.47,0.563387000001967,280,1,0.9713120514820849,0.9988146131755333,0.0008847273048458226,0.26614972646095464,0.05976233274569809,0.5,1.0
S3,3,RFOTO-ABC,0.4169965505881615,0.8483308989812879,1.9005103914293588,0.12718573455172172,0.58,0.42,0.17385197105949815,0.9990662395972977,0.0009337604027021839,1.0077845269218515,0.9689145186608399,0.5632965454179614,0.2843459549226527,0.1791166946962987,0.57,0.505848899949342,280,1,0.9104699140638435,0.9442879167334053,0.0009337604027021839,0.1715452411231017,0.031085481339160115,0.5,1.0
S3,4,RFOTO-ABC,0.40912824464381026,0.9311782100276677,2.086310218719553,0.14113147987514787,0.58,0.42,0.15104518381722912,0.9990268167506691,0.00097318324933107,1.0084262600003022,0.972828799469393,0.5948107580149087,0.46706725695913287,0.16712299283911847,0.64,0.464050899958238,280,1,0.828294886907879,1.0995621537981815,0.00097318324933107,0.13139953247062425,0.027171200530606954,0.5,1.0
S3,5,RFOTO-ABC,0.4320544417460727,0.7952907691836242,1.673504098431803,0.12226765362810246,0.63,0.37,0.1741583603304816,0.9995412324181673,0.0004587675818325732,1.0221476307065724,0.9659969912205034,0.5053900156361367,0.36402856783224974,0.18761639503406521,0.51,0.5560242000501603,280,1,0.8948771814262645,1.0500658899667925,0.0004587675818325732,0.18253223224478665,0.03400300877949658,0.5,1.0
S3,6,RFOTO-ABC,0.40564436160232636,1.0425594614761615,2.146594094781397,0.16270155800868508,0.56,0.44,0.1882828822765063,0.9998375450176243,0.0001624549823756316,1.013204476633351,0.9660102715112346,0.5679405699702771,0.33705983750677604,0.18757846413074186,0.57,0.5204908999148756,280,1,0.8688465122718576,0.9808739986145076,0.0001624549823756316,0.1446827338895836,0.03398972848876536,0.5,1.0
S3,7,RFOTO-ABC,0.38546022529452506,1.0344702455942867,2.203198184953288,0.12742547690441547,0.58,0.42,0.22030473737769873,0.9992331775898614,0.0007668224101385901,1.011440322735986,0.9581925095830998,0.495569140421191,0.2959343269603696,0.2088818300048971,0.61,0.5225049000000581,280,1,0.8437173277991575,0.8507404024040658,0.0007668224101385901,0.1619813797582521,0.04180749041690024,0.5,1.0
S3,0,RFOTO-ABC,0.4971683157634526,1.1149532948212315,2.60835462471479,0.17684703357964168,0.56,0.44,0.32247990322920494,0.9987599828199311,0.0012400171800688298,1.0094689579963534,0.9368154369502453,0.42118379372467035,0.21709136599337844,0.2597039014856176,0.62,0.46493199991527945,280,1,0.9585254602163132,1.240138853432325,0.0012400171800688298,0.2471617392041943,0.06318456304975473,0.5,1.25
S3,1,RFOTO-ABC,0.4303659812441542,0.8487661207148365,1.6535477453781384,0.14268990471931897,0.64,0.36,0.16766252868155035,0.9996922324706011,0.00030776752939885133,1.008472164146416,0.9679397806120178,0.5184458371935631,0.31958408901372876,0.18199484026234997,0.57,0.588057899964042,280,1,0.892378655226052,1.0611297020420432,0.00030776752939885133,0.17292510286903057,0.0320602193879822,0.5,1.25
S3,2,RFOTO-ABC,0.46207036798840123,1.0242317095407523,2.7474041472960495,0.13987814699107548,0.61,0.39,0.27766126999688834,0.9991335378278025,0.0008664621721975662,1.00968801517633,0.9448431545192087,0.4205271303320502,0.2567412015641857,0.24161275064838847,0.51,0.5668579000048339,280,1,0.9346131582521724,1.0711316727532443,0.0008664621721975662,0.2372020330232532,0.05515684548079125,0.5,1.25
S3,3,RFOTO-ABC,0.4004619120928463,0.8004597239246266,1.8456026844253324,0.127196155887372,0.63,0.37,0.13119963153927836,0.9990729599265591,0.000927040073441019,1.0080448369236086,0.9759603816129322,0.6127107843320925,0.3146223577246927,0.15694507450506856,0.59,0.5143162000458688,280,1,0.8717732380635904,0.9510222217438077,0.000927040073441019,0.14429567417051706,0.024039618387067807,0.5,1.25
S3,4,RFOTO-ABC,0.40282996188764386,0.9055799828446512,2.0595327794546363,0.1416605437860153,0.66,0.34,0.1455503320922755,0.9990407803661302,0.0009592196338699732,1.0086113721442527,0.971679543803416,0.5763105996154868,0.360445016359164,0.1707216472453694,0.65,0.4699547999771312,280,1,0.7934094821905073,1.124367382678253,0.0009592196338699732,0.1255302863280699,0.028320456196583965,0.5,1.25
S3,5,RFOTO-ABC,0.4208499774865719,0.7651443761808742,1.4806861707902326,0.12470398736122018,0.68,0.32,0.1456000959438561,0.9994352230862504,0.0005647769137494051,1.0243782686148821,0.9707842932629099,0.5237969340142612,0.37098249497974883,0.17347896711088928,0.56,0.5643458999693394,280,1,0.8361553952767141,1.1450918819044942,0.0005647769137494051,0.14220813995362314,0.029215706737090064,0.5,1.25
S3,6,RFOTO-ABC,0.39784060919246966,0.9837960881381228,2.0843120486160025,0.16462830761962724,0.62,0.38,0.1626913737110069,0.9998264498800432,0.00017355011995683566,1.0139312597836723,0.9696770176919464,0.5679405699702771,0.3215072885602193,0.17683670129898613,0.61,0.5336519000120461,280,1,0.8356510171381946,1.0144708497828927,0.00017355011995683566,0.12869628028115107,0.030322982308053636,0.5,1.25
S3,7,RFOTO-ABC,0.37751702354749905,0.9702644811050475,2.2096311327689726,0.13334137391662731,0.63,0.37,0.17108654671675075,0.9989415890526727,0.0010584109473272519,1.0128643733823313,0.9669688791487452,0.544359394415478,0.2959343269603696,0.1848227411007779,0.66,0.5108571000164375,280,1,0.7940649230169649,0.9418501025672077,0.0010584109473272519,0.1302277083640921,0.033031120851254814,0.5,1.25
S3,0,RFOTO-ABC,0.4926992751032392,1.0777200728507395,2.60835462471479,0.18027332551556843,0.6,0.4,0.3040987851282621,0.9990890680322033,0.0009109319677966455,1.0101452580577424,0.9402579855610171,0.42118379372467035,0.21709136599337844,0.25206724571191547,0.64,0.4997930999379605,280,1,0.9312748885313723,1.2774123532962733,0.0009109319677966455,0.23650084566619328,0.05974201443898286,0.5,1.5
S3,1,RFOTO-ABC,0.4179130268990355,0.8266973562865936,1.6535477453781384,0.13871445550408226,0.68,0.32,0.1681153897423014,0.9996885908604785,0.0003114091395216845,1.0084944806046419,0.9671448201882826,0.5184458371935631,0.31958408901372876,0.18431308532673196,0.57,0.5757288999157026,280,1,0.8759792902849465,1.0041459072252137,0.0003114091395216845,0.17322303777741943,0.03285517981171737,0.5,1.5
S3,2,RFOTO-ABC,0.4600328224610953,0.9913474257140148,2.5099343942031473,0.14409505892679492,0.62,0.38,0.27317260948690997,0.9982927592567351,0.0017072407432648174,1.0126374136976717,0.943966278226821,0.42072401890741556,0.2960964668047695,0.24363882404507747,0.51,0.5818453999236226,280,1,0.9220769254865989,1.0633605500081493,0.0017072407432648174,0.24505200869437319,0.056033721773179,0.5,1.5
S3,3,RFOTO-ABC,0.3918713904487032,0.7705475534576984,1.7589795971776254,0.1224384298685419,0.7,0.3,0.12037630218728937,0.9991031772202025,0.0008968227797975303,1.0068631128391625,0.977431856299257,0.6741935263441068,0.3146223577246927,0.1519513890702082,0.63,0.500469799968414,280,1,0.8492891207636143,0.9444349181881748,0.0008968227797975303,0.1372771456740099,0.022568143700743004,0.5,1.5
S3,4,RFOTO-ABC,0.3932177038753535,0.8664239675577866,2.1545144006394232,0.13962523479443698,0.71,0.29,0.13377828673099348,0.9991277008024739,0.0008722991975260963,1.008406943434898,0.9731985727506884,0.5763105996154868,0.39303783816669724,0.1659503716410476,0.65,0.49484379997011274,280,1,0.768947211889824,1.114578080903062,0.0008722991975260963,0.11839805936214512,0.02680142724931156,0.5,1.5
S3,5,RFOTO-ABC,0.4198334056756472,0.7427446317138542,1.4872083661754225,0.11978397691530498,0.69,0.31,0.16340260364821,0.9995371977756681,0.00046280222433177864,1.021387056777943,0.9665367022859982,0.5053900156361367,0.36402856783224974,0.18606950125998734,0.54,0.5330178999574855,280,1,0.8550135405658723,1.0471313789059893,0.00046280222433177864,0.1755930343852566,0.033463297714001805,0.5,1.5
S3,6,RFOTO-ABC,0.38727962025555174,0.9880652603867265,2.0822820207789796,0.155506367457455,0.64,0.36,0.18386687125493822,0.9998462538697527,0.00015374613024725204,1.0112941437146157,0.9641688406829437,0.5618454313389835,0.3215072885602193,0.1927764080484578,0.6,0.5349556000437587,280,1,0.8199991344293923,0.9511068523893765,0.00015374613024725204,0.1368335426647569,0.03583115931705627,0.5,1.5
S3,7,RFOTO-ABC,0.36828970369288433,0.9319614375581279,2.1396826818098478,0.1346527052585111,0.66,0.34,0.16645952541117176,0.9992833379239329,0.0007166620760670606,1.0099014305243477,0.9670397552411105,0.5087297273346987,0.2959343269603696,0.1846175782859216,0.68,0.5158127999166027,280,1,0.7685558766020232,0.9283515472084868,0.0007166620760670606,0.12724253332823468,0.03296024475888948,0.5,1.5
S3,0,RFOTO-ABC,0.5012123328968363,1.2886903113663721,2.647719169320539,0.14765523349972123,0.4,0.6,0.4109878315839336,0.998732857043196,0.0012671429568039782,1.0173994138216456,0.9263650582559703,0.42118379372467035,0.31111056854480124,0.28193623189370653,0.59,0.5666490000439808,280,1,1.0800025056636295,0.9826092052086737,0.0012671429568039782,0.2900866233866507,0.07363494174402974,0.75,0.5
S3,1,RFOTO-ABC,0.4418169673641599,0.9697781346849051,1.852269889263716,0.125463059005352,0.53,0.47,0.21314432990750692,0.9995701559668103,0.0004298440331897524,1.0068031286847101,0.961633393747071,0.5184458371935631,0.31958408901372876,0.19974316373678727,0.52,0.5609851999906823,280,1,1.0069988219552435,0.8661364518043599,0.0004298440331897524,0.21722333744047082,0.03836660625292898,0.75,0.5
S3,2,RFOTO-ABC,0.4566041949348496,1.1050508319969121,2.4442695559783125,0.12462476786980733,0.51,0.49,0.28774955570214233,0.9987732490118876,0.0012267509881123274,1.0127778959633882,0.945731341070099,0.4340226216287285,0.2960964668047695,0.23954695461094222,0.51,0.5597733000759035,280,1,1.0051814240844128,0.9146656931605225,0.0012267509881123274,0.2388933436102419,0.05426865892990096,0.75,0.5
S3,3,RFOTO-ABC,0.4148629359650082,0.9452288472070147,2.0303489322019472,0.10978562926937356,0.55,0.45,0.1979135105797531,0.9986317485770887,0.0013682514229112497,1.009551378476414,0.9654146709005019,0.5378148137362838,0.3146223577246927,0.18927314964214723,0.54,0.5322272999910638,280,1,0.9825729048991226,0.7798655505953974,0.0013682514229112497,0.18711371000564364,0.034585329099498074,0.75,0.5
S3,4,RFOTO-ABC,0.4263996242116524,1.1144734894331882,2.4865491156578763,0.11573069860257643,0.47,0.53,0.2435108133159945,0.9987278202064797,0.001272179793520526,1.011321744708156,0.9587749455077825,0.5613039510414921,0.3235932275063516,0.2073587092689137,0.61,0.6218890000600368,280,1,0.9564401292250143,0.8880572186420262,0.001272179793520526,0.19057125990623286,0.04122505449221747,0.75,0.5
S3,5,RFOTO-ABC,0.43713369896924775,0.8584359331736764,1.8737609175822145,0.10379627098972534,0.58,0.42,0.1824385077131294,0.9992956909306091,0.0007043090693909737,1.0281105621163598,0.9660365339933058,0.5053900156361367,0.36402856783224974,0.18750343423063873,0.51,0.5688640000298619,280,1,0.9836468154085176,0.8833309715869129,0.0007043090693909737,0.21394787065679657,0.0339634660066942,0.75,0.5
S3,6,RFOTO-ABC,0.4132603370031018,1.1374538165381052,2.1704966279753055,0.14972909365720471,0.51,0.49,0.23203066809576545,0.9997257811942165,0.000274218805783536,1.0187274659994647,0.9600842918591485,0.5640539560985307,0.3215072885602193,0.20390000533585456,0.57,0.5633429000154138,280,1,0.9399424269956749,0.8754215554010857,0.000274218805783536,0.16367718784694316,0.03991570814085155,0.75,0.5
S3,7,RFOTO-ABC,0.40203233464931887,1.166937223542396,2.3061801864814875,0.11119083529697628,0.42,0.58,0.2620626363202499,0.9985468878109,0.0014531121890999853,1.0148300309142129,0.9554481166004185,0.49089124429118425,0.2959343269603696,0.2159382014395865,0.61,0.6076003999914974,280,1,0.9560539626546343,0.7231296902639851,0.0014531121890999853,0.19030394199322131,0.04455188339958149,0.75,0.5
S3,0,RFOTO-ABC,0.4607475140925211,1.172551109114651,2.60835462471479,0.15715492555247332,0.43,0.57,0.3180411256545445,0.9987797648719888,0.0012202351280112423,1.0183689757839138,0.9423500879073295,0.4542081258621423,0.31111056854480124,0.24733933397082208,0.68,0.5259904999984428,280,1,0.9492632482401598,1.091754651527889,0.0012202351280112423,0.20310788185518006,0.05764991209267045,0.75,0.75
S3,1,RFOTO-ABC,0.4140457857475345,0.8735103919087384,1.832309053300593,0.12154205347096125,0.65,0.35,0.16640744733617288,0.9996667156025477,0.0003332843974522548,1.0057283516571933,0.9672911444578673,0.5184458371935631,0.31958408901372876,0.18388828754578235,0.58,0.5730437999591231,280,1,0.9248889898872699,0.8664310191306847,0.0003332843974522548,0.19154360078121602,0.03270885554213265,0.75,0.75
S3,2,RFOTO-ABC,0.4350454439323999,0.9947435276818934,2.434962015013501,0.1187793343284666,0.6,0.4,0.2561299322484498,0.9989328388043737,0.0010671611956262173,1.0143567089157812,0.9484232784254502,0.42721930531189434,0.2960964668047695,0.23319850619525956,0.55,0.527461800025776,280,1,0.9237491370120257,0.9381035040159402,0.0010671611956262173,0.22177077440677895,0.051576721574549844,0.75,0.75
S3,3,RFOTO-ABC,0.38378497949247975,0.8235667265424893,1.9011366440678352,0.11072956478806484,0.62,0.38,0.1422813574244166,0.9985921314113451,0.0014078685886550557,1.0103527521006384,0.9748474931685093,0.6127107843320925,0.3146223577246927,0.16062838697059342,0.61,0.4975720999063924,280,1,0.8763274100635731,0.8197786560526221,0.0014078685886550557,0.1507275153049542,0.02515250683149073,0.75,0.75
S3,4,RFOTO-ABC,0.38617649932251397,0.9677675053497669,2.1560942432586745,0.1143983110843721,0.57,0.43,0.16172078460828274,0.9988210637461079,0.0011789362538920222,1.0103231679744837,0.9721794981506596,0.5954702780984797,0.3235932275063516,0.1691645083393868,0.68,0.5687543000094593,280,1,0.8396645160968027,0.9116453445705328,0.0011789362538920222,0.1404188243382155,0.027820501849340373,0.75,0.75
S3,5,RFOTO-ABC,0.40533801522817137,0.7671151775377087,1.5461203121202278,0.10441107236966753,0.66,0.34,0.1412224639351117,0.9991991324675764,0.0008008675324233661,1.0279706354632647,0.9721531402030051,0.5621014085902218,0.36402856783224974,0.16924691938595102,0.57,0.5719280999619514,280,1,0.8896382607264633,0.9068467624206664,0.0008008675324233661,0.17025693282968654,0.02784685979699486,0.75,0.75
S3,6,RFOTO-ABC,0.37937199916107334,1.0392402299070986,2.146863180035174,0.1383370042204084,0.54,0.46,0.1871726315734881,0.9998266978533035,0.00017330214669654674,1.0163865505735277,0.967414523173371,0.5864418559541623,0.3215072885602193,0.18352943971660005,0.6,0.5836634000297636,280,1,0.8623871168495675,0.8207542308832971,0.00017330214669654674,0.14295841345141275,0.032585476826629045,0.75,0.75
S3,7,RFOTO-ABC,0.36027203106878647,1.0255237494539813,2.2022189247586246,0.10943634275111959,0.54,0.46,0.18997968540477378,0.9986100529157853,0.0013899470842145822,1.0162224386475964,0.9654020736799486,0.5183404694487417,0.2959343269603696,0.18930885165062372,0.68,0.5560739999637008,280,1,0.8305652537954069,0.7513333803280515,0.0013899470842145822,0.13785212882350545,0.03459792632005143,0.75,0.75
S3,0,RFOTO-ABC,0.4347980930880757,1.0625225513903465,2.108414868166427,0.16042063306748472,0.55,0.45,0.25160750051922326,0.9988317444917351,0.0011682555082648516,1.0181684636470212,0.9516648252641526,0.4648205615259751,0.31111056854480124,0.22536664408726348,0.73,0.5391416000202298,280,1,0.872888151816442,1.1234684587232489,0.0011682555082648516,0.16228743605379145,0.048335174735847364,0.75,1.0
S3,1,RFOTO-ABC,0.3845447745539935,0.7895516914107386,1.525686389476363,0.10928465268369504,0.73,0.27,0.13791669981708765,0.9996819658973926,0.0003180341026076039,1.0048917382541829,0.971229092540749,0.5184458371935631,0.31958408901372876,0.1721138972354774,0.64,0.5186427000444382,280,1,0.8438577860880471,0.8674813686428058,0.0003180341026076039,0.15631551918460684,0.02877090745925104,0.75,1.0
S3,2,RFOTO-ABC,0.4227675405720725,0.9338493356596455,2.434962015013501,0.12151711981949082,0.64,0.36,0.2153794009302313,0.9989361323070398,0.001063867692960143,1.0132918295763373,0.9561924872615493,0.42721930531189434,0.2960964668047695,0.21404329818586404,0.59,0.5373447999591008,280,1,0.8715589506517757,0.9921581240497035,0.001063867692960143,0.19708073540925378,0.04380751273845074,0.75,1.0
S3,3,RFOTO-ABC,0.3616933027554946,0.7544361031813999,1.7558854348799224,0.09995623457526646,0.7,0.3,0.10921187059211471,0.9988767444965867,0.0011232555034131197,1.0084501050938006,0.9795216818695186,0.6836948068624207,0.3146223577246927,0.14459061865553594,0.67,0.4848679999122396,280,1,0.821451092937798,0.8042120274979139,0.0011232555034131197,0.1296093063044125,0.0204783181304814,0.75,1.0
S3,4,RFOTO-ABC,0.36304581611775544,0.8730527372355923,2.092781423547968,0.11427232125937913,0.68,0.32,0.1213530706131613,0.9987459434234482,0.0012540565765519185,1.0112998006761869,0.9773561505076918,0.6156958471801507,0.3235932275063516,0.15221193417650417,0.69,0.6033670000033453,280,1,0.7682507300062936,0.9211164488077722,0.0012540565765519185,0.11667311022343821,0.022643849492308243,0.75,1.0
S3,5,RFOTO-ABC,0.3823054766582652,0.711191894429506,1.4280810243330666,0.10237651685427496,0.72,0.28,0.11325587286859008,0.9992531576595927,0.000746842340407351,1.0260200009541391,0.9778424991692853,0.5673979168937208,0.45710898461521765,0.15053099516235194,0.58,0.5706558000529185,280,1,0.8196504435837427,0.9257751494983285,0.000746842340407351,0.14021439897956625,0.02215750083071466,0.75,1.0
S3,6,RFOTO-ABC,0.3534037575585362,0.9460382036919208,2.0822820207789796,0.13303744944763843,0.63,0.37,0.1359163854133343,0.9998112914649946,0.00018870853500542407,1.0156515514449382,0.9750397252851808,0.5994901647641362,0.44687135909747,0.15999762106487644,0.65,0.5866126000182703,280,1,0.7978951576276929,0.8205645862155972,0.00018870853500542407,0.10825398922019779,0.02496027471481921,0.75,1.0
S3,7,RFOTO-ABC,0.3363512152152313,0.9349676719013656,1.8654184194732473,0.11061716284501076,0.68,0.32,0.15396884653328585,0.9985098662166433,0.0014901337833566153,1.016823615625908,0.9691156978872616,0.5597266177125446,0.2959343269603696,0.17851761739779473,0.7,0.5589422000339255,280,1,0.7602601784140017,0.7518529625847599,0.0014901337833566153,0.11431021660173903,0.030884302112738404,0.75,1.0
S3,0,RFOTO-ABC,0.413493445127913,1.004279360355996,2.0390628807819122,0.15523547378213812,0.62,0.38,0.2237986649498147,0.9992186807871712,0.000781319212828766,1.0170032819636496,0.9569665894771586,0.4648205615259751,0.2498825514148808,0.21205791914492966,0.74,0.5141092999838293,280,1,0.8242080230158615,1.0959378158609545,0.000781319212828766,0.14575796629524995,0.043033410522841375,0.75,1.25
S3,1,RFOTO-ABC,0.3701644616426892,0.7449819674128325,1.487321515530317,0.10773806797863582,0.78,0.22,0.12916935674744315,0.9995975373958799,0.00040246260412021064,1.0087871439568108,0.9726835840195901,0.5184458371935631,0.31958408901372876,0.16758149699976135,0.64,0.5396057000616565,280,1,0.8048987387675572,0.8567238206744845,0.00040246260412021064,0.14501299572696685,0.027316415980409903,0.75,1.25
S3,2,RFOTO-ABC,0.40775404079401445,0.8826301431088475,2.3244904753526012,0.11427837192215087,0.68,0.32,0.19572532745392252,0.9989482100557359,0.0010517899442639945,1.0128296921509334,0.9588432145499812,0.4343489091306273,0.2960964668047695,0.20717956830966056,0.62,0.532299599959515,280,1,0.8335936277571621,0.985223271943888,0.0010517899442639945,0.18075306902714053,0.041156785450018774,0.75,1.25
S3,3,RFOTO-ABC,0.35025352866498555,0.6962545390695616,1.5728238907160004,0.09997141206336257,0.79,0.21,0.08653471224234918,0.998885205653987,0.0011147943460129762,1.0088018344721013,0.9833281362008442,0.7180967519734253,0.3146223577246927,0.13020955176273152,0.71,0.5351612000958994,280,1,0.7763131796728924,0.830879517642455,0.0011147943460129762,0.11527827064527288,0.01667186379915575,0.75,1.25
S3,4,RFOTO-ABC,0.3544180602999282,0.8259497933720462,2.038476816405701,0.11601742752392902,0.75,0.25,0.10901333665251813,0.998761708593249,0.0012382914067508887,1.011173330463463,0.9784630499631666,0.6156958471801507,0.3235932275063516,0.14836104556338903,0.69,0.5848348999861628,280,1,0.7314094454540022,0.9382259156840731,0.0012382914067508887,0.10941444318776575,0.021536950036833424,0.75,1.25
S3,5,RFOTO-ABC,0.3616103375028924,0.6792072646421335,1.4231634926260295,0.1007207160834092,0.73,0.27,0.09566950869812864,0.9990546113402385,0.0009453886597614691,1.025363244096338,0.9813956173598746,0.5947830090702981,0.45710898461521765,0.13768466570943447,0.62,0.584535300033167,280,1,0.771517224018991,0.9299402136663716,0.0009453886597614691,0.10504105728087101,0.018604382640125428,0.75,1.25
S3,6,RFOTO-ABC,0.3366768594782783,0.8585226883820924,1.7588991671965715,0.13414810483148076,0.7,0.3,0.09518469753876667,0.9989765596422893,0.0010234403577106198,1.0169487742451777,0.9823330712627935,0.6122813429548386,0.44687135909747,0.13410690693525049,0.69,0.6073182000545785,280,1,0.7347899691719554,0.8755776039489124,0.0010234403577106198,0.0751519968433181,0.017666928737206544,0.75,1.25
S3,7,RFOTO-ABC,0.3127333858194481,0.8610409588260424,1.717216717779288,0.10221342762201241,0.75,0.25,0.1264945693505287,0.9986976140232859,0.0013023859767141354,1.0121002099143033,0.9748043503185384,0.6110149415769025,0.2959343269603696,0.16076964445911415,0.73,0.5651835000608116,280,1,0.7063136514448588,0.720048647689696,0.0013023859767141354,0.09643140462886768,0.025195649681461596,0.75,1.25
S3,0,RFOTO-ABC,0.40187330565948054,0.946633537905597,2.013818114213611,0.15690134968923222,0.65,0.35,0.19860029149329259,0.9985048214961408,0.0014951785038593423,1.01632674824063,0.9600935125287529,0.4648205615259751,0.31111056854480124,0.2038754741549987,0.75,0.5306781999533996,280,1,0.7846463780313345,1.1113593937715864,0.0014951785038593423,0.13089117305779988,0.03990648747124714,0.75,1.5
S3,1,RFOTO-ABC,0.3824466802288704,0.7318154250381184,1.832309053300593,0.11353799558423215,0.79,0.21,0.14079455466211735,0.9996674953370825,0.00033250466291752433,1.0048991663434002,0.9695543513628067,0.5184458371935631,0.31958408901372876,0.17720523007552522,0.64,0.5395936999702826,280,1,0.8183896719714217,0.8636177375595948,0.00033250466291752433,0.1746930134956532,0.030445648637193345,0.75,1.5
S3,2,RFOTO-ABC,0.41406642368647856,0.9314102306868672,2.4585681147268446,0.12515537574728175,0.65,0.35,0.20618134469106625,0.9981505721338118,0.0018494278661881458,1.0168175980369936,0.9584497662887104,0.4431844098310755,0.2567412015641857,0.20821022695891175,0.62,0.5189363000681624,280,1,0.8576107866057471,0.9911542324914285,0.0018494278661881458,0.17755268612558556,0.04155023371128963,0.75,1.5
S3,3,RFOTO-ABC,0.34594030202377685,0.6662601509739067,1.5678816927244754,0.10087554178520382,0.79,0.21,0.08978259089689487,0.9988887753642078,0.001111224635792224,1.0085342573542455,0.9827783902975389,0.7180967519734253,0.3146223577246927,0.13237594455837134,0.71,0.510325999930501,280,1,0.7521479390632789,0.8386677815028071,0.001111224635792224,0.11719065460003389,0.017221609702461116,0.75,1.5
S3,4,RFOTO-ABC,0.33810523232965717,0.7703483817408668,1.8540457469427687,0.11723253487747437,0.77,0.23,0.08496140553516718,0.9987617334357863,0.0012382665642138447,1.011611707768151,0.9837358022233863,0.6465848983057546,0.4844241188582313,0.12858108456756623,0.72,0.5766514000715688,280,1,0.6868814986128319,0.9478286554050015,0.0012382665642138447,0.08609310554545647,0.016264197776613698,0.75,1.5
S3,5,RFOTO-ABC,0.37003722950405477,0.6593109906707624,1.4231634926260295,0.10479774365951837,0.76,0.24,0.10029858901237951,0.9991347549698358,0.0008652450301641901,1.0226733723368466,0.9798852507293727,0.5673979168937208,0.45710898461521765,0.14327476387584756,0.63,0.5542744999984279,280,1,0.7686757949669653,0.9447620274248808,0.0008652450301641901,0.13185486100781751,0.020114749270627286,0.75,1.5
S3,6,RFOTO-ABC,0.32667295887685943,0.8129516130350006,1.5665752656552585,0.1291624521452699,0.76,0.24,0.08165149573869603,0.9993093120773432,0.0006906879226567275,1.0156379612127722,0.9840421648605956,0.6280174427773059,0.44687135909747,0.12734448258130887,0.68,0.6060211000731215,280,1,0.7219874707328182,0.8351563415647402,0.0006906879226567275,0.07348330841400735,0.015957835139404408,0.75,1.5
S3,7,RFOTO-ABC,0.3052614957244783,0.8238911263672638,1.653011110183754,0.10518902270296904,0.79,0.21,0.10652424307257913,0.9984380250928843,0.0015619749071159007,1.0147925744176938,0.9786452655550906,0.6888577192235533,0.2959343269603696,0.14771834656008695,0.76,0.5494903000071645,280,1,0.6761743305362435,0.7454365143496813,0.0015619749071159007,0.08354732315922281,0.02135473444490943,0.75,1.5
S3,0,RFOTO-ABC,0.48788900423587994,1.2899277989965063,2.645975146010067,0.14131031139815017,0.4,0.6,0.4140699508709321,0.9987405427259043,0.0012594572740957522,1.0167254574778481,0.926628722644258,0.42118379372467035,0.31111056854480124,0.28139097291286475,0.64,0.6149665999691933,280,1,1.062529620573417,0.9197499246101392,0.0012594572740957522,0.29214610937129754,0.073371277355742,1.0,0.5
S3,1,RFOTO-ABC,0.40827197432812457,0.9499345464338371,1.9582351792334403,0.10433893935111221,0.54,0.46,0.19905478697455714,0.9993531154281835,0.0006468845718165373,1.0123753751088944,0.9640437466135635,0.5184458371935631,0.31958408901372876,0.19312515494293997,0.59,0.5689412000356242,280,1,0.9571911945000431,0.7713586511130143,0.0006468845718165373,0.19099025245533133,0.03595625338643649,1.0,0.5
S3,2,RFOTO-ABC,0.45531634148615924,1.069076154965703,2.4010067134623854,0.11195398373078663,0.51,0.49,0.2612739813217435,0.9981723362539011,0.0018276637460988676,1.0198760220141623,0.9500153085311054,0.4340226216287285,0.2960964668047695,0.22937876287783002,0.55,0.5879269000142813,280,1,0.9755848495775749,0.9819757026518247,0.0018276637460988676,0.22504214889775134,0.049984691468894615,1.0,0.5
S3,3,RFOTO-ABC,0.39065639516119227,0.9102206486594495,1.967837525459883,0.09595635218946473,0.57,0.43,0.17151378639039522,0.9985761696889521,0.001423830311047889,1.0091345763029793,0.9703574041651742,0.5671531721870547,0.3146223577246927,0.174780208984189,0.63,0.5300334000494331,280,1,0.9509643191276712,0.7066241039453983,0.001423830311047889,0.1687621774001253,0.029642595834825758,1.0,0.5
S3,4,RFOTO-ABC,0.399945930463428,1.086435962022791,2.3371901309034993,0.09789545996222439,0.5,0.5,0.2282174501716728,0.9985141589727478,0.0014858410272523648,1.013116590225491,0.9611120983647699,0.5763105996154868,0.3235932275063516,0.20115009068704043,0.64,0.5537405000068247,280,1,0.9278567420191633,0.7778724412312156,0.0014858410272523648,0.18068210129287945,0.03888790163523015,1.0,0.5
S3,5,RFOTO-ABC,0.4135384800605695,0.8366232488570325,1.8876304103389254,0.09357442229053704,0.57,0.43,0.1584193326477885,0.998680923994171,0.0013190760058290518,1.0320339894843553,0.9718747034011311,0.5581804084315605,0.45710898461521765,0.17011531608370836,0.56,0.6323739000363275,280,1,0.9511352074215937,0.825462625529063,0.0013190760058290518,0.1898106987392621,0.028125296598868865,1.0,0.5
S3,6,RFOTO-ABC,0.3907019903033356,1.0738439337789292,2.158442634711031,0.13010676971927404,0.54,0.46,0.19073094764168613,0.9994213808789151,0.000578619121084909,1.015665956504358,0.9660128969983306,0.5640539560985307,0.4376896902950472,0.18757096448187796,0.59,0.5466099999612197,280,1,0.9290128344841053,0.7503914401262308,0.000578619121084909,0.16270510555562887,0.033987103001669405,1.0,0.5
S3,7,RFOTO-ABC,0.40619560063486265,1.1806623914254204,2.3679433524079405,0.1006718928555158,0.44,0.56,0.28137128175763926,0.9989614738525104,0.0010385261474895502,1.014128304892935,0.9529458755357485,0.49694810482938734,0.20470903351937272,0.22221057905768246,0.62,0.5751884001074359,280,1,0.970703202038017,0.662481459029454,0.0010385261474895502,0.2275270294872186,0.0470541244642515,1.0,0.5
S3,0,RFOTO-ABC,0.42942825811661983,1.098469182626847,2.261470878685601,0.13575651219837512,0.46,0.54,0.286174899077195,0.998806204104727,0.0011937958952729299,1.0126525400939865,0.9480749271268352,0.4648205615259751,0.31111056854480124,0.23402767965490942,0.72,0.552755199954845,280,1,0.9213159224631241,0.9160939454033884,0.0011937958952729299,0.21463066232120476,0.051925072873164835,1.0,0.75
S3,1,RFOTO-ABC,0.384034935404488,0.8187976639354518,1.5129274734816045,0.10688268062655416,0.71,0.29,0.13040808440994434,0.9994621181292206,0.0005378818707794087,1.008852285346427,0.9733092769513942,0.5251805669202321,0.33041936331128824,0.16559786682922187,0.64,0.5303657999029383,280,1,0.874583610480333,0.8046654582003656,0.0005378818707794087,0.1623121168916129,0.026690723048605758,1.0,0.75
S3,2,RFOTO-ABC,0.4241591766695907,0.9400382931757963,2.245453531383152,0.11067210965387055,0.6,0.4,0.20724051196516072,0.9982344806520324,0.0017655193479677344,1.0171326124234725,0.958897741241319,0.4573633903318246,0.2960964668047695,0.2070363948831306,0.62,0.5845859999535605,280,1,0.8788298317383234,1.0004489932804053,0.0017655193479677344,0.1914637082382133,0.04110225875868101,1.0,0.75
S3,3,RFOTO-ABC,0.35410148297574806,0.7684777275351277,1.6669186670994034,0.09243992797972457,0.69,0.31,0.11067476385912269,0.998457137952097,0.001542862047902991,1.0098438237853236,0.9798123230762443,0.6860984415124696,0.3146223577246927,0.14353959756250417,0.67,0.5173291999381036,280,1,0.8341024398028074,0.7338522500322965,0.001542862047902991,0.1286452462882313,0.02018767692375567,1.0,0.75
S3,4,RFOTO-ABC,0.35678101938812823,0.9146867047593429,2.0549126871500767,0.10166838264624468,0.61,0.39,0.13503003194484464,0.9984157414627641,0.0015842585372358186,1.0145691035387159,0.9771119896382221,0.6182546432751109,0.3235932275063516,0.15304947688632017,0.7,0.5476886000251397,280,1,0.7989107260365885,0.8141579281234209,0.0015842585372358186,0.12471838159501664,0.0228880103617779,1.0,0.75
S3,5,RFOTO-ABC,0.37235381363280257,0.7480736715618748,1.6340422068042106,0.09719192048414482,0.71,0.29,0.1143258938613518,0.9977653449313757,0.002234655068624184,1.0410364806099286,0.9771876668292249,0.5673979168937208,0.39542454237906444,0.15279032840053805,0.62,0.60981549997814,280,1,0.8362961340465691,0.8316801711669258,0.002234655068624184,0.13863589382712113,0.022812333170775134,1.0,0.75
S3,6,RFOTO-ABC,0.35580642983242233,0.9459390038888273,2.082667471128104,0.11681861163283705,0.63,0.37,0.138614372642609,0.9993878264857975,0.0006121735142027807,1.0181038390300956,0.9737401276000992,0.5867268899310295,0.44687135909747,0.16421951756863234,0.62,0.5669403999345377,280,1,0.8360398116715525,0.7298556029652871,0.0006121735142027807,0.13302688362766182,0.026259872399900797,1.0,0.75
S3,7,RFOTO-ABC,0.32830174423407305,0.9687810962046706,1.8494824405056491,0.09248441721324385,0.6,0.4,0.1514113869464512,0.9986183753617313,0.0013816246382688147,1.0147594611804445,0.9722270628567746,0.5609462549314336,0.2959343269603696,0.16901570164676,0.7,0.5695101999444887,280,1,0.7986793396361355,0.6335216051275852,0.0013816246382688147,0.11664561222705536,0.027772937143225374,1.0,0.75
S3,0,RFOTO-ABC,0.399704447896981,0.9937724453940295,2.019667970965484,0.12817101287595484,0.57,0.43,0.23167057296098345,0.9987985728042317,0.0012014271957682431,1.0124902377692029,0.9550144516156808,0.4541110188374642,0.31111056854480124,0.21703588056468595,0.75,0.5468642000341788,280,1,0.8421668503383014,0.9111031920642851,0.0012014271957682431,0.18203655522384524,0.04498554838431923,1.0,1.0
S3,1,RFOTO-ABC,0.36865637127656187,0.750258759421958,1.525686389476363,0.1005224106712116,0.81,0.19,0.13235051714746404,0.9994940136406655,0.000505986359334727,1.0074275570688975,0.9714526818280618,0.5184458371935631,0.31958408901372876,0.1714240818116366,0.66,0.5391742000356317,280,1,0.820397825247882,0.7885074111690631,0.000505986359334727,0.1635900331662969,0.02854731817193823,1.0,1.0
S3,2,RFOTO-ABC,0.4024937986794661,0.8901289720190229,2.1893016698249186,0.10512572880563031,0.69,0.31,0.20207196759872592,0.9990513143865044,0.0009486856134955879,1.015675982700109,0.9583733901010779,0.460591142134394,0.2567412015641857,0.20840980544574875,0.61,0.6088807000778615,280,1,0.8275861872821278,0.9535253437481161,0.0009486856134955879,0.1845388867567173,0.041626609898922085,1.0,1.0
S3,3,RFOTO-ABC,0.3332887379758473,0.6890810517534984,1.3848236325791414,0.08751688478520485,0.81,0.19,0.08843915297908378,0.9984739839731376,0.0015260160268624778,1.0091484222401375,0.9820871041524555,0.6860984415124696,0.3146223577246927,0.135054138276699,0.72,0.5399692999199033,280,1,0.7699072425890365,0.7282506485596053,0.0015260160268624778,0.11432876984857296,0.01791289584754452,1.0,1.0
S3,4,RFOTO-ABC,0.33186330007177434,0.8225654619102191,1.9569023518949233,0.10065516172390401,0.72,0.28,0.0950971808920908,0.998489167380399,0.0015108326196011568,1.0134168281864158,0.9816259443206377,0.6182546432751109,0.3235932275063516,0.13681367220666565,0.73,0.5801508999429643,280,1,0.7276745371589519,0.8105284906896719,0.0015108326196011568,0.1012284692110438,0.018374055679362344,1.0,1.0
S3,5,RFOTO-ABC,0.3613354077890153,0.6798210169675798,1.428742744849046,0.09381240521144678,0.76,0.24,0.10238753125027263,0.9976900901930964,0.002309909806903625,1.0426914140844834,0.9785517768496871,0.5673979168937208,0.422755409806969,0.14804841247197384,0.64,0.5886916000163183,280,1,0.7817839572483826,0.8651553858266436,0.002309909806903625,0.12974758067598183,0.021448223150312917,1.0,1.0
S3,6,RFOTO-ABC,0.3304956962720502,0.859861462711375,2.0370487957487526,0.11055020629238012,0.72,0.28,0.10179517692737168,0.9996369704099821,0.00036302959001789816,1.013783065022053,0.980273007965305,0.6044618567739162,0.44687135909747,0.14185900598877754,0.66,0.5279693999327719,280,1,0.7702356888732566,0.7209435601853618,0.00036302959001789816,0.10705434121089594,0.019726992034694968,1.0,1.0
S3,7,RFOTO-ABC,0.29835160851897974,0.8649557190708034,1.6094533437969565,0.08913742394746016,0.73,0.27,0.10778829411917609,0.9982501784577625,0.0017498215422374708,1.0139039496263471,0.9795001503705508,0.6890991625790855,0.2959343269603696,0.1446682021064931,0.76,0.6113543000537902,280,1,0.7188688600164379,0.6205602094621214,0.0017498215422374708,0.08850168137074883,0.020499849629449174,1.0,1.0
S3,0,RFOTO-ABC,0.3886001956335671,0.9132259624942743,1.9836256040101825,0.1338576639986158,0.63,0.37,0.18616324061866657,0.9986564781173299,0.0013435218826700179,1.0143173005294326,0.9633277630272825,0.4980564224101605,0.31111056854480124,0.19511095864874617,0.78,0.5498787999385968,280,1,0.7838702973712238,0.9867118983833114,0.0013435218826700179,0.1554251864432913,0.03667223697271749,1.0,1.25
S3,1,RFOTO-ABC,0.3428634164499008,0.6873275064339441,1.4296401240237904,0.09544419160070278,0.81,0.19,0.10624717911733722,0.9995435655317649,0.00045643446823494417,1.0078210488519384,0.9773580629254223,0.5251805669202321,0.33041936331128824,0.15220535749374356,0.69,0.5219760000472888,280,1,0.7507577820286603,0.7946882637407466,0.00045643446823494417,0.12993261570716033,0.022641937074577734,1.0,1.25
S3,2,RFOTO-ABC,0.38949955677560644,0.8239818084723062,2.1893016698249186,0.10657500625188648,0.73,0.27,0.16689522695787393,0.998287183076959,0.0017128169230411394,1.0217510723111503,0.964103304667545,0.4772018897369082,0.2960964668047695,0.1929591817293662,0.65,0.5779791000531986,280,1,0.7819850656577464,0.9834879700590726,0.0017128169230411394,0.16301210867132987,0.035896695332454986,1.0,1.25
S3,3,RFOTO-ABC,0.32080547408192717,0.6370327757546604,1.3774098523559064,0.08606188491037592,0.84,0.16,0.08610464567347938,0.9987248646014173,0.0012751353985826375,1.0089259855979646,0.9822029930328899,0.6860984415124696,0.3146223577246927,0.13460861588125855,0.72,0.5268011000007391,280,1,0.7289790330943245,0.716157463463183,0.0012751353985826375,0.11285007265634221,0.017797006967110063,1.0,1.25
S3,4,RFOTO-ABC,0.31943199910158654,0.7634286557787766,1.7763550568622783,0.09986206568530431,0.79,0.21,0.08882347026039959,0.9984849393384967,0.001515060661503238,1.0134113511227145,0.982329754901289,0.6182546432751109,0.3235932275063516,0.13411971973129733,0.73,0.5403376000467688,280,1,0.6844361652779758,0.8065659739125653,0.001515060661503238,0.09753805119240191,0.017670245098710957,1.0,1.25
S3,5,RFOTO-ABC,0.3498824217514013,0.6633895070067755,1.5035749895600419,0.09275191173352702,0.79,0.21,0.09979406336356787,0.9978249586258415,0.002175041374158574,1.0384728234104885,0.9784485695704389,0.5611326234124258,0.4351200125289207,0.1484120107288911,0.67,0.5939854000462219,280,1,0.7494269359568995,0.8460407491221759,0.002175041374158574,0.12780741021833653,0.02155143042956109,1.0,1.25
S3,6,RFOTO-ABC,0.31910897440622166,0.7985375016275075,2.0370487957487526,0.10930717519617286,0.8,0.2,0.08965805135887887,0.9997065374016613,0.0002934625983387196,1.015782219583188,0.9816132884597418,0.6061630443963587,0.44687135909747,0.13686166428687582,0.68,0.5660603999858722,280,1,0.7312256123671756,0.7186633457902195,0.0002934625983387196,0.10274548078075343,0.01838671154025817,1.0,1.25
S3,7,RFOTO-ABC,0.2820843029967401,0.7961036201506072,1.5626674254561423,0.08787301933934258,0.8,0.2,0.09671276136511137,0.9982146611514267,0.0017853388485732302,1.014866801482574,0.9806530250164325,0.6865680784982703,0.2959343269603696,0.14045876608893013,0.77,0.5788810999365523,280,1,0.6661508361394786,0.6129895723505937,0.0017853388485732302,0.08135617636812642,0.019346974983567522,1.0,1.25
S3,0,RFOTO-ABC,0.37333923220817833,0.8625593284547592,1.9836256040101825,0.12995279198945578,0.71,0.29,0.17327285433501838,0.9987802050783422,0.001219794921657772,1.0123187472563164,0.9650614004875024,0.4980564224101605,0.31111056854480124,0.19027217102709137,0.78,0.5941935000009835,280,1,0.7449135502716273,0.964879803547587,0.001219794921657772,0.1475765007877091,0.03493859951249756,1.0,1.5
S3,1,RFOTO-ABC,0.332684907600317,0.652129470562962,1.2791828981739957,0.09394649307142137,0.85,0.15,0.09743855885552331,0.9992224417495141,0.0007775582504858946,1.0104229513631071,0.9788319313084688,0.5251805669202321,0.33041936331128824,0.14705728845254082,0.74,0.5448127000126988,280,1,0.7207868315839476,0.7874874003399012,0.0007775582504858946,0.12413747079807223,0.021168068691531206,1.0,1.5
S3,2,RFOTO-ABC,0.3846616948574313,0.8504392729316286,2.241462597465851,0.12291967503058507,0.72,0.28,0.16174757559629696,0.997429825198665,0.00257017480133503,1.0259565367181973,0.9655183791545153,0.4341493881432988,0.31798665418856686,0.1889790073516571,0.69,0.5665809999918565,280,1,0.7912348375856998,0.9869223600219617,0.00257017480133503,0.13251341348248968,0.03448162084548467,1.0,1.5
S3,3,RFOTO-ABC,0.3093695876132352,0.605378967793025,1.3255513982111509,0.08422835207700487,0.87,0.13,0.0793247446969198,0.9983980422828028,0.0016019577171971456,1.0098657466575258,0.9835297009992235,0.7180967519734253,0.3146223577246927,0.12940677138554044,0.74,0.49955309997312725,280,1,0.6919559357878851,0.7096211418316549,0.0016019577171971456,0.10858598399183933,0.016470299000776456,1.0,1.5
S3,4,RFOTO-ABC,0.3108825351510035,0.7214923429289793,1.65413251378368,0.09968347925057693,0.81,0.19,0.08442496167548874,0.9984825952888957,0.0015174047111042189,1.0134535712132493,0.9828686396779414,0.6182546432751109,0.3235932275063516,0.13202257092670264,0.73,0.5555353000527248,280,1,0.6540403611159404,0.8050772438744619,0.0015174047111042189,0.09495069320127789,0.017131360322058642,1.0,1.5
S3,5,RFOTO-ABC,0.3381351153226522,0.6132918002806236,1.4160637015600703,0.09362085888829878,0.8,0.2,0.0781155024510084,0.9986952300692797,0.0013047699307200645,1.0288568087951222,0.9842701452155623,0.6775097696391997,0.45710898461521765,0.1264169186733507,0.69,0.6071397000923753,280,1,0.7091487736259564,0.865147861602935,0.0013047699307200645,0.113821241887653,0.01572985478443767,1.0,1.5
S3,6,RFOTO-ABC,0.3099163805747747,0.7598363292972575,2.0370367833194742,0.1110432102735444,0.81,0.19,0.08265913489981734,0.999696541873498,0.0003034581265019354,1.0157344083189788,0.9830175509067584,0.6061630443963587,0.44687135909747,0.13143757104832407,0.68,0.5314570000628009,280,1,0.6981965771449216,0.7268126827965398,0.0003034581265019354,0.09494909951910692,0.016982449093241647,1.0,1.5
S3,7,RFOTO-ABC,0.27145441817992016,0.7463390146212489,1.5035565151664156,0.0872009179469681,0.84,0.16,0.08862974056920353,0.9982088239025938,0.0017911760974062142,1.0131190958003766,0.9821405066127396,0.7160430757400666,0.2959343269603696,0.13484900803722982,0.78,0.590225699939765,280,1,0.6289603392020953,0.6142789539426166,0.0017911760974062142,0.07614132424173428,0.01785949338726045,1.0,1.5
S3,0,RFOTO-ABC,0.46376318512230347,1.247536002638734,2.3811218198903275,0.1293346239567454,0.42,0.58,0.3851245223045528,0.9990389064183102,0.0009610935816899824,1.0197173484139208,0.932718664346827,0.45559911550418536,0.31111056854480124,0.26857894806250643,0.66,0.5424847999820486,280,1,1.0341313431860273,0.8402111530883241,0.0009610935816899824,0.27565702919293633,0.06728133565317296,1.25,0.5
S3,1,RFOTO-ABC,0.3895168995931016,0.9116109427851109,1.7335499629533728,0.09791241976174231,0.51,0.49,0.15801341891119722,0.9987217135227862,0.0012782864772137702,1.0090792230762051,0.9731545243770002,0.5251805669202321,0.33041936331128824,0.1660904448686359,0.64,0.5306525999912992,280,1,0.9255828671895459,0.7522757736894045,0.0012782864772137702,0.16398935241364715,0.02684547562299977,1.25,0.5
S3,2,RFOTO-ABC,0.43524302107518864,1.0627969552485304,2.374804681491816,0.10522245178421642,0.55,0.45,0.2659647177294328,0.9980170684285455,0.0019829315714544127,1.0272333224357033,0.9492133902920272,0.4431804637605818,0.2960964668047695,0.23130908096037398,0.59,0.5951277000131086,280,1,0.9560397812338577,0.8842313915790285,0.0019829315714544127,0.22233515703753282,0.050786609707972774,1.25,0.5
S3,3,RFOTO-ABC,0.3770708840362326,0.8819804294254456,1.8327196244387443,0.08713876599032702,0.56,0.44,0.15964120039445712,0.9983515479313531,0.0016484520686471339,1.0137449720930531,0.9729271128070894,0.6127107843320925,0.3146223577246927,0.16681194022018933,0.64,0.537311700056307,280,1,0.9266426411364227,0.6735195536258112,0.0016484520686471339,0.1599666688623571,0.027072887192910566,1.25,0.5
S3,4,RFOTO-ABC,0.39052749542814175,1.0722337009962657,2.29063212087231,0.09348278687764729,0.49,0.51,0.22887672933231823,0.9987499551481751,0.0012500448518248518,1.0166773431607115,0.9624086285454982,0.5763105996154868,0.3235932275063516,0.1976352153123443,0.64,0.5318343000253662,280,1,0.9243566246705215,0.7037420097868144,0.0012500448518248518,0.19195329241579576,0.037591371454501754,1.25,0.5
S3,5,RFOTO-ABC,0.3983127002763404,0.8150405203047734,1.8606415696754508,0.08500330322195632,0.57,0.43,0.15628084528648434,0.9983019292679419,0.0016980707320579512,1.0388742865354277,0.9714686294267858,0.5247024966034766,0.45710898461521765,0.1713747865146621,0.54,0.5888195999432355,280,1,0.9391377845132579,0.7378419538965595,0.0016980707320579512,0.1929305653245931,0.0285313705732142,1.25,0.5
S3,6,RFOTO-ABC,0.3719556408005004,1.0488919999427424,2.153782402886588,0.11712362044966759,0.56,0.44,0.1775844400154855,0.9994434692210671,0.0005565307789331109,1.0152967829523183,0.9680559693917805,0.5867268899310295,0.44687135909747,0.18165385677464213,0.6,0.5775784000288695,280,1,0.9060773514857292,0.6802789517019767,0.0005565307789331109,0.1539661977070083,0.03194403060821949,1.25,0.5
S3,7,RFOTO-ABC,0.39610302769721517,1.1812627775551727,3.083831826083972,0.09475807642014093,0.48,0.52,0.28515130109592596,0.9998110192056313,0.00018898079436871718,1.011193155660622,0.9503196291064057,0.42005834363310113,0.20470903351937272,0.2286428183657308,0.62,0.6154970999341458,280,1,0.9585363225846266,0.6132042524327983,0.00018898079436871718,0.2279938295729035,0.04968037089359434,1.25,0.5
S3,0,RFOTO-ABC,0.40384072805237115,1.055931136299264,2.1238066914041958,0.1222124669378571,0.49,0.51,0.25533034697051754,0.9990520399921682,0.0009479600078317263,1.0149327723975765,0.9545137139269544,0.4648205615259751,0.31111056854480124,0.21829769647474054,0.75,0.5744253000011668,280,1,0.8831326650207765,0.8469031419119477,0.0009479600078317263,0.1960382223914468,0.04548628607304561,1.25,0.75
S3,1,RFOTO-ABC,0.3613354203458865,0.7914823269474334,1.476928220402573,0.0903021565879951,0.74,0.26,0.11324435822684295,0.9985441666307241,0.0014558333692760073,1.0101122872954176,0.9762558783478852,0.5251805669202321,0.33041936331128824,0.15595389410657526,0.68,0.5273484999779612,280,1,0.853976661288376,0.7082228143955486,0.0014558333692760073,0.15102019177115145,0.023744121652114814,1.25,0.75
S3,2,RFOTO-ABC,0.3992970298065904,0.9236150580292355,2.243619252391775,0.10279807669989126,0.65,0.35,0.1860526605750569,0.9980807849957245,0.0019192150042756672,1.0225497994656652,0.9624480916981719,0.46166711049085507,0.2960964668047695,0.1975274003333921,0.64,0.6211446999805048,280,1,0.848310365052319,0.9172126856369291,0.0019192150042756672,0.17448362580736762,0.037551908301828085,1.25,0.75
S3,3,RFOTO-ABC,0.33762088730872836,0.7432245146907579,1.5541855793956114,0.08577020944114859,0.74,0.26,0.09982992504857173,0.9982029398527841,0.0017970601472158153,1.0117448427238183,0.9815487619704614,0.7143607507876185,0.3146223577246927,0.13710611214899815,0.68,0.5225541999097914,280,1,0.8067652199235892,0.6875923888266946,0.0017970601472158153,0.1186545050798115,0.01845123802953863,1.25,0.75
S3,4,RFOTO-ABC,0.3310590864243832,0.8815024784954456,1.9951538882330797,0.0887781032245813,0.66,0.34,0.12037273574561069,0.9979025701086326,0.002097429891367475,1.0179715969899055,0.9788861584235866,0.6182546432751109,0.3235932275063516,0.1468647382183972,0.71,0.5505120999878272,280,1,0.7715771026168952,0.7036942526123414,0.002097429891367475,0.11609644265429081,0.021113841576413384,1.25,0.75
S3,5,RFOTO-ABC,0.3888082808476978,0.7221941343027694,1.697886713436181,0.08177645695203102,0.75,0.25,0.1335311102493114,0.9977255074756988,0.0022744925243010274,1.0417776784120718,0.9715875154355744,0.5053900156361367,0.3994447916842757,0.1710069036927799,0.61,0.6036105999955907,280,1,0.8909753564152458,0.7320399921926015,0.0022744925243010274,0.2061666869018886,0.028412484564425577,1.25,0.75
S3,6,RFOTO-ABC,0.3278831400594169,0.8952135212738032,1.8375825160629526,0.09879472637587983,0.67,0.33,0.10934199875114484,0.9987496890691676,0.0012503109308323167,1.0156560421295833,0.9796893869968746,0.5994901647641362,0.44687135909747,0.14398502095581822,0.68,0.5555000000167638,280,1,0.7903732966384485,0.672306765666568,0.0012503109308323167,0.10458858765273726,0.02031061300312542,1.25,0.75
S3,7,RFOTO-ABC,0.30732992366865913,0.9343959949044506,1.758296983762925,0.08527311135210143,0.66,0.34,0.1251361766571281,0.9992544322934465,0.0007455677065535338,1.0105420547541621,0.9764118767753381,0.6462207002942358,0.2959343269603696,0.15542832516161115,0.72,0.630359899951145,280,1,0.7668585941164369,0.5794640789649417,0.0007455677065535338,0.10003332507919475,0.02358812322466186,1.25,0.75
S3,0,RFOTO-ABC,0.36933324440408666,0.9254687044262232,1.7820727926046176,0.11804529444828461,0.61,0.39,0.17874240747659695,0.9985247162041786,0.0014752837958214205,1.0148571028047553,0.9664751201608494,0.5505247808106102,0.31111056854480124,0.1862465667248386,0.79,0.5339970000786707,280,1,0.7938816170042663,0.8520558484791735,0.0014752837958214205,0.15092269658442867,0.033524879839150645,1.25,1.0
S3,1,RFOTO-ABC,0.3355973327659296,0.7033575686591833,1.4296401240237904,0.0890929314978573,0.84,0.16,0.09173571728996097,0.9994368247247953,0.0005631752752046893,1.0104493131455383,0.9805831011084052,0.6184480355480367,0.33041936331128824,0.14071737735834763,0.72,0.5555768000194803,280,1,0.7460968932754217,0.7834795962704529,0.0005631752752046893,0.11410400047090452,0.019416898891594814,1.25,1.0
S3,2,RFOTO-ABC,0.37613939531010265,0.8425885334025784,2.1893016698249186,0.09633633938122058,0.71,0.29,0.16648101489514613,0.9983523858087527,0.0016476141912472654,1.0195115297706137,0.964445613009775,0.4772018897369082,0.2960964668047695,0.1920028727219108,0.66,0.584649300086312,280,1,0.7922227966758729,0.8781999725356019,0.0016476141912472654,0.16276407749604377,0.03555438699022495,1.25,1.0
S3,3,RFOTO-ABC,0.30893130601100904,0.6502865615647504,1.2720988339257722,0.07678154602240755,0.87,0.13,0.07142769805028161,0.998268490083643,0.0017315099163569558,1.010690147790292,0.9850129314467506,0.7929856496872351,0.3146223577246927,0.12334949644861952,0.74,0.5467033999739215,280,1,0.732090148042731,0.6541102628407327,0.0017315099163569558,0.10079146923183029,0.014987068553249383,1.25,1.0
S3,4,RFOTO-ABC,0.3116200819020501,0.7925081556988077,1.8346251383603993,0.09130204178827984,0.78,0.22,0.0850191311201306,0.9981524962344398,0.0018475037655602466,1.0168991603678768,0.9833505999819439,0.6465848983057546,0.3235932275063516,0.1301203133140034,0.73,0.529820799943991,280,1,0.7008835962407829,0.7313814728413884,0.0018475037655602466,0.09530020463930251,0.01664940001805615,1.25,1.0
S3,5,RFOTO-ABC,0.34632675949767155,0.6578261578603268,1.554078204537367,0.08065493381168366,0.79,0.21,0.10578652442608946,0.9985641146788405,0.0014358853211594936,1.0285984945502797,0.9773956975786168,0.5247024966034766,0.45710898461521765,0.1520758816890034,0.65,0.5495452999603003,280,1,0.7853818704076359,0.718021564489547,0.0014358853211594936,0.1544009391795645,0.022604302421383227,1.25,1.0
S3,6,RFOTO-ABC,0.29140726831896985,0.8051778659159987,1.5097015866076737,0.10118121113001083,0.79,0.21,0.07301035832170326,0.999444973468089,0.000555026531911077,1.0189735846028607,0.9857765446957473,0.6280174427773059,0.44687135909747,0.12011944473567474,0.7,0.5269156999420375,280,1,0.6945478432258853,0.6691938164308638,0.000555026531911077,0.06058684578339532,0.01422345530425273,1.25,1.0
S3,7,RFOTO-ABC,0.28299905616143795,0.8357562274870703,1.6855831474834806,0.08540910768463932,0.8,0.2,0.10681113646173818,0.9994032616796423,0.0005967383203577725,1.0102989570185807,0.9789621343340714,0.6562360988581978,0.2959343269603696,0.14659457268765722,0.75,0.606575999991037,280,1,0.6920373878830796,0.5649791160520024,0.0005967383203577725,0.08787125707562758,0.02103786566592858,1.25,1.0
S3,0,RFOTO-ABC,0.348829901858646,0.8456082426954901,1.6091986646567773,0.11509117166554844,0.68,0.32,0.1403935978299798,0.9984689997395981,0.0015310002604017913,1.0156888698147626,0.9731838045882116,0.617186528214337,0.31111056854480124,0.16599734595419074,0.82,0.5720233999891207,280,1,0.7351697495436876,0.85777986170127,0.0015310002604017913,0.12816742341473958,0.02681619541178837,1.25,1.25
S3,1,RFOTO-ABC,0.32348258907380995,0.659702745136745,1.4296401240237904,0.08801661593472797,0.84,0.16,0.09672358088344511,0.999438121856012,0.0005618781439881593,1.010220161716629,0.9793088049566451,0.5867786112113748,0.33041936331128824,0.14535599811883104,0.73,0.5123598999343812,280,1,0.7093266273563643,0.7572566995342135,0.0005618781439881593,0.1173854896771441,0.020691195043354926,1.25,1.25
S3,2,RFOTO-ABC,0.3663996502225305,0.7829262745924527,2.1351888549799236,0.09140007379021517,0.75,0.25,0.15459287416305625,0.9984134538732435,0.001586546126756523,1.0190939578283431,0.9667331788606001,0.5121809338907842,0.2960964668047695,0.18550359885728804,0.67,0.6196913999738172,280,1,0.750850955178508,0.8964548096258151,0.001586546126756523,0.1556454303510798,0.03326682113939994,1.25,1.25
S3,3,RFOTO-ABC,0.2961990872740898,0.5994236204234347,1.1366007452463296,0.07614106967825916,0.89,0.11,0.07024918896346924,0.9982434270562911,0.0017565729437088685,1.0099190260246946,0.9851120157994133,0.7929856496872351,0.3146223577246927,0.12293488560555182,0.75,0.5117784000467509,280,1,0.6884414932694122,0.6432775640055455,0.0017565729437088685,0.10005026854830051,0.01488798420058668,1.25,1.25
S3,4,RFOTO-ABC,0.29809331229695357,0.7292011852229424,1.6570651894570885,0.08894247656538695,0.8,0.2,0.08311191343628196,0.998467355898915,0.0015326441010851467,1.0147135345070921,0.9830354002935087,0.6182546432751109,0.3235932275063516,0.1313672865608996,0.73,0.5461594999069348,280,1,0.6584905014913885,0.7138326011792757,0.0015326441010851467,0.09417831188409742,0.016964599706491335,1.25,1.25
S3,5,RFOTO-ABC,0.3344535384992643,0.6192311344375967,1.4503688608278495,0.07983919106962561,0.81,0.19,0.10212000951002594,0.9987147296697795,0.001285270330220456,1.0282295094280354,0.9777909552963934,0.5247024966034766,0.45710898461521765,0.15070995192661826,0.69,0.59469940001145,280,1,0.7419979051179141,0.715711933512455,0.001285270330220456,0.15203544568532995,0.02220904470360663,1.25,1.25
S3,6,RFOTO-ABC,0.2966467385833281,0.7611207917504312,2.013047229885115,0.0963241311990865,0.8,0.2,0.08843622719859132,0.9990916620408418,0.0009083379591582407,1.014860710629044,0.9818830789420254,0.6059207675897262,0.44687135909747,0.13583519423053916,0.71,0.5271584999281913,280,1,0.690404635579419,0.6439252828847919,0.0009083379591582407,0.09823032602090706,0.018116921057974578,1.25,1.25
S3,7,RFOTO-ABC,0.2642398460334882,0.7605671021337862,1.6332603395274106,0.07876749119415892,0.85,0.15,0.08220989571350996,0.9990284859576165,0.000971514042383338,1.012457613865743,0.9834081977994246,0.7400401158198537,0.2959343269603696,0.12989124175730046,0.8,0.600841399980709,280,1,0.6361827371008265,0.5634081093798504,0.000971514042383338,0.07199948885096422,0.016591802200575434,1.25,1.25
S3,0,RFOTO-ABC,0.3374286334442521,0.7966819375696612,1.5594969330071977,0.1185407031869202,0.72,0.28,0.12617838512724963,0.9985162191908684,0.001483780809131615,1.0147475897643943,0.9761595813139455,0.6415332662284401,0.31111056854480124,0.1562775263787757,0.83,0.5420267999870703,280,1,0.6944539626666775,0.8665842293476813,0.001483780809131615,0.11981875764278437,0.023840418686054465,1.25,1.5
S3,1,RFOTO-ABC,0.3137075811243993,0.618584228445526,1.2791828981739957,0.08550320210876373,0.85,0.15,0.09163467246307125,0.9994758370487936,0.0005241629512062829,1.0083645245621695,0.980153812401529,0.5867786112113748,0.33041936331128824,0.1422955862888926,0.74,0.5294148999964818,280,1,0.6776627032827945,0.7513384244727441,0.0005241629512062829,0.11403752361110867,0.01984618759847101,1.25,1.5
S3,2,RFOTO-ABC,0.35133002551252496,0.7495270411180219,2.051147118877503,0.10042525025314103,0.78,0.22,0.13711630083907603,0.9973218602908044,0.002678139709195766,1.0238550909691215,0.9705268086353637,0.5370454233046832,0.2960964668047695,0.1742648568216943,0.7,0.5872372000012547,280,1,0.6971176048425376,0.9310347416517011,0.002678139709195766,0.12975522563040337,0.02947319136463633,1.25,1.5
S3,3,RFOTO-ABC,0.28907556313600746,0.5664872209747276,1.0349793268967704,0.07617710176493991,0.91,0.09,0.0677174683168928,0.9982860277905811,0.001713972209418978,1.0100481217648924,0.9854005013628144,0.7929856496872351,0.3146223577246927,0.12172017875883465,0.77,0.5433970999438316,280,1,0.6581829547581082,0.6492173823733105,0.001713972209418978,0.09845799141208891,0.01459949863718557,1.25,1.5
S3,4,RFOTO-ABC,0.288184665693664,0.6880041678072053,1.577434555727966,0.08902043703084594,0.86,0.14,0.07234355102596617,0.9982674311474773,0.0017325688525226147,1.0151298522668488,0.9847448237706078,0.6465848983057546,0.3235932275063516,0.12446486178721147,0.76,0.5056894000153989,280,1,0.620055526438823,0.7238333241027994,0.0017325688525226147,0.08784398105449989,0.015255176229392209,1.25,1.5
S3,5,RFOTO-ABC,0.3551354769850963,0.6033408848335509,1.697886713436181,0.08256970334083608,0.8,0.2,0.11558142831665241,0.9983250002218506,0.0016749997781495651,1.033014503170543,0.9749724754473907,0.5053900156361367,0.3994447916842757,0.1602185401971771,0.67,0.5864823000738397,280,1,0.7705195743901745,0.7397434554515472,0.0016749997781495651,0.1898197457251972,0.02502752455260926,1.25,1.5
S3,6,RFOTO-ABC,0.2894114390175887,0.71816047201085,1.46373622293707,0.09225281571556625,0.81,0.19,0.08544009910737121,0.9990917976458319,0.000908202354168125,1.0146308956746888,0.9823074453893116,0.6059207675897262,0.44687135909747,0.13420588320937166,0.73,0.5176683999598026,280,1,0.6674920374888024,0.6315280763686721,0.000908202354168125,0.09989477811060166,0.017692554610688416,1.25,1.5
S3,7,RFOTO-ABC,0.2595374720641577,0.7262069862862438,1.505390453501288,0.07849804982044337,0.86,0.14,0.09955103370464777,0.9989431237418686,0.0010568762581315062,1.0106621679797778,0.9795773826954347,0.7094387719597286,0.2959343269603696,0.14438973689267778,0.8,0.6157131999498233,280,1,0.610008106123316,0.5530923182184699,0.0010568762581315062,0.08318731981298862,0.020422617304565294,1.25,1.5
S3,0,RFOTO-ABC,0.4437150992083258,1.223410140481401,2.3436216918815562,0.11787759658414881,0.43,0.57,0.3650385126941049,0.9984510629915426,0.0015489370084573128,1.0209620950058138,0.9361384204377744,0.473756990338872,0.31111056854480124,0.26118593923553685,0.68,0.5612428999738768,280,1,1.0121772504573423,0.7696436863032219,0.0015489370084573128,0.2613408372499267,0.0638615795622256,1.5,0.5
S3,1,RFOTO-ABC,0.3863481270567966,0.9069911909739937,1.7395914976521423,0.09804351828556519,0.56,0.44,0.14349620762840978,0.9982972230122682,0.0017027769877318356,1.0134798195376205,0.9746216507452505,0.5439311461605594,0.33041936331128824,0.16136660334858388,0.63,0.5376513000810519,280,1,0.9294364002771652,0.7245429223515727,0.0017027769877318356,0.16464112339604242,0.025378349254749466,1.5,0.5
S3,2,RFOTO-ABC,0.41769165871134406,1.0400887410408572,2.250186579247732,0.08874975313064383,0.54,0.46,0.2435814780117594,0.9969006166232517,0.0030993833767483017,1.025159119158158,0.9535890647044132,0.4616436596754175,0.2960964668047695,0.22061220187802333,0.6,0.5823447000002488,280,1,0.9444330146751863,0.8091065622368896,0.0030993833767483017,0.21054361494930535,0.04641093529558682,1.5,0.5
S3,3,RFOTO-ABC,0.3624772710605876,0.8611434137317537,1.8337328007773823,0.0857728324559739,0.58,0.42,0.1386651109901687,0.9979493935342408,0.0020506064657591417,1.0178021457030328,0.9764625215777097,0.6628913862190849,0.3146223577246927,0.15525735315280503,0.66,0.527195900096558,280,1,0.9053922718101066,0.6375534259177882,0.0020506064657591417,0.14622178465558955,0.02353747842229026,1.5,0.5
S3,4,RFOTO-ABC,0.37351205554931655,1.0369427181654374,2.2797864535217296,0.08716424534525487,0.51,0.49,0.20511398056016236,0.9989925047748224,0.001007495225177565,1.0161904883461734,0.96654590461701,0.5995105999450246,0.3235932275063516,0.18604302950583532,0.65,0.555313799995929,280,1,0.9005397296078878,0.6591874097464809,0.001007495225177565,0.17711759333155372,0.033454095382990046,1.5,0.5
S3,5,RFOTO-ABC,0.40979761346734217,0.8238561608521607,1.9161215245646093,0.08112447617511512,0.59,0.41,0.15659293818787948,0.9979009505401158,0.002099049459884239,1.0386601739301,0.9695637891457015,0.4874285917288203,0.3994447916842757,0.1771768998767627,0.56,0.6079969999846071,280,1,0.9665991972139846,0.7143228184914234,0.002099049459884239,0.22405659948004353,0.030436210854298484,1.5,0.5
S3,6,RFOTO-ABC,0.36266341099851057,1.026469817065911,2.146863180035174,0.10244982604274451,0.57,0.43,0.17144244387358262,0.9991730930984474,0.0008269069015525576,1.0180455715686865,0.9693051689408881,0.591868411257978,0.44687135909747,0.17795178937824255,0.61,0.5610435999697074,280,1,0.896779780697757,0.6362687182896125,0.0008269069015525576,0.15303420816580846,0.03069483105911186,1.5,0.5
S3,7,RFOTO-ABC,0.3812980890827905,1.151225071969068,2.552891428710463,0.08472711820522184,0.5,0.5,0.26611070299147827,0.9997755041434874,0.00022449585651244665,1.0121405675282051,0.9549402246898572,0.5019733559157928,0.20470903351937272,0.2172233050512152,0.65,0.6373600999359041,280,1,0.9452674724150185,0.5616664155225394,0.00022449585651244665,0.21570957273132435,0.045059775310142824,1.5,0.5
S3,0,RFOTO-ABC,0.38005618339208885,1.0185879567675944,2.0170838722954407,0.10792364324949753,0.48,0.52,0.22789077288135962,0.9984794353135591,0.0015205646864407596,1.0170744601184818,0.9602033163056011,0.49770025837511134,0.31111056854480124,0.20358315517008704,0.79,0.5654470999725163,280,1,0.857113847095144,0.7640016184302287,0.0015205646864407596,0.17961545344928226,0.03979668369439893,1.5,0.75
S3,1,RFOTO-ABC,0.3680338622864919,0.7803681831418122,1.8168448746164,0.08822590808487572,0.78,0.22,0.12149997099517916,0.9985479411896298,0.0014520588103701204,1.0159703680729872,0.9741171745080606,0.5251805669202321,0.33041936331128824,0.16300474319841568,0.68,0.5823639999143779,280,1,0.862971369147593,0.6893542725549066,0.0014520588103701204,0.17886017412197106,0.025882825491939432,1.5,0.75
S3,2,RFOTO-ABC,0.3820960316164947,0.9063999254127332,2.250186579247732,0.09750457500204876,0.65,0.35,0.18159618328003002,0.9969295605100528,0.0030704394899472953,1.0242183432241498,0.9630773367729826,0.4772018897369082,0.2960964668047695,0.1958014609800465,0.66,0.584819299983792,280,1,0.8212148414068922,0.8742630904816094,0.0030704394899472953,0.1580014812419528,0.03692266322701743,1.5,0.75
S3,3,RFOTO-ABC,0.3171076894604281,0.7167115602710818,1.456866630092908,0.07149365131697799,0.79,0.21,0.08459205889285255,0.9981193930461869,0.0018806069538131742,1.0115432807185392,0.9831469416971214,0.7143607507876185,0.3146223577246927,0.1309272799304139,0.72,0.5326370000839233,280,1,0.7847238663935184,0.6050327157392569,0.0018806069538131742,0.10907094145986233,0.016853058302878643,1.5,0.75
S3,4,RFOTO-ABC,0.32500495333110124,0.8714756953948662,2.0065353914790873,0.08131504204767853,0.68,0.32,0.1192963920212352,0.9986185761801584,0.001381423819841645,1.014123253166794,0.9773129575022997,0.5995105999450246,0.3235932275063516,0.1523604034077719,0.71,0.49848859990015626,280,1,0.7740830171324374,0.6438440157738212,0.001381423819841645,0.12491302217318112,0.02268704249770026,1.5,0.75
S3,5,RFOTO-ABC,0.3582917525845115,0.7333828935077509,1.5894796211350766,0.07666005844962334,0.71,0.29,0.11750604982741841,0.9980690418156977,0.0019309581843023349,1.035793811018875,0.9763300604562104,0.5611326234124258,0.45710898461521765,0.15570416999282619,0.63,0.6308596999151632,280,1,0.8561692637681639,0.6635049154367927,0.0019309581843023349,0.16314806703409077,0.023669939543789598,1.5,0.75
S3,6,RFOTO-ABC,0.3189955262433546,0.8665950695374525,1.754983163458059,0.09178015763790935,0.71,0.29,0.10455581410566069,0.9986242260983326,0.001375773901667322,1.0163477230372318,0.9800115757011792,0.5994901647641362,0.44687135909747,0.1428149516251539,0.67,0.5173063999973238,280,1,0.7784374858681414,0.6267805006008109,0.001375773901667322,0.10838264504416419,0.01998842429882075,1.5,0.75
S3,7,RFOTO-ABC,0.32515550416394623,0.9738730480196724,2.02812659272198,0.0806199398108546,0.7,0.3,0.17611454851738068,0.9992757700179964,0.0007242299820037068,1.0133946454056557,0.9678053707025545,0.5868794596588224,0.20470903351937272,0.18238860451299024,0.71,0.6179773000767455,280,1,0.8039564683208713,0.5318697486401637,0.0007242299820037068,0.15764753758674524,0.03219462929744554,1.5,0.75
S3,0,RFOTO-ABC,0.3459010459737939,0.8930526580278478,1.7410035292552792,0.10698660121230608,0.63,0.37,0.15728582069488092,0.9987854119421685,0.0012145880578315093,1.0170665872106588,0.9705169534923718,0.5958289744677611,0.31111056854480124,0.17429487435875113,0.81,0.5603207000531256,280,1,0.7656552232160757,0.7688294772602792,0.0012145880578315093,0.13798977597209025,0.02948304650762823,1.5,1.0
S3,1,RFOTO-ABC,0.3198610302307087,0.6923589731983446,1.4296401240237904,0.08250080412852866,0.83,0.17,0.09555000346210273,0.9992591113462074,0.0007408886537928195,1.0129168192163787,0.9797696013973803,0.5867786112113748,0.33041936331128824,0.14369453109121985,0.71,0.5479661000426859,280,1,0.7328085357407135,0.6954853930485819,0.0007408886537928195,0.11661339926836622,0.02023039860261966,1.5,1.0
S3,2,RFOTO-ABC,0.36431100407604605,0.825311705575144,2.2436926765978074,0.09252331841006606,0.75,0.25,0.1513482006906329,0.9983717061358136,0.0016282938641863987,1.016443935636721,0.9671107804216683,0.5143025752007631,0.2960964668047695,0.1844117851573688,0.68,0.586716299992986,280,1,0.7700275088942337,0.8514437216670281,0.0016282938641863987,0.1553141075713853,0.032889219578331685,1.5,1.0
S3,3,RFOTO-ABC,0.29485152931631053,0.6337441616075536,1.2890696950933527,0.07229199612878426,0.87,0.13,0.06538861092133856,0.9984154533941514,0.0015845466058486092,1.01214637111303,0.9866011924120879,0.7929856496872351,0.3146223577246927,0.11653657692952042,0.77,0.5209517000475898,280,1,0.7112925186519884,0.6030222925827032,0.0015845466058486092,0.09699330122620572,0.01339880758791212,1.5,1.0
S3,4,RFOTO-ABC,0.3022814844008057,0.7750003293433789,1.9688383962823333,0.08082297312046798,0.79,0.21,0.09275910181957209,0.9986328870732251,0.0013671129267749272,1.014301843414871,0.9810330422939303,0.6182546432751109,0.3235932275063516,0.1390455263106279,0.73,0.5467233000090346,280,1,0.7004504018238261,0.6455913476845105,0.0013671129267749272,0.10884686220362877,0.01896695770606971,1.5,1.0
S3,5,RFOTO-ABC,0.3536035633545502,0.6445763198273552,1.697886713436181,0.07603356819560086,0.82,0.18,0.11077458244866652,0.9976171741632953,0.0023828258367047696,1.0402529723540315,0.9755597463655025,0.5053900156361367,0.3994447916842757,0.1582799550421862,0.69,0.5617513000033796,280,1,0.7998373746954862,0.685479851716711,0.0023828258367047696,0.18671855484262564,0.024440253634497533,1.5,1.0
S3,6,RFOTO-ABC,0.2863093107487081,0.777458087892247,1.4393987711140634,0.0888067928283231,0.81,0.19,0.07935425323981993,0.9987124253734693,0.0012875746265307454,1.015143245660784,0.9835880751253963,0.6059207675897262,0.44687135909747,0.12917341245898525,0.72,0.526546600041911,280,1,0.692735018660126,0.5933928364423281,0.0012875746265307454,0.08558930784332275,0.016411924874603745,1.5,1.0
S3,7,RFOTO-ABC,0.2686030584023055,0.8103406447671294,1.7449412895344183,0.07310954672749605,0.84,0.16,0.10162188703674806,0.9988193899309488,0.001180610069051158,1.0136270550534203,0.9795092406809041,0.7322975260660914,0.2959343269603696,0.14463545207310952,0.79,0.6144510000012815,280,1,0.6707693551269497,0.5098009676912976,0.001180610069051158,0.08452335422079524,0.02049075931909594,1.5,1.0
S3,0,RFOTO-ABC,0.3261400736244668,0.8111919296742791,1.5523629979059268,0.10570962116729199,0.71,0.29,0.12838736189586586,0.9983776247360261,0.0016223752639740797,1.0163757092031953,0.9754112594077439,0.6357516650067191,0.31111056854480124,0.15877212609230879,0.84,0.5636687999358401,280,1,0.7054201070052745,0.7699766607738538,0.0016223752639740797,0.12110304646174727,0.02458874059225613,1.5,1.25
S3,1,RFOTO-ABC,0.3136270577658,0.6512880245896381,1.43081440709876,0.07927222900786911,0.85,0.15,0.09848924291034261,0.9992483577251282,0.0007516422748715923,1.0117671958461008,0.9784729712343515,0.5439311461605594,0.33041936331128824,0.14832611743606147,0.74,0.583127100020647,280,1,0.7220518117233362,0.6398460167896496,0.0007516422748715923,0.13503127818678767,0.021527028765648493,1.5,1.25
S3,2,RFOTO-ABC,0.33933113290984834,0.7436468343666963,1.809089062422198,0.08831282156663776,0.8,0.2,0.119358370669923,0.9970361129034405,0.002963887096559471,1.0223682250734616,0.9743722193763846,0.5675789802340514,0.2960964668047695,0.1621784152323913,0.73,0.5653150000143796,280,1,0.697101014002166,0.8762401901998612,0.002963887096559471,0.1167316254658938,0.02562778062361537,1.5,1.25
S3,3,RFOTO-ABC,0.28220863511054856,0.5715568324156955,1.0627391510411992,0.0712582427657514,0.9,0.1,0.06299706666929461,0.9983512222857641,0.001648777714235915,1.0118522416704911,0.9868702558627727,0.7929856496872351,0.3146223577246927,0.11534482160490288,0.78,0.530297200079076,280,1,0.6646154532993611,0.5984793212633182,0.001648777714235915,0.09593462573111708,0.01312974413722734,1.5,1.25
S3,4,RFOTO-ABC,0.29127518726049717,0.7136904478843897,1.9688383962823333,0.0852155403751747,0.85,0.15,0.08411677306547877,0.999090898298849,0.0009091017011510716,1.0145754763833572,0.981747318691958,0.6182546432751109,0.3235932275063516,0.13635261571600632,0.74,0.5200560000957921,280,1,0.6574288702900839,0.6500837053544237,0.0009091017011510716,0.10594276539350451,0.01825268130804203,1.5,1.25
S3,5,RFOTO-ABC,0.3284932392381633,0.5940317513184085,1.43630974604112,0.07716536815951504,0.8,0.2,0.10234224001913668,0.9981727853421779,0.0018272146578220338,1.0358717367758328,0.9780331552097018,0.5247024966034766,0.45710898461521765,0.14986735824831485,0.68,0.6214448999380693,280,1,0.7260028874161842,0.7019156178811593,0.0018272146578220338,0.1521788202073369,0.0219668447902982,1.5,1.25
S3,6,RFOTO-ABC,0.2727533041454276,0.7132627509596907,1.3570012667891806,0.086120898836885,0.84,0.16,0.06475711815055227,0.9988891484315535,0.0011108515684464715,1.0162209498254178,0.9864496343411692,0.7260818793374361,0.44687135909747,0.11720281677600244,0.74,0.5418932000175118,280,1,0.6467838281233915,0.5976274626095299,0.0011108515684464715,0.07663401024254506,0.013550365658830832,1.5,1.25
S3,7,RFOTO-ABC,0.2512413002777904,0.739357306863981,1.5249810144195122,0.07010831864616289,0.88,0.12,0.09401111857349286,0.9988413971267102,0.0011586028732898613,1.0135914306022322,0.980493462970109,0.7927442842575747,0.2959343269603696,0.14104826130042822,0.81,0.6069522000616416,280,1,0.6180709259487475,0.49108381604525425,0.0011586028732898613,0.07961318101869512,0.019506537029891025,1.5,1.25
S3,0,RFOTO-ABC,0.31151664237840865,0.752235779715892,1.5317330761783585,0.10128954782327698,0.77,0.23,0.11674246447127624,0.9982710183867447,0.0017289816132554925,1.0180780938193128,0.9758512145506552,0.5989806125935577,0.31111056854480124,0.15730982322238804,0.84,0.5642203000606969,280,1,0.6639760835701993,0.7531421202030322,0.0017289816132554925,0.11433275726140447,0.024148785449344845,1.5,1.5
S3,1,RFOTO-ABC,0.30645406160374805,0.6123965589465669,1.43081440709876,0.07954256879471222,0.86,0.14,0.09533447444589566,0.9992327579447102,0.0007672420552896486,1.0121641758263389,0.9789257324295275,0.5439311461605594,0.33041936331128824,0.14672407239820218,0.75,0.5627991000656039,280,1,0.6924140294683885,0.6453134835700267,0.0007672420552896486,0.13295577261807257,0.021074267570472482,1.5,1.5
S3,2,RFOTO-ABC,0.34292543922766894,0.7003391357468218,1.8063848110537375,0.08787032338900219,0.81,0.19,0.10274783727841015,0.9967103376231138,0.0032896623768862,1.0231646848019567,0.9782632497417136,0.604584851690975,0.2960964668047695,0.14906285617402926,0.75,0.6138127000303939,280,1,0.6781305092834763,0.9261451308852502,0.0032896623768862,0.12221038903956842,0.021736750258286364,1.5,1.5
S3,3,RFOTO-ABC,0.27269671904511794,0.5322950536896932,1.0311804568243947,0.07022106190664179,0.92,0.08,0.057397969174365515,0.9984482906094858,0.0015517093905142976,1.011054593387693,0.9878991522503691,0.833210957763951,0.3146223577246927,0.11067552531528098,0.78,0.5246458000037819,280,1,0.6307258524118831,0.5993190120455764,0.0015517093905142976,0.09196774037905288,0.012100847749630939,1.5,1.5
S3,4,RFOTO-ABC,0.2792005520139728,0.6678200550053357,1.9688383962823333,0.08040051423711154,0.9,0.1,0.08238949422226466,0.998675685837961,0.0013243141620390242,1.0136515502469952,0.9816971817841113,0.6182546432751109,0.3235932275063516,0.13654324224216643,0.78,0.5164817000040784,280,1,0.6144157177671861,0.6470553157664689,0.0013243141620390242,0.10211215856965944,0.01830281821588875,1.5,1.5
S3,5,RFOTO-ABC,0.33868064512194973,0.5810119083913587,1.697886713436181,0.07555572700897911,0.82,0.18,0.11128117599275728,0.997892696620022,0.002107303379977874,1.0340246651631049,0.9755000213608794,0.5053900156361367,0.3994447916842757,0.15847808374280548,0.69,0.5722455999348313,280,1,0.7454262243303753,0.6764418948046145,0.002107303379977874,0.1870453893872003,0.024499978639120568,1.5,1.5
S3,6,RFOTO-ABC,0.26899630888042175,0.6863146477305804,1.7877008184777021,0.08458338100198441,0.84,0.16,0.06962140588538293,0.9989897140295543,0.001010285970445869,1.0156951676877604,0.9852490571156904,0.7163467354889234,0.44687135909747,0.12235926984500045,0.76,0.5516558000817895,280,1,0.6291528124652747,0.5841435628167342,0.001010285970445869,0.08668749085942952,0.01475094288430956,1.5,1.5
S3,7,RFOTO-ABC,0.2711758793309784,0.7485085213191617,1.571294199451763,0.07212082067503087,0.89,0.11,0.13371720507491344,0.9997831438903054,0.00021685610969463532,1.0100021152503458,0.9738914736175962,0.6782889460913288,0.20470903351937272,0.16373287896485852,0.79,0.6049508000724018,280,1,0.6354498341367577,0.5052011161413407,0.00021685610969463532,0.1302944127851535,0.026108526382403796,1.5,1.5
